app_id,user_name,date,rating,review_text,dev_response_title,dev_response_date,dev_response_text
pabloweb.net.SelfControl,  PitchBite,2018-12-03,5,"Only Safari, not for Chrome, etc.. This is a good app. Works well. Would be even better if it could work for Chrome and other leading browser apps!",NA,NA,NA
com.imobiapp.screentimer,  Cloudy456667,2017-01-01,1,Doesn't work. Doesn't work on ipad as far as i can see - get a free one instead,NA,NA,NA
com.getcluster.Compose,  oliedis,2014-12-18,1,"Pointless. So many of these apps already exist, and and have things such as default To: addresses so you don’t even need to set the To: field. If you are interested in an app like this check out Quick-E-mail it’s much better.",NA,NA,NA
club.donutdog.ios,  Burger friends,2018-03-28,3,Okay. It is badly designed because you can leave the app open and play a game without it stopping.,"  Developer Response
",17/04/2018,"      

          Thank you for your feedback. You need to turn on the ""Auto Detect"" feature in the settings view. In version 1.2, it's turned on by default for all new users.


  



"
club.donutdog.ios,  Ducky4211,2018-06-07,1,"App crashes. Hi there, I’m running on the latest iOS but the app crashes everytime I open it. Could you please fix this?",NA,NA,NA
com.getfeedless.feedless,  BadPigeon,2018-03-17,4,Great on iPhone!. Really love the idea of this app. Great on iPhone but doesn't seem to work on iPad.,NA,NA,NA
com.riko.suyasaso,  ...Ari,2018-12-03,3,"Can no longer listen to music. Really helpful. However, I can no longer listen to my music, use this app and lock my screen. I used to be able to do this but now my screen has to be awake the whole time if I want to listen to my music",NA,NA,NA
com.riko.suyasaso,  Ldnfbro,2018-06-01,5,"Love this app... I really like this app, it helps so much with revising time and even rewards you and it’s good.",NA,NA,NA
com.bellostudios.hooked,  unicornsbusted,2018-09-29,5,Amazing. This is an amazing app that helps children learn and give up there technical goods for a little time off It is fun to play because you create your own gardena and its good to do because then you dont have to get your eyes checked Thanks for this app xx,NA,NA,NA
com.bellostudios.hooked,  Ree.84,2018-08-05,5,"Useful. Easy to use, and helps me control the amount of time I spend using my phone. It is sometimes really scary when you realise how much time you are wasting on social medica accounts and games! And this helps you monitor this",NA,NA,NA
com.bellostudios.hooked,  AlexBeeching,2016-02-29,4,It's an alright app. If you're curious how long you spend on your apple device then this is the app for you. It's easy to navigate and find out what you want to know- annoyingly however you can't see how much time you spend on individual apps.,NA,NA,NA
com.jordan-carney.Liberate,  annaxxxvxk,2019-02-22,3,Suggestions. Wish there was a way to set a password to make changes to blocked sites,NA,NA,NA
com.jordan-carney.Liberate,  Whisky Kid,2019-01-25,5,Does the job.. Thanks,NA,NA,NA
com.jordan-carney.Liberate,  niyangirl,2018-11-25,1,😞. I thought the app would be linked to the apps on my phone I intended to block. So disappointed,NA,NA,NA
org.aliyilmaz.notelr,  Saito Ikuko,2014-08-12,1,Forget it.... Worthless! Absolutely worthless. Shall I say more? Do not bother with this App. You will be better off with something else altogether...,NA,NA,NA
ca.genoe.Refrain,  Jcbake0192837465,2018-06-30,1,"App doesn’t work, don’t waste your money. Downloaded the app and bought the in app purchase of scheduled content blocking.Set up as per instructions (enable in Settings>Safari>Content Blocker). Still able to access websites as if nothing is different. App doesn’t work.Please fix this issue.",NA,NA,NA
ca.genoe.Refrain,  The Fail Quail,2017-04-22,1,Doesn't work. Won't let me add a website to distracting site list. Design looks clean and otherwise would be good.,NA,NA,NA
vn.wehelp.SelfControlLite,  a.elmes06,2019-01-13,1,"Don’t recommend it. It doesn’t work, there’s nothing to the app and what even are the passwords??? No one is going to remember the passwords because they’re REALLY hard and pointless. You get onto the app and there’s pretty much nothing there. It doesn’t make any sense when you set the timer and the app doesn’t explain how to use it. It’s not a good app: I had it all of five minutes and hated it straight away. Really don’t recommend it.",NA,NA,NA
vn.wehelp.SelfControlLite,  slsllskdek,2018-10-15,1,Rubbish. Didn’t even work,NA,NA,NA
vn.wehelp.SelfControlLite,  1dasher7,2016-03-30,1,Awful. Don't download or buy the real version waste of money and confusing,NA,NA,NA
com.yeowjin.simpletext,  Tuntle,2018-10-25,4,"Refreshingly Simple. Works as advertised and is a pleasure to use. I would feel safer with iCloud, however, and a sync between pad and phone, too. If so, would happily give five stars but until then four.","  Developer Response
",29/10/2018,"      

          Thanks for the feedback! iCloud is one of the most requested feature and is definitely in the plan. Do stay tuned for future updates 😊


  



"
com.usedopamine.app.space,  Roojha,2017-07-24,5,I feel more present now I have this app. I want to live more in the present and this app helps me to rethink my phone useage without any effort. Since I downloaded the app I have used FB so much less and feel a lot more connected to reality,NA,NA,NA
com.erichuju.pomodoro,  freysky,2018-05-10,4,A necessity!. This app is just what I needed to stop me from getting distracted without having to turn off my phone! Only have one issue in that I won’t have come off the app but in my statistics the tasks will all appear as disrupted but I won’t have used my phone at all - otherwise it works great!,NA,NA,NA
com.erichuju.pomodoro,  Amazeballs gal,2018-04-13,5,5 star. Really helps with keeping on task and not procrastinating.,NA,NA,NA
com.bluecocoa.time2,  Bat nut,2018-04-15,5,"Love this app!. I’ve tried every time management tool and this one is the only thing that works. I would gladly pay for it if it had a few more features such as customisable colours/themes, a way to set tasks for the week and syncing with a desktop/browser and iPad version. However even in it’s current form it’s brilliant.",NA,NA,NA
com.bluecocoa.time2,  Max Beech,2019-01-27,4,"Great app, but.... Fantastic app, however one really frustrating thing is that if repeating to-dos have been only partially completed, they don't reset the following day.This is super frustrating and really needs to be fixed.Otherwise brilliant app.",NA,NA,NA
com.bluecocoa.time2,  connberry9,2019-03-16,2,Slow when you add calendar events. Lag when calendar events enabled,NA,NA,NA
ca.genoe.Refrain,The Fail Quail,NA,1,Doesn't work. Won't let me add a website to distracting site list. Design looks clean and otherwise would be good.,NA,NA,NA
club.donutdog.ios,Burger friends,NA,3,Okay. It is badly designed because you can leave the app open and play a game without it stopping.,NA,NA,NA
com.appfinca.flora.ios,miss.mariam123,NA,2,facebook?. i can’t use the app because it’s only with facebook. when are they going to add more stuff like google and phone numbers etc. no hate i like the idea of the app it’s just that.,NA,NA,NA
com.appfinca.flora.ios,marlabroadway,NA,1,"Flora hours deleted. I really love this app, and have been using it since November and recently achieved the 120 hours badge which I was really proud of. However a few days ago all of my hours and minutes disappeared, and now it’s not adding any hours even if I have just done them??!! I have restarted my phone, logged in and out of the app and emailed support but nothing. I am really hoping that they can be restored and that no one else’s commitment has been erased.",NA,NA,NA
com.appfinca.flora.ios,little alethea,NA,1,won’t let me log in. just downloaded this as I thought it would be helpful but it won’t let me log in it just keeps saying there is an error :(,NA,NA,NA
com.appfinca.flora.ios,beauthebest dog,NA,3,The login. I think the idea of the app is good but I'm only 13 and not allowed Facebook you need Facebook to log in I'm in first year of brittidh high school and thought this would be great to help with my studies because I always go on my phone so the login is the part that ruined the app for my if you have had any similar experiences then please reply to this comment because I just don't like this section of the app Sienna w (13),NA,NA,NA
com.appfinca.flora.ios,Diddy Dude123456,NA,5,"Revision must have ♥️. I’m currently in the second year of my A levels, I’ve been revising for my a level exams since the start of February and by only having this app for a few days I can massively tell the difference in the quality of my revision. When I’m about to stop my revision for the day, I think of how many more new seeds I can discover before I go to bed and it ends up squeezing an extra 2 hours of revision out of me - which adds up massively!Definitely recommend for every student 👩‍🎓👨‍🎓",NA,NA,NA
com.appfinca.flora.ios,🎹🎵📖🎸,NA,5,I like it. Well I am really good at wasting time and easily distracted! With using this app it makes me really concentrated on my essay with the money spending warning! And I really like this idea of planting the real tree!,NA,NA,NA
com.appfinca.flora.ios,EllenGC3,NA,5,Great app for A-Levels. Amazing for a master procrastinator! Can’t ever seem to put my phone down and my exams are in 7 weeks. Logging into Facebook also really helps to encourage me - seem to have formed a competition with pupils I know from other schools! Just wondering what the difference is between Flora and Forest? Can you upgrade or are they different and if so how?,NA,NA,NA
com.appfinca.flora.ios,âleena,NA,1,"Doesn’t work. After logging in it just says “there was an issue try again later” it hasn’t been working for the past 3 days. I’ve even tried deleting it and downloading it again, it doesn’t get past the logging in stage",NA,NA,NA
com.appfinca.flora.ios,Tfeh123,NA,1,Fallen from grace. Was a great app then started insisting on fb login which when done just results in not being able to log into an app I pay a subscription for despite having a valid fb account. V disappointed 😤,NA,NA,NA
com.appfinca.flora.ios,Spring stars,NA,4,Pls change!!. I’m only give this 4 stars bc when I opened the app it said log in with face book but I don’t have Facebook bc I’m too young but pls can you change it so u can add ur email adress as well and Facebook tysm!!,NA,NA,NA
com.appfinca.flora.ios,Heathabi92,NA,5,"Such a great idea. I’ve always thought I needed some kind of penalty if I broke a ‘phone free’ hour whilst studying. This is fab. You have the option to put money down on it, and then if you do pick up your phone the money goes towards planting a tree. I’ve also joined the premium planters and this means for every 24 hours work I do, a tree is planted. Decent ! Thanks Flora",NA,NA,NA
com.appfinca.flora.ios,OliviaGeorgina,NA,3,"Good app but has bugs.. App is good in the sense that it does what it aims to, you can set a time you want to focus for & the app works doing that but any other section of the app seems to have bugs in it.The ‘weekly stats’ appear incorrectly in the app. They are a day behind so your ‘focus time’ for that day display as yesterday’s activity which doesn’t make any sense.The notifications the app sends also don’t correspond correctly with the focus time. I’ve had two hours of focus time today but the notification I received says zero hours, as it does everyday...Overall a good app but you cannot track your activity with ease as all of the tracking sections of the app seem to not work properly.",NA,NA,NA
com.appfinca.flora.ios,boraalper4,NA,2,"Bad Interface, Annoyingly Frequent Notifications. The interface is quite bad, and the app offers barely any more benefit than using your built-in countdown timer. On top of that, notifications are far too frequent.",NA,NA,NA
com.appfinca.flora.ios,elizeu drummond,NA,1,Facebook users only. Only works if you have a Facebook account (and if you are willing to link the app to your Facebook). Huge privacy issues. Non starter for me.,NA,NA,NA
com.appfinca.flora.ios,sconesaresuperior,NA,4,"Optimise for the iPad. This is a great app which has a nice neat design and has really helped me stop procrastinating. However, please optimise this for the iPad, it’s the worst trying to use it when it is not optimised",NA,NA,NA
com.appfinca.flora.ios,云会记载时光,NA,4,"Really good but. It’s a beautiful app, but isn’t it encourage us to break the time? I mean it helps us to find a excuse to play with the phone because it means we plant a tree in the world ? ...",NA,NA,NA
com.appfinca.flora.ios,Raghdahabak,NA,5,Perfection in an app. This is my first review in my entire life for a product/service. This is app is just perfect. The idea itself is geniussss. Also with you could actually plant an actual tree is a win win win situation you focused you helped other. One of the absolute best things is giving you really simple statistics to track your progress and linking that to habits and tags. Today my first time to focus with my wife so Guys just thank you. Only development point which nothing is if you guys could make the plant 3D view but really I do not care. Thank you guys. Your a genius,NA,NA,NA
com.appfinca.flora.ios,Buyjjjbvjhhshjwhjff,NA,5,Yay. Flora is the most amazing girl in the whole world,NA,NA,NA
com.appfinca.flora.ios,ritackyi,NA,3,"Review. To get into the app you need Facebook. However I appreciated the fact that they are trying to add more log in methods, but for now I can’t use the app.",NA,NA,NA
com.appfinca.flora.ios,great app to study with,NA,5,Great app. Would definitely recommend this app to anyone who is willing to study!! Great app,NA,NA,NA
com.appfinca.flora.ios,March of the iconic queen,NA,2,Why. Why do you have to sign in with Facebook?A bit of a nuisance for non-Facebook users,NA,NA,NA
com.appfinca.flora.ios,williamhawkes92,NA,2,"Copy of Forest. This is a good application, but it’s very similar to Forest.",NA,NA,NA
com.appfinca.flora.ios,Missie147,NA,1,Outraged. I got this app because I thought they actually planted trees in the world. I feel betrayed From...outraged,NA,NA,NA
com.appfinca.flora.ios,studymaster,NA,5,Helpful. This has helped me so much. Helps keep me focused while studying for my GCSE’s,NA,NA,NA
com.appfinca.flora.ios,Stee87,NA,1,Waste of time. Requires a Facebook account to use. Waste of time.,NA,NA,NA
com.appfinca.flora.ios,ElectraHeart098,NA,5,Useful. Very good to keep me off my phone during revision.,NA,NA,NA
com.appfinca.flora.ios,RoamDr4az,NA,1,"Do not bother unless you have Facebook. App only allows use if you have a Facebook account. What a terrible business model, given the recent privacy scandals FB is undergoing and its lack of users beyond age 40.Flora should fire whoever is in charge, get someone who knows about tech instead.",NA,NA,NA
com.appfinca.flora.ios,Big_mb,NA,1,Uses Facebook to log you in. I don’t use Facebook. I don’t want to use Facebook. Why should I use Facebook to login to an app.This suggests helping with productivity is secondary to selling your data.How 2007.,NA,NA,NA
com.appfinca.flora.ios,oliviaispricey,NA,1,"Not able to use. Although this app sounds great, as someone who isn’t on Facebook I can’t use it",NA,NA,NA
com.appfinca.flora.ios,Snow 4321,NA,1,👎. I got the app thinking it would be good and then saw that you have to log in with Facebook.I hope that you will change this.,NA,NA,NA
com.appfinca.flora.ios,Love this👆👆,NA,1,Flora. I am very disappointed by this app. I purchased the package in order to plant a real tree every time I plant a fake plant and the app says I have made no purchases and I’m short £1.99.,NA,NA,NA
com.appfinca.flora.ios,Space Ape,NA,1,"Data Harvesting. They require logging in via Facebook. They do give a pathetic explanation for this and then state that they are looking into other ways to log-in but we all know they are lying. And if somehow they do manage after all this time to get around to it you can bet it will be via other online snoopers like Google rather than via email or a phone number (which, let’s be honest here, is just as invasive anyway to your privacy). Why the need for a login at all? There is ZERO need for this. Just let me use the app for myself. Deleted.",NA,NA,NA
com.appfinca.flora.ios,Napirasu,NA,1,Facebook? No Way!!!!. I do not have a Facebook account and do not wish to fall into Facebook trap anymore! And here I find the only way of using this app is via Facebook!!! How ironic! Keeping focus via FB!!!,NA,NA,NA
com.appfinca.flora.ios,Blackpool15x,NA,5,I love this app. I personally love this app I use it for studying and it keeps motivated I would really recommend this app,NA,NA,NA
com.appfinca.flora.ios,ReciewWriter,NA,4,"Nice App! So NEARLY Perfect!. I love using the app: I feel like it’s been a great tool to help with my productivity in school, as well as help me stop some bad habits with my phone. There are many cool features that I like about the app, however the only reason it doesn’t get 5 stars is because it leaves out some minor (yet annoying) features that would be useful to have. This includes:- More than 5 tags- Way to automatically keep posts private- Continue focusing after the timer had complete- Add friends outside of Facebook- Delete Facebook friends that you don’t want to share progress with- Apple Watch App!!!Anyways, the lack of these features don’t stop me from using this great app: definitely recommend!",NA,NA,NA
com.appfinca.flora.ios,Ŵ,NA,3,"Great app, but needs a fix. Downloaded this recently and find it a really great aid for studying alone too, not just with people. I think it has a great design too and features, however the app is always one day behind the actual day - as in on my graph of work done each day, it shows it on the day before I’ve done it. Fix for this?",NA,NA,NA
com.appfinca.flora.ios,bghxoxo,NA,1,"App Issue. I’ve downloaded the app and every time I try to log in on Facebook, it goes back to the loading screen and then the app crashes and shuts down. Deleted and reinstalled and it still has the same problem.",NA,NA,NA
com.appfinca.flora.ios,Niawebbxudjdksjejsm,NA,1,"Crashes.. Crashes every time I try to log on, even after updating😡",NA,NA,NA
com.appfinca.flora.ios,Eve 2903,NA,1,WONT WORK. I link it to my Facebook and the app closes down right away,NA,NA,NA
com.appfinca.flora.ios,mashdnndn,NA,1,"Can’t open it.. I cannot open it, don’t even know what this app looks like, hope you can fix it.",NA,NA,NA
com.appfinca.flora.ios,trixzh,NA,1,Keeps crashing!. Crashes when I try to log in via Facebook,NA,NA,NA
com.appfinca.flora.ios,italo jara,NA,1,Awful app that depends on facebook. I could not even use it as it requires to have a facebook.com account.,NA,NA,NA
com.appfinca.flora.ios,Jdizzzlleeee96,NA,1,Poor coding. App keeps on crashing at log in,NA,NA,NA
com.appfinca.flora.ios,littley1974,NA,1,"Just crashes after trying to log in with Facebook. I would love to use this app, but I’ve just wasted a load of time (when I should be studying!) downloading it and then going through security settings to log in to Facebook, only to find the app crashes when trying to log in. This is a fault that needs looking into.",NA,NA,NA
com.appfinca.flora.ios,Cuing jut,NA,3,"Ummm... Ok so I have added my facebook account waited a couple seconds and then it goes to a little loading screen then it blacks out and shuts the app down so I’m not entirely sure on what to do I’ve added all the necessary requirements such as the friends list, birthday etc but it’s still not working Suggestions?",NA,NA,NA
com.appfinca.flora.ios,OliverPhyth,NA,1,"Crashing. Won’t even let me open it, just keeps crashing",NA,NA,NA
com.appfinca.flora.ios,AJP1999,NA,5,"Good app but some issues. As a general app-blocker it is good and when you do not used the pay function it is arguably a really good product. There are enough options for personalisation of your timeout sessions such as the option to take a break etc etc. One MAJOR issue is that on paid sessions (when you put money down on not leaving the app) the app, when the lock screen is on and so your screen is black, may randomly close. This could be an issue of the phone but it is something that needs addressing as you could lose out on money and a study session (albeit for a good cause) due to technical fault. Either than that, really good and really useful",NA,NA,NA
com.appfinca.flora.ios,taylorgmarie,NA,5,"Helped during exam season until it stopped working. I’m just starting my exam season and Flora has been great for keeping me focused but three days before my first exam, the app has totally stopped and I can’t log in to use it anymore. It’s making my concentration suffer and it’s a real shame because it’s been a great motivational tool.",NA,NA,NA
com.appfinca.flora.ios,Ariana_love1938,NA,1,Terrible app. Doesn’t let me login with Facebook please correct this issue,NA,NA,NA
com.appfinca.flora.ios,Livvy_livvy,NA,4,Doesn’t work. I’ve logged in with my Facebook account and it loads for about 2 minutes then says that a problem has occurred and to try later. I’ve tried again a few times but the problem still appears and I’ve even tried to delete and re-download the app but nothing seems to help.,NA,NA,NA
com.appfinca.flora.ios,wert no one,NA,4,不夠樹的種類. 不夠樹的種類,NA,NA,NA
com.appfinca.flora.ios,Bubbles.19.,NA,3,"I love it but it’s not what I need. For the first few days I loved it! Perfect for what I wanted it for and I loved the cute plant rewards; it was keeping me on track and I hardly got distracted And then came the apps. I use apps on my phone to study, such a math app, a dictionary and my notes I store on my phone. I found that by trying to work on a essays, I was killing the plants. This would be great if there was an option that allowed me to tab out without destroying my progress",NA,NA,NA
com.appfinca.flora.ios,CelA21,NA,4,Cel. Lovely app but I hate having to login via Facebook. I went to delete my Facebook account ideally.,NA,NA,NA
com.appfinca.flora.ios,mayaavv,NA,5,"Better than a paid app. No complaints. Love that you can ‘tag’ what work you’ve done- makes it easy to compare what you’re spending your time on. Amazing that you can team up with friends, almost makes it competitive.",NA,NA,NA
com.appfinca.flora.ios,bikerace2018,NA,2,"At the moment..... You have to login with Facebook to use the app. However, they have said they will try and use other login ways via google, Twitter, email, phone number etc. and if you want to tell them your email address they will tell you when this is possible. I’m sure flora is great but, at the moment, if you have no Facebook account you can’t use it.",NA,NA,NA
com.appfinca.flora.ios,wthkdj,NA,5,Need Facebook to use the app. Want to use the app without Facebook link. Developers should create alternative methods like using an email address.,NA,NA,NA
com.appfinca.flora.ios,Luke.is.the.bae,NA,1,It’s not loading. I’m logging into facebook and it just loads for ages and says that something went wrong.. i’ve tried uninstalling it and reinstalling also changing facebook accounts but nothing worked. It’s a shame because i really want to try this out as i feel it’d work for me,NA,NA,NA
com.appfinca.flora.ios,PotateTheGreatQueen2007,NA,5,"Amazing. Really helps to gain concentration and it is free, which is really cool. Also you are able to plant real trees in real life if you wanted to!Great appWill always use this from now on!",NA,NA,NA
com.appfinca.flora.ios,jcncidn,NA,1,Not good. I could not get in because I didn’t have a Facebook account,NA,NA,NA
com.appfinca.flora.ios,miaaa1401,NA,3,"Good app for studying!. I like this app and the it’s features. However, in my opinion it would be better if it gave you an alert (like an alarm) when your timer is done.",NA,NA,NA
com.appfinca.flora.ios,Keozen,NA,2,"Looks cool, starts app, “login via Facebook”, instant uninstall. The app itself looks fab and fun but nothing will make me run from an app faster than “login with Facebook” followed by zero other options (there’s no reason I need to login at all if not collaborating surely).",NA,NA,NA
com.appfinca.flora.ios,L.Bailey,NA,5,App as a whole. This has helped me so much with my revision for my GCSE’s and makes me feel happy that I’m helping the world by planting trees out there !,NA,NA,NA
com.appfinca.flora.ios,cay9891649,NA,5,ABSOLUTELY LOVE IT 5*. Love the app paid for the expansion. I’m a year 13 student with a levels imminent and I adore this app it’s fantastic. Recommend 10000%,NA,NA,NA
com.appfinca.flora.ios,£2):8838,NA,4,"Flora. I really like the app and find it very useful. It keeps me focused. However, the tags option is not very useful. It would be better to have weekly goals rather than overall goals, or the option for either. Also, to be able to see clearly how much you’ve used the app over time",NA,NA,NA
com.appfinca.flora.ios,Bob the bilder-298,NA,5,Great app. Helps me stay focus when doing homework and revision,NA,NA,NA
com.appfinca.flora.ios,n323,NA,1,Facebook is required. I no longer have a Facebook profile therefore I cannot use this App,NA,NA,NA
com.appfinca.flora.ios,teOdOra27,NA,1,"??????. When I first saw this app it just seemed like a copy of “forest”. That’s fine and all , not rlly my problem etc so whatever. So I downloaded it to try it out. But they immediately told me to connect with Facebook ???? I don’t have a Facebook and I don’t want to make one either ??? Also the only reason they want that is so that I can promote their app to my friends on there etc so yEa idk abt that sis. The app probably doesn’t deserve a one star, but I never got to try it because it made me lowkey mad oops. I’d love to try it but looks like it isn’t happening yikes",NA,NA,NA
com.appfinca.flora.ios,oragamiswan,NA,5,"Great App, but problem with ‘friends’. I was recommended this app by a friend and I love it - it helps me be so much more productive! It looks clean and elegant, there are lots of useful functions like ‘tagging’ what you studied for, and it’s free!My only problem is that me and my friend are friends on Facebook, and have each given each other the codes, but she doesn’t show up on the ‘friends’ section when I click ‘study with’. Is this a bug, or am I missing something? How do I make her my friend on the app?",NA,NA,NA
com.appfinca.flora.ios,E.l.l.i.e.GG,NA,2,"Helpful, Creative, A Bit Disappointing. I was really disappointed when I first got the app. I discovered the app trough a YouTuber and immediately got the it. Unfortunately I don’t have Facebook so was unable to get flora. Please change this so I can still get flora without having to make a Facebook account. I think the app would really help me and it’s a very creative and helpful app!",NA,NA,NA
com.appfinca.flora.ios,ethereal :),NA,2,"Good but.... I was recommended this app as my classmate loves it with how you can grow crops and stuff and it helps reduce procrastinationHowever, I had to delete the app because it said you needed to use Facebook to login.I don’t have Facebook. I didn’t want to make a Facebook just for the app. Please fix this and make it so you can have other ways to login eg. With a google account or something or your phone number etc Please please please I really want to download and use this app each day!",NA,NA,NA
com.appfinca.flora.ios,lillithxx,NA,1,"kinda disappointed. I had really high hopes, but I don’t have Facebook so I cannot use it.",NA,NA,NA
com.appfinca.flora.ios,Grace Cann,NA,5,"Amazing. Really helps with revision and productivity. Also, strangely satisfying when you grow a tree 🤔🌳🌲🌴",NA,NA,NA
com.appfinca.flora.ios,sukatuphaay,NA,3,"Nice idea, bad organisation. App is hard to navigate. Also for some reason the sound doesn’t work, maybe it’s only on my phone idk but very inconvenient.",NA,NA,NA
com.appfinca.flora.ios,chrisguywa,NA,1,You need Facebook. Maybe I am just a freak - but I really don’t like or use Facebook. The app requires you to login to Facebook in order to work. Fir me this a big fail.,NA,NA,NA
com.appfinca.flora.ios,ime776,NA,5,"Helped me improve my lifestyle.. Thanks to flora, I do workout regularly, I concentrate on my work better,and developed the habit of reading books constantly. I hope it'll be available on app store for smart phones to use it with my boyfriend!",NA,NA,NA
com.appfinca.flora.ios,momojjang🥰,NA,5,Other user platforms??. This app seems amazing and I am dying to use it however I do not have a Facebook account. When will I be able to register using other platforms e.g. twitter or email?,NA,NA,NA
com.appfinca.flora.ios,TrizzyMay,NA,5,"Really working. It’s really working for me, actually doing work, love the idea",NA,NA,NA
com.appfinca.flora.ios,tedkins07,NA,5,Good. This app is amazing it helps me with my school work and even helps my parents with their work !!,NA,NA,NA
com.appfinca.flora.ios,Annoynomeounous,NA,1,Annoyed. The app looked very good and useful but as I don’t have Facebook I couldn’t get onto which was quite a shame.,NA,NA,NA
com.appfinca.flora.ios,lkdjenfcj,NA,4,Great but. I love the idea of this app but you have to log in with Facebook so I never got to using the app x,NA,NA,NA
com.appfinca.flora.ios,Bucas Arero,NA,5,"Makes me sleep well. I used this app to stop me using my phone for 2 hours before bed, and it had a more powerful effect than I expected. I slept better and beame less anxious about my work in the morning. I didn’t feel the need to immediately reach for my phone when I woke up. I reexamined my screen time and my time on social media presence significantly decreases. Simply amazing!",NA,NA,NA
com.appfinca.flora.ios,LixaoGuro,NA,5,"screw forest. ok, so if you didnt know, theres a pretty popular app amongst the studyblr community called ""forest."" but it costs around 2 dollars and is actually a rip off of this app. this is the original app that lets you plant a tree with friends, and its free, which is awesome.",NA,NA,NA
com.appfinca.flora.ios,VicooPop,NA,5,Amazing app. I always have the tendancy to procrastinate by using my phone randomly while doing homework. this app really helped a lot with this.,NA,NA,NA
com.appfinca.flora.ios,ReppIken,NA,5,Fantastic!. It's a great way to make sure you're not addicted to your phone and helps you focus! I've used it for over a month now and no complaints.,NA,NA,NA
com.appfinca.flora.ios,omiga.nossi,NA,5,"Good app deserves notice. I seldom give reviews, but this one is an exception. I used it with a couple of my friends and it turns out that we really got things done much faster because no one wanted to let others down. When we saw the trees came out it was really a cheerful momement for all of us. Good job, Flora!",NA,NA,NA
com.appfinca.flora.ios,satorasss,NA,5,Best productivity app ever. This is best app I've ever downloaded! The Grand Tour feature is a solid reminder of focus and keeps me productive. Luv it!,NA,NA,NA
com.appfinca.flora.ios,JussBram,NA,5,Splendid. I like the way whole app works. Highly recommend it,NA,NA,NA
com.appfinca.flora.ios,Marex.mlani,NA,5,"Great idea, great app. I am a horrible procrastinator and I will distract myself with anything, and this app is literally the only thing that keeps me on track while I study. It’s so simple but it actually keeps me off of my phone. I used to get distracted every few minutes by dumb random things, but the thought of killing a tree keeps me focused. I have been so productive since I began using this app. The incentive of having real money on the line is genius, and the money actually goes to a good cause. I recommend this app to all students, procrastinators, and easily distracted people everywhere. Seriously.",NA,NA,NA
com.appfinca.flora.ios,adamjusen,NA,5,Life saving. I've tried many apps to stop me from chequing my emails when driving. Only this app works. Setting a price that you'll pay if you touch your phone while driving is the most creative and effective way I can ever imagine. Highly recommended!,NA,NA,NA
com.appfinca.flora.ios,ReetoVulski,NA,5,"Dope. I really really like Flora as a way to set my phone aside and get stuff done! I haven’t had any problems. It’s simple - you plant a seed, adjust how much time it will take to “grow,” and then you’re obligated to stay within the app in order to keep your plantling alive!It’s a great idea, and sooner or later I’m going to get around to digging into the other options it has (I’m really in need of one that lets me set goals of different types, because I’m trying to keep up a couple different habits at once - will see if that’s an option here). Anyway, give it a try if you’re looking for a cute way to turn your phone (and all its distractions) into a brick for a while!",NA,NA,NA
com.appfinca.flora.ios,amureri..aox,NA,5,Lovin' it!!!. I really enjoy the app as a student. Being able to drown out all the outside noise a great for studying! I was wondering if you guys could add more tours like Amazon Forest please!,NA,NA,NA
com.appfinca.flora.ios,micaraco,NA,5,"Beautiful and effective!. First off, this app is so delightful. I love the concept of growing trees as a sign of productivity. The app is aesthetically pleasing and for me this is a huge plus.",NA,NA,NA
com.appfinca.flora.ios,rooneytolla,NA,5,"Encourages me to be productive!. This app did everything I expected it to. I luv how you can grow many plant varieties on the “Grand Tour.” If you work hard, your garden is cute and vibrant! Super rewarding. One improvement I think can be made is to implement a setting where you can automatically make the seeds you grow to be private from friends. That way I don’t have to manually make the seeds private each time, even though it’s not a lot of work.Also, when I registered I was kind of put off by the fact that I had to link my facebook account. I almost deleted it upon seeing this, but decided against it. I later saw after registering that it was so you and your friends could work together to grow a plant, so I was totally okay with it. I think that the developers could have done a better job explaining why facebook had to be used.Overall, I really like this app and I see myself using it for a long time. I bought Forest only to be disappointed because I thought I would like it more than Flora, but I ultimately didn’t because it takes a really long time to raise money and buy different trees. In Flora, everthing is fast and much more rewarding. I also like that I can plant a real tree everying time I stay focused for 24 hours.",NA,NA,NA
com.appfinca.flora.ios,Usuganom,NA,5,"Great Overall App. I started using Flora in the middle of August at the beginning of my senior year of college, and apparently, I’ve studied/stayed focused for over 100 hours! Which is great because I was recently diagnosed w/ severe ADHD. This app has been such a useful tool in helping me actually put my phone down and focus on my schoolwork. Not only that, but seeing exactly where my time goes when I do study via the convenient “tags” feature helps me to efficiently plan out my days so I know exactly how much time I need to spend on which subject. However, my only questions/concerns are a.) can you only have 6 tags? I’ve tried to make more, but I can’t find a way to create a new tag or even delete old ones. Even just adding a section about this to the FAQs would be really helpful; b.) sometimes I forgot to use Flora before studying. It would be good to have a reminder feature.Other than that, great app; thanks to the developers for helping me stay focused this year!!",NA,NA,NA
com.appfinca.flora.ios,Nominate!9,NA,5,"LOVE. I LOVE THIS APP like I’ve tried so many different apps that help with focusing but this works the best because I am so emotionally attached to my trees. This app has helped me achieved so many life goals. Thank you, Flora.",NA,NA,NA
com.blacklistapp.Blacklist,PaganWerewolf,NA,4,"Needs better user guide. After I installed it, it stopped working. This turned out to be a change to system settings, but the app didn’t help me and I only found out what was wrong when I tried a different blocker and that other blocker told me what I needed to do (settings->safari->content blockers)",NA,NA,NA
com.blacklistapp.Blacklist,PaganWerewolf,NA,2,"No longer functioning. Worked when I first downloaded it, but stopped working since then. Have tried both literal domains and regex domains, no luck. :(",NA,NA,NA
com.blacklistapp.Blacklist,4lun,NA,4,"Works well, though block time is max 24hrs. Works well, however I wish there was a little bit more control. There are some sites I’d like to permanently block and having to re-enable the block every day is a bit cumbersome.However it’s a step up over the current website restrictions built into iOS (which requires you to enable an adult content filter and you lose the ability to use private browsing).",NA,NA,NA
com.blacklistapp.Blacklist,Clockwork59,NA,3,Does the job but could do it better. This is a decent app however it could do with a few added extras such as an option for no time limit and more settings. But it’s still an alright app.,NA,NA,NA
com.blacklistapp.Blacklist,FranKy_FunKy,NA,4,"Nice app, could be better. Had to change my review from 1 star to 4. Initially, I couldn’t make it work. Once I figured it out, it is useful. It does what it says. It would be nice if it’s more user friendly with a better user interface. Thanks.",NA,NA,NA
com.blacklistapp.Blacklist,EllsBellsBoo,NA,3,Good app but could be better. This is a good app if you find the internet is the main distraction but I find I need to block apps which is something (I haven't found) this app able to do.,NA,NA,NA
com.blacklistapp.Blacklist,Sammyayayay,NA,4,Can be improved. It would be great if there was a harder/challenging/time consuming way to stop the timer,NA,NA,NA
com.bluecocoa.time2,Max Beech,NA,4,"Great app, but.... Fantastic app, however one really frustrating thing is that if repeating to-dos have been only partially completed, they don't reset the following day.This is super frustrating and really needs to be fixed.Otherwise brilliant app.",NA,NA,NA
com.bluecocoa.time2,Bat nut,NA,5,"Love this app!. I’ve tried every time management tool and this one is the only thing that works. I would gladly pay for it if it had a few more features such as customisable colours/themes, a way to set tasks for the week and syncing with a desktop/browser and iPad version. However even in it’s current form it’s brilliant.",NA,NA,NA
com.emberify.appusagetracker,MY 75,NA,1,DO NOT BUY!. Terrible app ... it is a rip off ... DO NOT BUY,NA,NA,NA
com.emberify.appusagetracker,Taniam10,NA,1,"Crashing!!!. So I’ve downloaded this app and agreed that there are no refunds available. Bit odd but ok. The app won’t even open. Just keeps crashing. You haven’t provided me with something that I have paid for, a refund should be given.",NA,NA,NA
com.emberify.appusagetracker,R3ggi3T,NA,1,"Utter crap. Granted, I should have looked at how you use this. Take a picture everyday????? Really? However having done this isn't not smart enough to spell basic apps correct. Utter rubbish",NA,NA,NA
com.erichuju.pomodoro,Amazeballs gal,NA,5,5 star. Really helps with keeping on task and not procrastinating.,NA,NA,NA
com.jordan-carney.Liberate,Whisky Kid,NA,5,Does the job.. Thanks,NA,NA,NA
com.jordan-carney.Liberate,niyangirl,NA,1,😞. I thought the app would be linked to the apps on my phone I intended to block. So disappointed,NA,NA,NA
com.kevinholesh.Moment,AliceEA98,NA,3,Don’t like new update. I really don’t like the new update as it doesn’t obviously include daily usage or colour coding. I also wish the app detecter detected more apps as it seems to detect only a small portion of the ones I use. I wish it showed which apps you used. The sleep is very inaccurate. Great idea but needs work,NA,NA,NA
com.kevinholesh.Moment,Losbiwan,NA,5,Excellent app. Excellent app. Really helps you to be aware of your phone and internet use and set yourself some healthy boundaries.,NA,NA,NA
com.kevinholesh.Moment,Nellie2410,NA,2,What’s happened?!. The new version of Moment is not good at all! It keeps saying I’m in airplane mode when I’m not. It’s so difficult to find the battery app usage over the 10 days. I don’t even think it’s calculating accurately how little or much I’m on my phone. Might as well use the in built checker on the iPhone 🤷🏾‍♀️,NA,NA,NA
com.kevinholesh.Moment,DanielleTea,NA,3,"I don’t like the nagging. Good app but well annoying that it pops up telling me I’m using my phone 17% more than other Moment users. I DON’T CARE, I don’t want to compare myself to others thanks very much, I’m using Moment to track my own time for myself. And what’s worse, when you click through it’s just trying to get you to sign up for the £7.49 paid version. No thanks, very annoyed at it, self righteous bleeding sanctimonious app, was trying to do a good thing by downloading it and become more self aware and now I’m just annoyed 😡🤬🤬",NA,NA,NA
com.kevinholesh.Moment,Phil Shulkind,NA,3,"Flawed. This is a great idea, but it’s meaningless as I, and no doubt a huge number of other people, use a tablet as well. I’m not a heavy phone user, but I play games on tablets, which I don’t consider a time waster in the same way as catching up on Facebook updates. I don’t even use Instagram, doesn’t interest me, lol",NA,NA,NA
com.kevinholesh.Moment,mychempinkiepie,NA,2,"bad update. did everything required until the recent big update, now appears to not even track the time i spend on my phone and is much harder to navigate now. such a shame!",NA,NA,NA
com.kevinholesh.Moment,gpo12345,NA,5,Excellent. Really helpful with reducing screen time,NA,NA,NA
com.kevinholesh.Moment,Rorygirls,NA,1,"Not for me. The minutes on the apps don’t add up to total usage displayed on this app. Stats are taken from battery usage, which are incorrect on my iPhone - I checked a few apps. So as the total usage cannot be broken down you cannot see which apps are being overused. Therefore it’s of no use to me.",NA,NA,NA
com.kevinholesh.Moment,01iviaful,NA,3,"Disappointing update. As someone who paid for the app and used it religiously I really felt that this was so helpful in my daily life but introducing the subscription fee has pretty much put a stop to what used to be regular usage and I’m struggling to see what the future of this app is with Apple’s insight being a thing now. It’s disappointing to have paid money to support the app and now I’m left as a user who could have this without paying because I don’t receive any benefits, I just have access to the basic options.",NA,NA,NA
com.kevinholesh.Moment,youngmans.2004,NA,1,"DO NOT GET!!!. I had an old version of this app, and selected the option to shut my phone off after a certain time Sun-Thurs. Then when I wanted to move this time to later, it wouldn’t let me. Due to moment updating their app, this is permanently stuck on my phone. I have restarted my entire phone and wiped all my settings, all to no avail. This has absolutely destroyed my phone. If I had a time machine for one day, the first thing I would do would be to make sure I don’t download this app. This app has ruined my phone. DO NOT BUY IT!!!!!",NA,NA,NA
com.kevinholesh.Moment,Msdd20,NA,3,"Greatish. Moment been a pretty useful app, it’s not without its imperfections because you have to learn to work it with for it to work for you which is fine and also the recent update is refreshing. The only issue with the update is the app crashes every time I try to “answer the survey” so I can get my app usage as opposed to just my usage time and I never had that issue before. Literally have no option but to just see how long I used my phone for without distinguishing whether it was for productive purposes or not; something I was easily able to do before with screen shots and no survey!",NA,NA,NA
com.kevinholesh.Moment,acronymphomania,NA,4,"Good idea - and getting better. I’ve used both versions of the app and by and large I prefer it over the native iOS activity tracker. When I uninstalled moment to use iOS I found my usage increased because of not having prompts. It’s not perfect yet, but it is helpful and in my opinion worth the battery use.Sadly with the new version I can’t yet access my app usage as when I click to ‘answer a brief questionnaire’ it crashes.",NA,NA,NA
com.kevinholesh.Moment,Nickreation,NA,1,Annoying Notifications. I used to find this app useful but recently it started to constantly ask me to take a screen shot of my battery so I uninstalled it. If I’m not using an app I don’t want to see anything from it. Sorry devs this was too intrusive.,NA,NA,NA
com.kevinholesh.Moment,Whatshallitbe,NA,3,"Needs improvement. This app has been great in helping me cut down on phone use. Since recent updates though, it’s not been working as well. First - the battery screenshot element hasn’t caught up with my phone os - it asks me for a week’s usage, but there’s only 10 days available, it asks me for 10 days there’s only 3 available. This results in annoying persistent reminders that I can’t do anything about and inaccurate app use tracking Secondly, the subscription - are you kidding me? So over priced it makes me want to delete the app out of disgust and definitely not recommend to others. As Apple iOS now has a similar tracking capability I’d suggest this app reconsider its pricing as nobody will bother otherwise.",NA,NA,NA
com.kevinholesh.Moment,TheodoraW8,NA,4,"A good little helper.. I need all the help I can get cutting down on pointless habitual iPhone plucking. I have so many books to read, pictures to paint, plants to tend. Don’t even mention the people.All were neglected, until I installed this time reminder.I have it set to roll a thunder storm when I’ve reached my limit.I only alter my chosen quota when I need it for navigation.",NA,NA,NA
com.kevinholesh.Moment,unrestive,NA,5,Incredible. Gives me notifications daily and informs me how I’m using my phone,NA,NA,NA
com.kevinholesh.Moment,blakesuga,NA,4,Good App. Helped with balancing what should be normal time on the phone and my social life. Just amazing how much one spend time on the phone on unproductive things.,NA,NA,NA
com.kevinholesh.Moment,J.Martin42,NA,4,Moment. Very pleased,NA,NA,NA
com.kevinholesh.Moment,Darius66,NA,4,"I loved the previous version!. I got the app during the summer lull, recommended by some phone-addict friends. It kept a check on my phone-time, reminding me that there was a life off the screen. But, actually, I’m not that much of an addict myself, and I use my phone as a Kindle to read from. During the holidays, my use ranged between two and three hours per day. I kept thinking that it would decrease after the holidays, and I was right! As a teacher, I simply don’t have any time to sit and read!So I was a bit annoyed when Big Brother started getting judgemental on me. “You have hit your target of 50 pickups!” “You’ve now picked up your phone 90 times!” Well, first I didn’t set a target, and second, I don’t think that 54 minutes across a day should make me feel guilty. Especially since I was reading a book during that time.There doesn’t seem to be any way to amend the target (50 pickups) or to reduce the nagging complaints. I liked it better before.",NA,NA,NA
com.kevinholesh.Moment,evesclarke,NA,2,"Really disappointed. I really liked moment before the update, even going so far as to pay for premium so I could access all the courses. I thought this would be a one time thing. However, since the update they’ve now introduced a monthly payment, which I just don’t have the money for. I can no longer access any of the courses even though I already payed specifically for them. I hate monthly subscriptions to things that used to be free, and I’ll be deleting moment now that it’s no use to me.",NA,NA,NA
com.kevinholesh.Moment,xoxixuxaxe,NA,5,Amazing!. I think that this app was very useful,NA,NA,NA
com.kevinholesh.Moment,Adrianskateboy,NA,5,Super app. Thanks its great.,NA,NA,NA
com.kevinholesh.Moment,EKB83,NA,1,"Good app, but. I recently updated the app and now it keeps shutting down and I am unable to use it. I have deleted it and reinstalled it, but the same thing happens. Please can you fix this so I can get the app to work!! It really does help with my screen time and pick ups",NA,NA,NA
com.kevinholesh.Moment,CM home-edder,NA,5,Monent. Great app to help manage an control screen time,NA,NA,NA
com.kevinholesh.Moment,endphoneaddiction,NA,5,Best app since iPhone launch. God’s gift to humanity.,NA,NA,NA
com.kevinholesh.Moment,caitlin123456674,NA,5,Caitlin. Good,NA,NA,NA
com.kevinholesh.Moment,BexDoug,NA,5,Great app for helping to reduce screen time. Great app for helping to reduce screen time,NA,NA,NA
com.kevinholesh.Moment,Tyrebel,NA,2,"Where’s my IAP gone?. In the previous version of Moment, I paid for the extra features, but the app has removed features and there’s no sign of any benefit to paying for them anymore. I feel I’ve been conned.",NA,NA,NA
com.kevinholesh.Moment,jarra_tt,NA,5,"Draws attention to my bad habits. This has been really effective for me in cutting back on the amount of time spent on my phone. The Tiny Reminders you get once you upgrade are fantastic and make you continually question what you are doing on your phone. Highly recommend downloading, testing out and upgrading to Premium to get the most out of the app.",NA,NA,NA
com.kevinholesh.Moment,lili.hnrqs,NA,4,Love it but it keeps crashing?. I love this app! it’s helped me so much!! but every time I try to answer the survey the app crashes which is annoying because it means I can’t see my app usage :/,NA,NA,NA
com.kevinholesh.Moment,abrandonjones,NA,5,Fantastic app that drives behavioural change. Fantastic app and it’ll definitely help you reduce your screen time! I’ve gone from about 2 hours a day to 15-30 mins 😁,NA,NA,NA
com.kevinholesh.Moment,Bostinmate,NA,4,Informative. Very interesting to see how much I use my phone. Reasonably accurate too. When using maps applications as a sat nav it appears like my screen time has increased significantly.,NA,NA,NA
com.kevinholesh.Moment,055000,NA,1,Keeps crashing. Keeps crashing and stops recording time - useless don’t waste your time,NA,NA,NA
com.kevinholesh.Moment,LML81,NA,5,Life-changing app!. If you’re addicted to your phone like me this’ll change your life!,NA,NA,NA
com.kevinholesh.Moment,iainisn,NA,2,IOS 12 breaks app usage. The new mechanism of battery usage monitoring with IOS12 (since install) doesn’t work with the app concept (last 7 days),NA,NA,NA
com.kevinholesh.Moment,blaiseruby,NA,2,Good for a day then a waste of time and battery. Didn’t help much and just wasted my battery,NA,NA,NA
com.kevinholesh.Moment,aeoncs,NA,1,"Tracking your movements!. I don’t let anyone track my movements. Nice try, read the small print people! This app needs to know where you are to be able to track screen time. What a load of rubbish!",NA,NA,NA
com.kevinholesh.Moment,GL554,NA,2,"Keeps shutting down. This was a very good app but now, for some reason, it keeps shutting down and, as this app runs in the background, you are unaware of this. Now when I go to check my screen time it shows zero minutes rendering the app useless. Please fix this!!",NA,NA,NA
com.kevinholesh.Moment,BenMyatt74,NA,1,No longer working with ios12. Can no longer get my usage as ios12 and Xs battery options are differwnt to how the app expects to see them...,NA,NA,NA
com.kevinholesh.Moment,GamerGirl567,NA,2,"... It’s a good idea that it can track how long your on your device, but it isn’t always accurate for me and it drains my battery much quicker, so I’ll be deleting this app.",NA,NA,NA
com.kevinholesh.Moment,flashdash92,NA,5,"Brilliant and beautiful. Slickly designed, with no glitches, and it really doesn’t need any input from the user - it tracks automatically, and makes you (horrifyingly!) aware of how much you use your phone.",NA,NA,NA
com.kevinholesh.Moment,Cabdy5,NA,5,Really useful app. Really good for reminding you how much time you spend on your phone. It gives gentle reminders and is not at all annoying.,NA,NA,NA
com.kevinholesh.Moment,C8rolC,NA,3,"Can’t use anymore after IOS update. Was really useful and would have rated higher but following the recent IOS update, which includes Apple’s own screen time tool, it no longer works. The battery screen format has changed and the moment app doesn’t recognise it. Come on Moment, your last update was over a year ago and you would have known this IOS update was coming.",NA,NA,NA
com.kevinholesh.Moment,Brett booker,NA,3,iOS 12 app usage. Since updating to ios12 the app usage update doesn’t work.,NA,NA,NA
com.kevinholesh.Moment,Jimboroad,NA,3,"Nice idea, but.... It doesn’t seem accurate. For example, yesterday I spent over an hour playing a game on my phone, but the app only showed 15 minutes, even though the battery usage page showed I had been on it over an hour..What’s the point if it doesn’t work properly?!",NA,NA,NA
com.kevinholesh.Moment,Brette1979,NA,2,"Not accurate.. Not working for me at all. Clocks me using satnav on phone, and seems to log every time I receive a notification etc. The way it’s being tracked have me clocking up a minute use for even picking my phone out of my pocket without looking at it. Got a shocking amount of time clocked, but tracking my actual shows that it would normally clock a lot more. Also had to turn off the notifications, as they kept on really distracting when using the phone for sat nav.",NA,NA,NA
com.kevinholesh.Moment,fahad nari,NA,3,Good App but drains too much battery. It’s a good app to know what’s your daily phone usage but you need to buy the paid version to customise it. Having said that it drains the battery a lot on my iphone X.,NA,NA,NA
com.kevinholesh.Moment,Vicious Knid,NA,5,"Great app, accessibility tweaks needed.. It would be great if the app was more accessible, specifically for those who need larger text like me. Yes the app supports larger text, but nothing except the text changes size (as is what generally happens with such features, to be fair) so actually being able to read becomes extremely difficult when multiple lines of text merge into one another, or expand outside the parameters of a box and so are 70% completely missing. What’s more irritating though is that the app cannot read a screenshot of my battery when I have larger text enabled, so every time I go to take one I have to reduce the UI text size and then enlarge it again once I have taken it.",NA,NA,NA
com.kevinholesh.Moment,NikkiEonni,NA,4,"Great app but drain on battery. I’ve used the free version of Moment for over a year(?) now. The premise of the app is great and it works well enough but it wasn’t until I went a few days without it that I realised how much it was draining my battery! I won’t be using it for now since without I don’t need to constantly charge my phone which is more useful for me than knowing exactly how much time I spent using it (although I am keeping Moment and plan on purchasing premium in the near future!). I also often had (in my opinion) inaccurate times from using my phone after midnight but before bed (so I’d sometimes start my day having apparently already spent 2 hours on my phone), clashes between moment and my alarm (and me forgetting to turn moment back on after having used my alarm), and just general dissatisfaction at seeing my phone time for the day turn red, knowing that most of that was from reading ebooks or using language apps, which aren’t necessarily time-wasters in the same way as Twitter or Facebook! But using Moment has been really interesting and it’s the best app of this kind I’ve ever used! It was particularly interesting to see that on days where I was doing the same things (i.e. same work shifts or time spent at uni) that my screen time would be eerily similar, showing that my phone bingeing is far more routine than it should be!",NA,NA,NA
com.kevinholesh.Moment,johnny charlon,NA,2,Not very impressed. I ve just download this app and if I use it overnights it says I’ve been on it for like 13 hours . Needs to be improved,NA,NA,NA
com.kevinholesh.Moment,Eilidgog,NA,2,Ruins Maps and internet searches. Search results were in Polish instead of English. Made it difficult and slow to use google maps. So I turned it off,NA,NA,NA
com.kevinholesh.Moment,lucyward,NA,5,"Great way to reclaim precious time. Since my daughter was born I’ve found myself using my phone more and more - while breastfeeding, while stroking her to sleep, when play time got boring... I realised I was missing out on a lot of moments that, while sometimes boring at the time, I’d miss when they’re gone. Moment is helping me to put down my phone and be more present.",NA,NA,NA
com.kevinholesh.Moment,Goldiepop,NA,3,Good idea but not accurate. I like this app and it’s useful but it’s not accurate - it was saying I used a particular app everyday which I only use very occasionally eg two days last week. The monitoring needs to be fixed before it’s helpful.,NA,NA,NA
com.kevinholesh.Moment,Flutterwimble,NA,2,"Doesn’t work if you use a sleep monitoring app. Moment doesn’t work very well. It analyses the time spent on apps based on the a daily screenshot from battery use, so it can’t take into account what you do when your phone is plugged in. If you use a sleep analysis app with the phone plugged in it can’t discount that, so it immediately thinks you’ve spent 8 hours on your phone when you wake.",NA,NA,NA
com.kevinholesh.Moment,ting 😁,NA,4,"Alright. I strongly advise it to people who know that they spend to much time on their phones. It is a but irritating that notifications keep coming in to say ‘moment has paused, please open the app to resume’",NA,NA,NA
com.kevinholesh.Moment,Allpowers,NA,5,"J. Nice app, really helps reduce your time on the phone and makes you reflect",NA,NA,NA
com.kevinholesh.Moment,computergamegeek,NA,5,Excellent. Brilliant app helped me cut down on my screen usage by of 60%,NA,NA,NA
com.kevinholesh.Moment,make time to design,NA,4,"Scary record of what you probably fear.. Certainly helped quantity exactly how much time was being sucked away from me. Included all my Google Maps time which I couldn't seem to discount from the total. Unsure what Moment Premium gets you, maybe just supporting the development?",NA,NA,NA
com.kevinholesh.Moment,schlott2001,NA,4,Good. It’s great just for letting you know how much time you spend on your phone ( or how much your phone is ON),NA,NA,NA
com.kevinholesh.Moment,TranmereMark,NA,4,Marvellous Moment. Offers great insight of how much we use our phone and how to control to sensible levels. Good data graphics provide tools to do this. I recommend trying this think you will use this app all the time.,NA,NA,NA
com.kevinholesh.Moment,SugaFan9,NA,4,"Doesn’t really help me. Monitors screen time, sleep and pick ups really well and creates a shocking statistic.But unless you’re totally keen to reduce screen time, the constant reminders are a serious irritation.Eg, I listen to music in my car with the screen on and the reminders seriously interfere. Also with google maps navigation in the car, the app makes no distinction between the harmful screen time (social media at 11pm) and the harmless one.",NA,NA,NA
com.kevinholesh.Moment,FashionQxeen,NA,3,Force quits. When I found this I thought great but it isn’t accurate. So you really need to fix this problem because then it won’t be accurate.,NA,NA,NA
com.kevinholesh.Moment,mrs- love,NA,5,Love it. Helps me to be mindful of what a ridiculous amount of time I spend on my phone . Brilliant app 👏👏👏,NA,NA,NA
com.kevinholesh.Moment,I_\,NA,5,Great app!. Shows how long you really spend on your phone,NA,NA,NA
com.kevinholesh.Moment,Chooqueen,NA,3,"Great idea in principle. Trouble is the app can’t distinguish between apps running in the background such as the radio/Spotify/my alarm and the ones I’m actively interacting with and that makes the time used calculations totally uselessWhat it has done, however, is made me a bit more conscious of picking up my phone and, I guess, that can only be a good thing",NA,NA,NA
com.kevinholesh.Moment,Nagort,NA,2,"Good idea, poor execution. App is addressing important need, thus the hype... Works OK for individual devices, but do not create the family. I have bought a family subscription, but after I have upgraded my phone my Moments account is no more associated with a family I have created and there is no way for me to join (I need an invite from myself)). And “restore purchases” option does not help (you have no premium purchase to restore)... app creator is very open that there is no tech support, so think twice before paying money for any additional functionality.",NA,NA,NA
com.kevinholesh.Moment,Wkskcoapwnskcdkaziaf,NA,4,"Good! But,. It’s a great app, but the only thing is that it doesn’t detect my weekly battery summary after about a week",NA,NA,NA
com.kevinholesh.Moment,Lottie the badger,NA,1,Bad app. This app requires you to give it permission to always track which is very wierd and the app store it says 4 but in the real app it says13 or it will delete your data.,NA,NA,NA
com.kevinholesh.Moment,lennon908,NA,1,Could be great. Unfortunately not at all accurate & because of this it’s pointless. Maybe I’ll come back later & hopefully it will all be sorted.,NA,NA,NA
com.kevinholesh.Moment,Hmwow,NA,5,Brilliant and enlightening!. Downloading moment is one of the best things I’ve done for my mental state and for my relationships. Thank you Moment!!,NA,NA,NA
com.kevinholesh.Moment,Elmh0e,NA,3,"I love the concept..... It’s far to buggy for me, I deleted it a while ago hoping it would be better when I re installed it but it’s still doesn’t work right.",NA,NA,NA
com.kevinholesh.Moment,Whystans,NA,2,"Was great, not so much anymore. I’ve had this app for a few months now and when I first got it it worked brilliantly and kept track of my phone usage and sleep well. However recently, despite me keeping it permanently open in the background, it has stopped accurately tracking- and often doesn’t track it all, saying I haven’t been on my phone at all. Also if I go on my phone past midnight the sleep tracker gets completely messed up and will say I’ve slept for 21 hours or something stupid. Just a few issues here that could do with resolving as currently the app isn’t working for me :(",NA,NA,NA
com.kevinholesh.Moment,sftk19,NA,4,AMAZING APP BUT..... Great app to help me track and reduce my screen time. I purchased the premium version for extra facilities but you don’t have to.I wish you could set a goal. Like a limit but you can go over it but it records that you have. Because the screen time limit is like what I want but if you go over it sets of a alarm and your tablet/phone won’t stop. I just want a reminder but still is a brilliant app that is amazing even with the free version. HIGHLY RECOMMENDED 👍🏼👍🏼👍🏼👍🏼😀😀😀😀😀😀😀😀,NA,NA,NA
com.kevinholesh.Moment,MyPhcne,NA,2,"Good app. Good app, but it states a £3.99 for the full version. Not a bad price. But when I’m being charged £4.98, rather than the advertised £3.99, it’s nothing to break the bank but surely you should be charging the price advertised?",NA,NA,NA
com.kevinholesh.Moment,Mrcoxexcel,NA,4,"Excellent but .... Well it does use a bit of battery but that’s more than acceptable given that it’s helping me to use the phone less and so save my battery life ultimately! However, when I ask to go Premium it hangs so I cannot upgrade. Not a clever move.",NA,NA,NA
com.kevinholesh.Moment,ashhall99,NA,5,Brilliant.. But can’t waste time typing a review on here. There’s more to life than staring at a phone. This app reminds you.,NA,NA,NA
com.kevinholesh.Moment,verycurlyo,NA,5,"Amazing. This app is exactly what I wanted. It says how long you’ve been on your phone for each day/week/month etc.Really is an eye opener for someone like me who picks up their phone every 20 mins just to check Facebook/news/emails etc I spent 3 hours on my phone on the first day, now it’s closer to 1 hour! Runs in the background and uses hardly any battery!!",NA,NA,NA
com.kevinholesh.Moment,sorrel rose,NA,4,Great app even better with notifications. Amazing app really makes you realise how much you use your phone and helps you use it less only thing that could improve this app is if you could set a limit and get a notification when you reach that limit !!,NA,NA,NA
com.kevinholesh.Moment,Sarah_rubyred,NA,3,"Problems with screenshots. Great idea! Really looking forward to using this to help me reduce my phone time sensibly, however even though I’m sending screenshots of my 24hr usage, with clock face selected - the app keeps informing me that I have 7 days selected - a touch annoying and so it won’t have the correct data - I’d love advice on how to convince it!",NA,NA,NA
com.kevinholesh.Moment,Revival J,NA,1,"Wildly inaccurate. I left my phone at home on Sunday and literally did not touch it the whole day, yet according to the app I had used the phone for 3 and a half hours!!! Today I just picked up the phone to check the time. Checked my email then decided to look at Moment. Moment had already clocked my usage at 23 mins when I had only been on for 5 mins. The app also does not seem to recognise when the phone is left unlocked on the home screen unused. I accidentally left the phone on my desk on home screen for a few hours and Moment logged those minutes as screen time! No way I am going anywhere near the premium version as can’t trust this app at all.",NA,NA,NA
com.kevinholesh.Moment,RG.7,NA,2,"A great app that stopped working!. First of all, thank you for developing such a useful app!i just wanted to point out that it has stopped working on my device recently. I’m using an iPhone 6 Plus running the latest version of the iOS (11.2.5). The app launches, displays the “tracking resumed” message and then simply crashes.I hope that this issue could be resolved soon! (I had to give the app a 2 stars rating)Thanks!",NA,NA,NA
com.kevinholesh.Moment,Nick Wright 12,NA,2,Premium features don’t work. Good idea. But the app exclusion feature doesn’t work. Says you can take stuff like podcasts off the overall total of screen time. Then adds it anyway. Not great.,NA,NA,NA
com.kevinholesh.Moment,SeyedM,NA,1,"Annoying notifications. Stop sending me notifications to bring me back to my phone! The only reason I have notifications turned on with this app is so it can tell me if I accidentally close the app. But unfortunately every now and then they send me a notification to look at the app to check my stats or buy their premium version. This is counter intuitive as most people using this app want to reduce the use of their phone, but instead you send them pointless notifications for them to look at the app.",NA,NA,NA
com.kevinholesh.Moment,Rob Wheatley,NA,2,"Good idea, totally incorrect info. I’ve been using this for a while now, but all the numbers it creates aren’t internally consistentAt the top of a day, it tells me how long I have used my phone for and below that, all the “sessions” I had during the day. If I add up the minutes in the sessions that total is no where near the total shown at the top of the day. Individual app usage totals are WAAAY off too (I mean hours). So, depending on what times you look at, you get wildly different total usage on any one day.",NA,NA,NA
com.kevinholesh.Moment,Rebecca19283,NA,1,"Not worth the money. I’m so disappointed in this app.I downloaded it and saw that my screen time was totally skewed by the sleep cycle app that I use every night.I purchased the premium version as it said you can exclude apps and I wanted to exclude the sleep cycle app.However after paying for the premium upgrade, there were only a small amount of apps that you can exclude and sleep cycle was not one of them!! How utterly useless.It is a good idea in theory but the app has not been created well enough to be worth you spending money or using the free version as it’s so restrictive. Don’t make the same mistake. Don’t waste your money.",NA,NA,NA
com.kevinholesh.Moment,HugoArtRay,NA,4,"Very helpful. Been using this app for ages and it’s definitely the best monitoring app usage application out there.Please, please can we get the fix in place for screenshot? The notification no longer takes you to the battery settings page but to the moment app settings page and this is small but very annoying issue!",NA,NA,NA
com.kevinholesh.Moment,David5554,NA,5,"Elegantly made and does what it says. Free version - there is an available in-app purchase that I have not tried. The app is elegantly designed with lots of features designed to enhance user experience while keeping it simple. For best results, the app requires you to take screenshots of your battery usage every week. Highly recommend if you’re interested in tracking your smartphone usage.",NA,NA,NA
com.kevinholesh.Moment,Sparkling Diamond,NA,3,"Good but bugs. I wanted specifically to look at my usage, the apps been great but it doesn’t seem to work properly when you exclude apps (I excluded Music, Kindle and one app my daughter uses). The hours calculation is way off sometimes, like it isn’t excluding the requested apps, very frustrating.",NA,NA,NA
com.kevinholesh.Moment,fayetuesday,NA,3,"Great idea. This is such a great idea for an app and definitely made me more conscious of when I was picking up my phone out of habit and didn’t need to. I was surprised at how little I used my phone, clocking in at around 1hr 10 but that included a 30 minute yoga video which I didn’t count. Having the app on made me want to leave the phone alone unless it was necessary. My only problems have been that after a few days it stopped asking for the screen grab, so i can’t see my most used apps any more. Also, although it logged the time I spent on yoga, my yoga app wasn’t listed in apps used. And finally, it would be nice if somewhere there was an explanation to what the premium features actually are, as when you click on them it just goes through to a page about how many people are benefitting from them.",NA,NA,NA
com.kevinholesh.Moment,Marvellous1810,NA,1,Doesn’t work. Doesn’t track time accurately,NA,NA,NA
com.kevinholesh.Moment,mYNewMacbook,NA,5,"Awesome app love it just 1 thing. This is not a criticism. The only thing that has stopped me using this app is that there is no Mac version. It’s awesome to know my screen time on my iPhone but for me personally I’d either prefer to know all of my screen time together on both my devices or just leave this as an ‘exact time each day unknown’ kind of thing. The ability to add our own manual screen time would be a nice addition too, eg ‘watched the TV’ for an hour’Just my two centsHas the potential to go far if the doors are opened to all platforms. would not pay a lot but I would pay £1 a month for that kind of feedback if it was universal across all devices.",NA,NA,NA
com.kevinholesh.Moment,Missy Cloud🤣,NA,5,Great. Amazing,NA,NA,NA
com.kevinholesh.Moment,Lolabx,NA,3,"Great app, possible bugs?. This seems like a really great app but I can’t get the app to grant permission to photos - the pop up option doesn’t work and there’s no option for photo access in the iPhone settings. I cannot get an analysis of previous use as a result so can’t use the app to its full capacity which is a little frustrating. Hope to see a reduction in screen time though so looking forward to progressing through this week!",NA,NA,NA
com.kevinholesh.Moment,spellfast,NA,5,Just what I need. Great app that makes it easy to see just how much you use your phone and tablet,NA,NA,NA
com.kevinholesh.Moment,A.Kip,NA,2,"Good, if you’re okay with having your location tracked constantly.... I downloaded this app to stop getting distracted from my work and to spend less time on my phone it works well for that but you have to allow it to always track your location (who knows what they do with all that location info?!) and you have to have the app open in the background all the time which uses so much battery",NA,NA,NA
com.kevinholesh.Moment,*+*+*+*+*,NA,1,Waste of time. I want to check my data on an adhoc basis to see how much my son is on the internet so I installed it on his iPhone and both iPads. I’ve checked my iPad and every entry through the Christmas period is 0 minutes because it did a ‘Force Shut’. I turned it back on again and it lasted a day! My son has already deleted it from his phone because he was fed up with receiving messages about buying/upgrading things. Not a help at all!,NA,NA,NA
com.kevinholesh.Moment,tomV78,NA,5,This app -_-. When you start this app you think nooooo When you get in it you think will this benefit me ? ( yes ),NA,NA,NA
com.kevinholesh.Moment,C1OCAN,NA,1,"Great app but Most used apps feqture does not work on iPhone 10. I take the screenshots as instructed, after a few moments the app say that usage is ready to see but nothing is shown în the app.",NA,NA,NA
com.kevinholesh.Moment,Alexdesf,NA,3,Almost good. But is flawed by inaccuracy ... It says I’ve been on the phone 3hrs 45 mins but the app breakdown adds up to about 1.5hrs... where’s it getting this from?Also as I like to fall asleep with sleep sounds from sleep alarm that makes the timing all wrong anyway but I told it to exclude sleep alarm and it says it does but then I still get extended time recordings!,NA,NA,NA
com.kevinholesh.Moment,اليلنجوج أبوتركي,NA,1,اليرنامج الفاشل. انتم برنامجكم الفاشل انا انصحكم بمسحه ولا احد يحب هاذا البرنامج عيالي سار فهم تسمم من كثر ما البرنامج معفن,NA,NA,NA
com.kevinholesh.Moment,Charlotte_eh,NA,5,Helping me get my life back. I downloaded this when you had to keep it open in the background and it did help me become more aware of my screen time (quite shocking really!)It’s even better now you don’t need to keep it open in the background 🙂,NA,NA,NA
com.kevinholesh.Moment,Fishfinger2014,NA,1,Tracks where you go. It may be great but I don't want an app tracking everywhere I go. If that doesn't bother you it would be ok.,NA,NA,NA
com.kevinholesh.Moment,Wdarts,NA,3,"Missing shortcut battery usage. Take a screenshot of the battery usage is a bit boring, you should develop an easier and faster way to do so.",NA,NA,NA
com.kevinholesh.Moment,xghsvs,NA,2,Hi. Stop making you use your phone,NA,NA,NA
com.kevinholesh.Moment,paulop74,NA,2,Nice but slowed my phone to a crawl. Nice features but had to uninstall as my phone ground to a halt with it running in the background the whole time. Was relieved to see that my average usage is pretty low anyway.,NA,NA,NA
com.kevinholesh.Moment,KuroAvdi,NA,1,"Good but not good. Very good app if as a user you could control some features, for example why da hell this app which monitors your phone usage need to know where you are? Don’t make any sense. AND as soon you turn location off app don’t work, seems very suspicious to me. Deleted",NA,NA,NA
com.kevinholesh.Moment,Marsjet,NA,4,Good app. good app,NA,NA,NA
com.kevinholesh.Moment,Stephenonline,NA,4,Moment is useful. Would be helpful to have a bit more control over what is monitored and also ha e a means to make sure it’s always running in the background and can’t be stopped by a child.,NA,NA,NA
com.kevinholesh.Moment,Rubber Ritchie,NA,5,Great encouragement to use phone less. Love it! I quickly paid for the extras (which was only a £ or two. I like to set the tiny reminders for 2/3 minutes.,NA,NA,NA
com.kevinholesh.Moment,jez wez,NA,4,Good. It’s really good to see how much you’re actually on your phone! Only thing that is a bit annoying is that when you close the app it stops recording how much you’re on your phone,NA,NA,NA
com.kevinholesh.Moment,CaroMB73,NA,2,"Good idea - needs some fine tuning. I bought this, as most likely do, to try and get an idea of how much mobile usage interferes with my day. I set the hours for monitoring but the 'tiny reminders' don't seem to follow those hours which is intensely frustrating, especially as you can't even turn off that option. There is no zero option. So annoying that I deleted the app.",NA,NA,NA
com.kevinholesh.Moment,Olly_ver2000,NA,5,"Great!. Love the app - really shocking to reflect on how much time I spent on my phone. However, would like to see a feature that well and truly keeps you off your phone such as an option where the app turns off your WiFi over a certain period of time - when my snapchat buzzes or something, it can be a major distraction and procrastination tool !!!",NA,NA,NA
com.kevinholesh.Moment,Taz_34,NA,2,Unreliable. Good idea but crashed everyday with a notice saying app was Force Quit. Makes the data incomplete and therefore useless.,NA,NA,NA
com.kevinholesh.Moment,Demideex,NA,3,Moment. It keeps coming up as forced shut down all the time,NA,NA,NA
com.kevinholesh.Moment,JohnnyMM!,NA,5,Excellent. Works very well. Practically useful to give you an idea of usage and adapt this to ensure your time is more well spent,NA,NA,NA
com.kevinholesh.Moment,KTGray3,NA,5,"Does exactly what it says on the tin. It's constantly running in the background but I haven't noticed a great deal of issue with battery usage.The notifications when you accidentally close the app are 👍🏼👍🏼👍🏼👍🏼👍🏼I'm much more aware of how I use my phone and it's made me stop and think, on more than a hundred occasions, I'm sure of it!Nicely done!!",NA,NA,NA
com.kevinholesh.Moment,Lala cake,NA,4,Great. I love the app the only thing I don’t like is that u have to pay for some of it 🙃😜,NA,NA,NA
com.kevinholesh.Moment,Moody by name,NA,5,Great app!. Great app! Really making a difference in family life!,NA,NA,NA
com.kevinholesh.Moment,Montyvalentine,NA,5,"I'm less anxious, more creative. Screen time makes me anxious, yet like most other people I'm totally addicted to it. Moment has not only helped me realise this, it's helped me cut my screen time roughly in half. There are still good and bad days but overall I'm on my phone for about 1.5 hours a day now. I would definitely recommend the full version - all the extra features are well worth £3.99.",NA,NA,NA
com.kevinholesh.Moment,Ben0779,NA,4,"Remarkable and quite scary. Haven’t signed up for the paid version, but getting lots of interest from the free version. And if you’re not surprised by how much you use your iDevices, you’re a better man/woman than I.",NA,NA,NA
com.kevinholesh.Moment,Shaney F. Baby,NA,5,Annoying but necessarily so.... This app has really cut down my phone time. I would recommend if you waste time looking at nothing on your phone.,NA,NA,NA
com.kevinholesh.Moment,lxlvi,NA,5,"I like it. I think it works great as a reminder of how much time I actually spend on my phone, and the mini courses are a brilliant feature.",NA,NA,NA
com.kevinholesh.Moment,Smackdee,NA,5,Very nice little screen-time tracker. Very nice. Just leave it running in the background and feel the guilt as it sends you tiny reminders about your screen time. I’ve certainly tried to stop picking up my phone for no reason. Good stuff,NA,NA,NA
com.kevinholesh.Moment,Evangelskies,NA,2,Worked great but latest update was bad. Since the last update it stops tracking after 3+ hours. Disappointed,NA,NA,NA
com.kevinholesh.Moment,Dreadydepp,NA,1,Gutted. Just paid £4 so I would be able to exclude Spotify usage and see what I'm actually using - it won't let me search for or add an excluded app. Complete waste of money and really disappointed.,NA,NA,NA
com.kevinholesh.Moment,mahi_ah24,NA,2,Getting really annoying now. I've written two reviews trying to sound as positive as possible but I'm getting annoyed now. For the past month or so I haven't been able to check my weekly insights. It says to check back later because there isn't enough data. IT'S BEEN A MONTH. PLEEAASE FIX THIS!,NA,NA,NA
com.kevinholesh.Moment,AndyS156,NA,5,I. I,NA,NA,NA
com.kevinholesh.Moment,Dryad wombat,NA,3,Would be great if it didn't keep crashing. It's a fantastic app. But it continually force quits. You can't let it run in the background without making sure you keep reopening it and restarting it and it's ridiculous. Many other reviewers have said this too. They need to fix it. Then it will be great. It needs to stop crashing,NA,NA,NA
com.kevinholesh.Moment,I Mullins,NA,5,"Great concept but not working properly at time of writing. The exclude apps isn't working, so when I'm using the sat nav, for example, I end up way over my daily limit",NA,NA,NA
com.kevinholesh.Moment,notrouble3,NA,5,Gives you a nice overview. Not sure why it needs tracking location on all the time...,NA,NA,NA
com.kevinholesh.Moment,Minesab,NA,3,"Fix the app !. I love this app so much, but since he last update my phone glitches out when I go on the app and all that shows up on the app is '1m' screen time for today and all of my previous days have disappeared. Please fix this bug!!",NA,NA,NA
com.kevinholesh.Moment,drhoppers,NA,3,Sort the update out. Have used this a long time. The latest update has erased current and historical settings (apps to delete from daily use for example). Was a fan but this needs sorting out next time please,NA,NA,NA
com.kevinholesh.Moment,Jackster the Most Epic,NA,5,"Nothing Else Like It. This app saved my life. It made me realise just how bad my addiction to my tablet was and motivated me to reduce my time on it and to spend more time doing other things, like reading. I've had an addiction for such a long time now that it's wonderful to have the ability to put it down and take back control. Thank you.",NA,NA,NA
com.kevinholesh.Moment,BofalotsDW,NA,5,"Eye opening!. Works well, and really shocked me just how much I use my phone!",NA,NA,NA
com.kevinholesh.Moment,Gilbert Virgo,NA,5,Great App. Really great app. No scamming. Really increases productivity. Great look and design. Easy to use.,NA,NA,NA
com.kevinholesh.Moment,Bripat48,NA,5,Brilliant. After recent update. The Apple Watch app now works! Thanks very much Kevin.,NA,NA,NA
com.kevinholesh.Moment,TigggrL,NA,5,Essential App - gives to invaluable insights!. Only install if you are ready to be accountable to yourself about the EXACT amount of time you spend with your screen in your hand and how many times you reach for it during the day. It surprised me!,NA,NA,NA
com.kevinholesh.Moment,Grahamsmith83,NA,5,"Time saving genius. Moment is brilliant. After completing the phone boot camp I've averaged 3 hours less on my phone every day. The scary thing is, before getting Moment I was completely unaware how much screen-time dominated my life. Now I've got more time and more focus every day. Can't recommend this app highly enough",NA,NA,NA
com.kevinholesh.Moment,Louise-C 2014,NA,1,"Warning - it drinks batteries.. A nice little app which started off well, but just a day in, I've had to disable it. It just drinks my battery! I'm guessing this is from the 'Location Always On' requirement. No idea what it's constantly monitoring in the background, or why it needs my Location switched on to work, but I'm not prepared to charge my phone 4 times a day because this one app chooses to use more battery power than every other app that I use combined.",NA,NA,NA
com.kevinholesh.Moment,Gilbertiggy,NA,5,Really good. Shocked by how much I'm using my phone so this app has really opened my eyes to it,NA,NA,NA
com.kevinholesh.Moment,Gobble de gook 2,NA,4,"Good. I've found it really helpful, it's not foolproof but it does encourages you to use your phone less and makes you aware of just how long you've been on it.",NA,NA,NA
com.kevinholesh.Moment,Empajo,NA,5,Brilliant. Shows you how many hours you have been on your phone for and it shows you if you have gone over your limit 👍,NA,NA,NA
com.kevinholesh.Moment,Zydrate,NA,1,Waste of time. Total waste of time have been using it for 48 hours. By my calculation I have used my phone for about 9 hours in that time. This app says I have been on my phone for 0 minutes. A total waste of time.,NA,NA,NA
com.kevinholesh.Moment,Hammy 574,NA,5,"Rate. It's a great app, would 100% recommend it to track your phone usage",NA,NA,NA
com.kevinholesh.Moment,ShortyDavis-Wilkie,NA,5,Great app for increasing your awareness of phone overuse. Great app. Thanks so much! I was so shocked how many HOURS I was using my phone. Great it now works in airplane mode too now.,NA,NA,NA
com.kevinholesh.Moment,Maharaja Captain Seam Himself,NA,1,Useful app. Good app to reduce phone use age. But it's my personal issue I'm still bad at managing and sometimes I ignore this app and still addicted to social media :( end of the day app can't help it's about will power,NA,NA,NA
com.kevinholesh.Moment,Appyn92002,NA,5,"Great app. Moment is a great app for tracking your phone usage. It has really helped me take back control of my life as it shows me exactly how much time each day I waste on my phone.For only £3.99, you can buy the pro version which gives access to many extra features, however even without this you can get lots of information and the pro version isn't forced upon you like on some apps. Moment does not compromise your privacy in any way and I would strongly recommend this app as an excellent app to track how much time you spend on your phone and what apps you spend it on.",NA,NA,NA
com.kevinholesh.Moment,lowylde,NA,5,Insightful!. Very helpful easy to use app providing great insights,NA,NA,NA
com.kevinholesh.Moment,Rebecca1105,NA,4,"Amazing. Very good and helpful, really helping me start to limit my time on my phone 👍🏼",NA,NA,NA
com.kevinholesh.Moment,Kjawesome123,NA,5,Love it!. Really great app- I never realised just how much time I spend on my phone!,NA,NA,NA
com.kevinholesh.Moment,Monza2017xox,NA,5,"Wow. Recently I have been told on multiple occasions that I go on my phone to much. After a few times I found this app and bought in to prove these people wrong. It turns out I go on my phone a lot more than I expected and now go on it only if it's an emergency. Thank you x "" when your life flashes before your eyes when you die how much of it will be of you on your phone?""",NA,NA,NA
com.kevinholesh.Moment,TaxiDriver81,NA,5,Absolutely brilliant :). Great app for cutting down on phone usage or just monitoring it. It's very customisable to suit a person's need of the app. Don't be put off about it using location services a lot as this barely uses the battery at all; I haven't noticed any difference and the battery usage says the app is only using 1% of my battery a day. The paid version is even better and a price that is good value. Very easy to use and works perfectly. One of my favourite apps and highly recommended. :),NA,NA,NA
com.kevinholesh.Moment,meganigroeg,NA,3,Great concept. I was beginning to love this app as the patterns of my usage built up. But it is KILLING my battery by requiring location tracking to be turned on. Shame.,NA,NA,NA
com.kevinholesh.Moment,Tom Szekeres,NA,5,"Highly recommend the Phone Boot Camp. Which at present costs £3.99 for the pro-features, but is well worth it – each day you'll be given a challenge (many of which can only be completed by your phone auto-detecting good behaviour, so no cheating!). Each challenge gradually helps you establish new behaviours, and before you know it, you'll have cut down significantly on phone time.",NA,NA,NA
com.kevinholesh.Moment,GoodGirls123,NA,5,"Amazing. I can't believe how much I actually use my phone, this app has made me realise that most the time I'm not doing anything important on my phone I'm simply trying to avoid what I'm meant to be doing. It was a big shock how many hours I was on my phone the first day and gradually it's been decreasing. I've been leaving the app as the last thing on my phone screen so that when I turn it on again it reminds me as to whether I need to go on my phone or not. It's a very easy app to use and so nicely laid out, I would definitely recommend it x",NA,NA,NA
com.kevinholesh.Moment,Absoluteladmeister27,NA,4,"So useful!. I'm so glad this app exist and I think the creator has done really well with it despite the limitations from iOS. I would really like to be able to compare my data with friends in a league table, I think being competitive about it would help bring down my screen time even more",NA,NA,NA
com.kevinholesh.Moment,Kitty_yarrow,NA,5,YES YES YES. I love this app so much it has honestly changed my life!! I spend wayyyyy to much time on my phone and moment has changed everything around !! Thank you Kevin 😊😊😊😊😊😊😊😊,NA,NA,NA
com.kevinholesh.Moment,Kekebeyst,NA,5,Great app. The app does what it says and is very genuine. The layout is professional and easy to control. I put it on my Snapchat story everyday nearly and I'm always having messages asking which is because of the attractiveness of the design.,NA,NA,NA
com.kevinholesh.Moment,Tobster_Bro,NA,5,Brilliant. So amazed it helped me keep my phone time down to 2 minuets a day.,NA,NA,NA
com.kevinholesh.Moment,Everyoung_Fanboy,NA,5,Helped me to cut down!. This app through the use of the coach setting and generally being shocked at my usage (9 hours at one point in a day) it made my get a grip. I've stopped using my phone so much and average at around 1-2 hours per day.,NA,NA,NA
com.kevinholesh.Moment,Anzie1234567890,NA,4,Love. Great app would be even better if you could link with friends and compare?!,NA,NA,NA
com.kevinholesh.Moment,keenojohn,NA,5,Excellent.. Really made a difference for me. Highly recommend.,NA,NA,NA
com.kevinholesh.Moment,Memapants,NA,5,Love it. Just love it,NA,NA,NA
com.kevinholesh.Moment,Spike Webb-Chelsea addict,NA,5,This is a great app. This is amazing has help me cut down my screen time greatly; thanks moment! 👍,NA,NA,NA
com.kevinholesh.Moment,Mika-Chan^.^,NA,5,Fab Fab Fab!. Makes me realise how much I am on my phone.,NA,NA,NA
com.kevinholesh.Moment,Apple User 1994,NA,3,Good but flawed. If you use a sleep tracking app such as Sleep Cycle then this app won't be of any use to you. It records your 8 hours of sleep as 8 hours of screen time. You can't delete these sessions and the app doesn't detect them as anomalies. Very frustrating as it's otherwise a good app.,NA,NA,NA
com.kevinholesh.Moment,Poiper1997,NA,4,"Simple, Effective. It just works, it makes you think more about real life and reminds you that less time on a screen is better for your well being",NA,NA,NA
com.kevinholesh.Moment,Rossst12,NA,5,Just get it!. Excelling app for monitoring your phone usage. It's an eye opener how much you use your phone. Put the phone down and get some of your life back.,NA,NA,NA
com.kevinholesh.Moment,spazzysazzysnazzy,NA,4,"Great app. Great app - only thing I don't like is that it tracks you movement! Please remove this! Anyway, really great app didn't realise how long I was on my phone!",NA,NA,NA
com.kevinholesh.Moment,Cdroo,NA,5,"Moment. A really good app, and it's so useful! Now i can see just how much i go on my phone, and trust me it's so much more than i thought... about 8 hours on some days. This really helped me cut back on it too, 10/10 would recommend:-)",NA,NA,NA
com.kevinholesh.Moment,Stuarth994,NA,5,A Great App. This app has made me realise just how often I am on my phone and has really helped me make better use of my time.,NA,NA,NA
com.kevinholesh.Moment,Lacey 💞,NA,5,"Really lovely app!. Gorgeous layout and general design, I love how this is an app that I can check now and again to see how I'm getting along. It has a lot of PRO features which you obviously have to pay for but this is only fair for the developer as it's clear how much time they've spent on making this wonderful app. I think the idea of the boot camp is great, I should definitely give it a try! Longest time I've recorded using my phone in a day was 8h 54m!! You can also use an insight feature which shows percentages for the usage of each app- again, a great idea and can help me target my weak points!",NA,NA,NA
com.kevinholesh.Moment,OLYMPUS Gaming,NA,4,Great but drains Battery. It's a great app but my battery 'fell off the cliff' having to leave the app open in the background all the time,NA,NA,NA
com.kevinholesh.Moment,Sac28008,NA,5,Perfect. Nice App,NA,NA,NA
com.kevinholesh.Moment,AlexWhitehouse,NA,5,"Amazing. Not only is the design of the app great, the aesthetic and ease of use makes it available for all ages. I was very impressed with the design and the thought that went into the tracking features without breaching privacy or Apple TOC. Definitely would recommend !",NA,NA,NA
com.kevinholesh.Moment,Asia 57320,NA,4,"Nice design. Clear, easy to use, accurate, downside is lots of options that are only available with pro version",NA,NA,NA
com.kevinholesh.Moment,Nico Bellic 2008,NA,5,"Immense, will make you use your phone less yet achieve more. As above",NA,NA,NA
com.kevinholesh.Moment,Toffeemanmike,NA,5,Get off your phone. My phone habits were terrible. I had this app on for over 500 days and stats I got back were shocking. Over 5.5hrs a day on my phone a day. I was on my phone for 33% of my waking life. So took up the boot camp option and changed my habits. It's made me so much more aware of how much time I spend on my phone and how I neglect my real life outside of screen time. Great app. Seriously recommend it.,NA,NA,NA
com.kevinholesh.Moment,Kat17189,NA,1,"Don't buy the premium!. To track your app usage it asks you to take a snapshot of your battery usage in iPhone. This doesn't work and doesn't get transported to the app. It is also set to weekly but it bothers me daily.The scheduled screen-down time doesn't work, whatever time you set it just goes off whenever.It also doesn't accurately count how long you use your phone. I have been on mine hours and it only says 15 minutes.It is supposed to send a ping noise every few minutes of use but doesn't... basically nothing on here works and I have wasted my money.The best thing, the creator specifies that there is no support for this app. He says he appreciates feedback but no troubleshooting and he is not replying to me email regarding the things that don't work. The worst app I have ever downloaded and I feel conned.",NA,NA,NA
com.kevinholesh.Moment,tuff studio,NA,5,Helpful. Very informative and great help to organise your time better,NA,NA,NA
com.kevinholesh.Moment,NevstarInSheff,NA,5,"Gem of an app. Only just found this app! Very insightful, helps you to realise just how much time you waste on your phone! 5 stars",NA,NA,NA
com.kevinholesh.Moment,Myesmf82,NA,5,Steel hand in velvet glove. You buy this app to keep you in check and it does it quietly but firmly.,NA,NA,NA
com.kevinholesh.Moment,SGos,NA,5,This is a great app. After listening to the podcast Fresh Air about the addictiveness of smart phones where this app was mentioned I downloaded this and already I have cut back on my mobile phone usage. I highly recommend this app.,NA,NA,NA
com.kevinholesh.Moment,71kat,NA,5,how do you spend my time...?. if you are a stats freak then you will love this app. Tells you everything about your day and your phone. Cool the geo-tracking too. The apps you spend more time on are for work or leisure ?,NA,NA,NA
com.kevinholesh.Moment,Pink panda 54321,NA,5,Amazing!. Absolutely amazing app! Really helps you think about how much time you spend on your device! I can't fault it!⭐️⭐️⭐️⭐️⭐️,NA,NA,NA
com.kevinholesh.Moment,Callum Luce,NA,5,"Love this. Would recommend to everyone, really makes me open my eyes to how long I actually use my phone. I love it.",NA,NA,NA
com.kevinholesh.Moment,By gones,NA,2,I find it pointless. Maybe I'm not using this app right but the fact that I have to screenshot my battery usage screen every day is tedious and by looking at said screen I can find out how long I spent using a particular app. All Moment does is feed this information to the app from the screenshot and put it in a bar chart. I could just look at the battery usage screen rather than Moment to find the same information.,NA,NA,NA
com.kevinholesh.Moment,Zigzaging,NA,1,Just use battery use. There is no difference between having this and looking at the battery phone use.,NA,NA,NA
com.kevinholesh.Moment,AleXashA228,NA,5,"GREAT APP!!. I quite liked this app and I got my friends to download it so we could compare how much we used our phones which we all liked. To improve this app, in stats it should say how much time you have used your phone in total, by adding all times for all days.",NA,NA,NA
com.kevinholesh.Moment,OhDamnItsMe,NA,4,Good. It's good but I wish that you wouldn't have to pay to have a daily usage limit.,NA,NA,NA
com.kevinholesh.Moment,Mimzer1999s,NA,5,"So interesting. Great app, love it!!! Free version has everything u need. Has really helped me cut down my phone time, very interesting data analysis page, able to tell u when exactly you have been on ur phone; not only helpful for cutting down phone use but for working out timings of things. Only criticism is that the colour coding system is vastly inappropriate for me, all my days are red giving no real idea of progression across days. All these people are saying it drains ur battery BUT IT DOESN'T! also u don't have to do screenshots if u don't want to (I don't and the app experience is much easier)",NA,NA,NA
com.kevinholesh.Moment,Asdgjgdhjifhbyj,NA,2,Error?. I just got the app and I had been on my phone for 15 minutes then I turned it off. After 6 hours I checked it and it said that I had been on my phone for 1h 06mins which is strange because I have only been on it for 15 mins...,NA,NA,NA
com.kevinholesh.Moment,Ahah eBay's ahaha. S,NA,1,"Terrible. The app is inefficienct For the app to say how long we have been on our phone for you have to keep the app open for the whole time! Have to screenshot your battery usage every day for it to work, and all the app does is put it in the categorises of how much battery and minutes was spent on your phone on each different app. So slow and timings are unacceptable So much less efficient as it says on the app when you press learn more",NA,NA,NA
com.kevinholesh.Moment,Sphygmus,NA,5,"Yes.. Great app. Well updated, innovative and great customer service.",NA,NA,NA
com.kevinholesh.Moment,Sigmaalphaupsilon,NA,2,"AAA battery drain!. This is a great app for controlling your phone usage - but as it requires location services to be on in the background, it drains the battery like no other app on my phone, to the point that I can barely get through the day without having to charge it. With regret, I've had to delete it.",NA,NA,NA
com.kevinholesh.Moment,The Mummie,NA,3,"almost nearly perfect. Update: I spent more time on my phone each day after started the 14 days sessions - not sure if this is a coincidence-----Able to exclude certain apps, didn't notice!-----It starts a day from midnight which doesn't work for me (and probably many other people). Thus I have no way to use the 14 days thing - the app gave me 20ish notifications saying no phone usage before '8:30' before I went to bed in the morning - if only there's something in settingAlso not everyone has a kitchen so I had to skip the second day; and I use sleeping app to track my sleep so putting my phone anywhere far from my bed wouldn't suit meOne big prob is that it quits itself so I have to constantly be checking if it quit againBut in general it's good to know how much time you've spent on phone so thank the developer ! Hope it gets better",NA,NA,NA
com.kevinholesh.Moment,Pauleatschinesepeople,NA,5,Simple and powerful. Almost instantly after using the app for the first time I knew it would be a regular app I use. I feel like everyone should have this app,NA,NA,NA
com.kevinholesh.Moment,Paul Chris Jones,NA,3,"Drains the battery. It's a good app but it drains the phone battery quite a bit. Last I checked, it was responsible for 11% of my battery usage over the past week. With a heavy heart, I'm deleting the app so I can save battery life.",NA,NA,NA
com.kevinholesh.Moment,elizanoodle,NA,5,"Excellent app. I've been using the free version of the app for a month or two now & have only just upgraded, but I can already tell it will be money well spent. The features I now have access to are exactly what I was looking for to try & curb my phone use, e.g. notifications about length of time spent on phone, setting a time limit per day & even being forced off your phone if you overstep your time limit. You can also exclude certain apps from your time limit which is really useful. Recommended :)",NA,NA,NA
com.kevinholesh.Moment,psychrophile,NA,4,"Great app, almost perfect. Highly recommended so definitely give it a go. Very useful and keeps you mindful of when you spend hours blindly cruising your phone. The settings are very customisable but the one feature it lacks is day-specific monitoring (i.e it can't distinguish between weekends and weekdays so the settings for both have to be the same).",NA,NA,NA
com.kevinholesh.Moment,Leanna801,NA,5,Really clean and simple. Great app☺️,NA,NA,NA
com.kevinholesh.Moment,Loljialoldjsk,NA,5,It's amazin. Amazing g. Init g man fam g,NA,NA,NA
com.kevinholesh.Moment,Euan Chalmers,NA,5,"This app has changed the way use my phone. This app is brilliant it provide alot of information time on phone,number of pick ups e.t.c and displays it all in readable and elegant graphs.the only downside is it uses alot of battery.Thanks moment",NA,NA,NA
com.kevinholesh.Moment,Dray the shadow,NA,5,Enlightening and educating. I didn't realise how much my phone usage was over taking my life. Hoping to focus more on real life with guidance from moment.,NA,NA,NA
com.kevinholesh.Moment,Traveller on this game,NA,5,"Amazing. This app is absolutely amazing! Even though you have to keep your location on which does drain your battery a bit, it is still very good and shows me all the stats for how long I am on my phone for.",NA,NA,NA
com.kevinholesh.Moment,Space Ape,NA,3,"Useful but so annoying. This is app requires so much maintenance that it's beginning to outweigh its usefulness. It tells me several times a day that it has suspended tracking or has crashed so I have to launch it again and again. And then the screenshots, oh the screenshots! The daily screenshots were annoying and then the developer came up with a better solution only for it to be broken in iOS 10 (not his fault). The move to a weekly screenshot would have been great if it didn't continue to ask me all the time but it does. It asks every time you open the phone until you comply which is impractical if you're busy and on a cell connection where you want to conserve date. Even then it sometimes says I did it wrong only to inform me minutes later that it's good. Oh, and it duplicates every single notification so I get 2 of everything. STOP making me maintain this ever so annoying app!!! At least add a snooze button!!! As for the app itself it can be very useful and an insight to your usage habits but other apps are beginning to show up that offer more features, like 'instant'.",NA,NA,NA
com.kevinholesh.Moment,Wetrag2000,NA,2,"Disgusting. It may tell you how much you have used your phone, but not how much battery it wastes. It came to my attention today that a third of my battery life has been used on this pathetic excuse of an app for over a year now, brilliant, definitely worth a download.",NA,NA,NA
com.kevinholesh.Moment,Ronir00s,NA,5,"Amazing. I like this app,...it tells me how long I spend on my phone, break down when and how long I use it ☺️I even manage to break my own record of being over 17h on the phone in one day!!!I know is bad but couldn't help may self 😂",NA,NA,NA
com.kevinholesh.Moment,adgbjhrvjk.jipekfo#,NA,5,SO USEFUL. 10/10,NA,NA,NA
com.kevinholesh.Moment,PMiss16,NA,5,Great app for working out how addicted to our phones we really are!. Love this app - I look at my phone too much and now I know exactly what I'm wasting time with.,NA,NA,NA
com.kevinholesh.Moment,The unicorn 💗🦄,NA,4,Get it if you know what your signing up for 😏. You have to pay for the best of the moment it cost 99p so re think if you can't pay thanks for your reading.🤗,NA,NA,NA
com.kevinholesh.Moment,12345london,NA,1,Useless. Wasted £4 on this. All pro elements don't work. Individual app tracking doesn't work. And contact for tech complaints crashes the app so no feedback. Rubbish,NA,NA,NA
com.kevinholesh.Moment,audioactiv,NA,5,Love love love. This is great stuff that helps one to be aware of ones own behavior.,NA,NA,NA
com.kevinholesh.Moment,Go away BMW,NA,1,Uh ?. Won't let me access the app unless I write a review ??,NA,NA,NA
com.kevinholesh.Moment,Y??.,NA,5,Good. Had it for a year now it's really good,NA,NA,NA
com.kevinholesh.Moment,Ean66,NA,1,Pretty pointless. Doesn't work on large font setting and tops the list of apps for battery usage - the very defintion of ironic.,NA,NA,NA
com.kevinholesh.Moment,Lamberth31,NA,4,App. Good,NA,NA,NA
com.kevinholesh.Moment,Sassy gymnast,NA,5,"Good😬. Forced to rate it though, apart from that, really good😀",NA,NA,NA
com.kevinholesh.Moment,Pabbiel,NA,1,Annoyingly forced me to rate. This is three days of forcing me to rate even though I have already rated the app I have contacted the developer but they can't be bothered to reply. If it isn't fixed soon I will ask for a refund,NA,NA,NA
com.kevinholesh.Moment,Blue face 123,NA,5,"Good. A good app, but the new update forces you to write a review.",NA,NA,NA
com.kevinholesh.Moment,X fb h,NA,3,"Good App, but can't be used now without rating it first. It does the intended job well, but forcing a review isn't great, hence 3 stars.",NA,NA,NA
com.kevinholesh.Moment,Chals2012,NA,5,Good. Excellent app. But version 3.0.1 doesn't allow me enter unless I rate this app!!,NA,NA,NA
com.kevinholesh.Moment,Gabsie girlie,NA,4,"Useful. Good app, easy to use and helps me keep track of bad phone habits everyday. It's a bit annoying that the app has to be left running in the background in order to see how long i've been on my phone that day. It crashes on the odd occasion but in general the app does it's job well :)",NA,NA,NA
com.kevinholesh.Moment,Mummy iPhone,NA,5,"Great app. Can't believe how often I used my phone, but forewarned is forearmed. Much more aware and able to monitor usage to keep it within reasonable limits with this fab app! Thanks.",NA,NA,NA
com.kevinholesh.Moment,sullyosososososos,NA,5,"love it!. great app, I found out that I spend WAY too much time on my phone, and also I could find out how I spend my time☺️☺️",NA,NA,NA
com.kevinholesh.Moment,Kiwi Tangent,NA,5,"Excellent app - useful and well designed. This is an excellent app. It is easy to use and useful. I have been using it for several weeks, learned a lot about my (mostly bad) phone use habits and will be keeping it on my phone for the foreseeable future.",NA,NA,NA
com.kevinholesh.Moment,Azmotic,NA,5,Good App. Helps you keep track or you phone usage,NA,NA,NA
com.kevinholesh.Moment,Skakanaia w. Wjqnna,NA,5,Moment. This is such a good app,NA,NA,NA
com.kevinholesh.Moment,Moricome,NA,5,Scared.. Didn't realise how much time I'm on my phone. Really scary. Where can I call for help? wait I'll grab my phone for help.,NA,NA,NA
com.kevinholesh.Moment,Stanleii,NA,5,Great app. Really great app! Use it everyday to track usage. Even better now there is a way to track what apps have been used. Thank you (:,NA,NA,NA
com.kevinholesh.Moment,Insertanicknamehere12344,NA,5,"i absolutely love moment!. thanks for making this app Kevin, you're a lifesaver",NA,NA,NA
com.kevinholesh.Moment,Cazabazabee,NA,4,App. Really good app,NA,NA,NA
com.kevinholesh.Moment,TheRJam,NA,1,"App keeps giving error 'force quit'. I used this app about a year ago and it was great.My phone usage has started to get out of hand, so I downloaded again yesterday.Both yesterday and today the app gives me a big red force quit error message and stops tracking my usage, despite getting a green error message that it's tracking again.Maybe an issue with the latest version?Now looking for an alternative.",NA,NA,NA
com.kevinholesh.Moment,Jackbecool1,NA,5,Solid app. Helps you track your digital addiction.,NA,NA,NA
com.kevinholesh.Moment,Njknfevounou,NA,3,Helps a little. Helps moderate time on phone but doesn't distinguish between apps. I want it to monitor active use. I have had music in for 2 hours rather than actively using my phone but moments doesn't distinguish or allow you to exclude some apps.,NA,NA,NA
com.kevinholesh.Moment,Poaseasteer,NA,4,Really amazing. Helped me detach from my phone and helped me live my life in the moment!,NA,NA,NA
com.kevinholesh.Moment,Maxre123,NA,5,"Would highly recommend. If you feel that you use your phone too much, this app is perfect for you. Not only does it tell you how often you go on your phone each day, but it also tells you how many times you have picked up your phone each day, on average how often you pick up your phone, and even what percentage of your life you spend on your phone! The app even contains a 14 day boot camp to help reduce phone use. I found it extremely useful!",NA,NA,NA
com.kevinholesh.Moment,Safty1,NA,5,Moments. Such a good way to control how much time you use in your phone,NA,NA,NA
com.kevinholesh.Moment,appybloke,NA,4,Eye-opening. Great app to help eliminate phone addiction and tech neck. Would benefit from some social network integration to compare usage with friends just like step-counting apps.,NA,NA,NA
com.kevinholesh.Moment,Khloe1234775432221,NA,1,Disappointed. This app completely drains my battery when running in the background. Also why. Is the app picture so random? 🤔,NA,NA,NA
com.kevinholesh.Moment,Ominater,NA,5,"Works very well. This app works very well, and has a nice interface too. The app tracking method uses a good method - a quick screenshot of the battery page is as good as possible on an iPhone.Give it a try if you want to know how much time you spend on your phone",NA,NA,NA
com.kevinholesh.Moment,Jelly hi,NA,5,"Amazing!. It works really well, I haven't got the pro but still of use. If you really need to spend more time outside and need that extra push I am sure that it is worth paying that extra little bit for the pro version",NA,NA,NA
com.kevinholesh.Moment,MHY_700,NA,5,Actually works!. This app actually helps you to use your phone less and realise what you clouds be doing in time that would be spent on your phone. Really good. A must have.,NA,NA,NA
com.kevinholesh.Moment,Jamie 112233445566778899,NA,5,Decent. Decent,NA,NA,NA
com.kevinholesh.Moment,Abdullahuk,NA,5,"Makes you rethink about your relation with your mobile. Love this app. Reliable, no crush .. Use it to change your habits and the time you spend on mobile phone",NA,NA,NA
com.kevinholesh.Moment,RyanBall14,NA,2,"Drains Battery. Good App as it does show how much you're on your phone e.g 2.5 hours. However, you have to submit your own data daily by taking a screenshot of your battery page.By looking at the battery page I saw that ""Moment"" was significantly using the most due to background activity.",NA,NA,NA
com.kevinholesh.Moment,Ben0rme,NA,2,"Frustrated. I really wasn't expecting much when app tracking was in the update description, as it was an app being developed by what was clearly one, or very few people. Unfortunately, even these low expectations were shattered when I discovered that I had to do what should clearly be being done by an algorithm (manually submitting my app usage data). Very disappointed. Fix it.",NA,NA,NA
com.kevinholesh.Moment,Jsp42,NA,5,Amazing. Such a good app,NA,NA,NA
com.kevinholesh.Moment,MattyMop,NA,5,So Good!. We can easily fall into the trap for using your phone too much. This app is an amazing way to track that and the action plan how you improve and get present in your life! Get it now. You'll be glad you did.,NA,NA,NA
com.kevinholesh.Moment,Isabel James,NA,5,Jones.16. Such an interesting app - the results totally shocked me! Really good way to monitor usage and begin to cut down accordingly.,NA,NA,NA
com.kevinholesh.Moment,Siby99,NA,5,Great app. This is a great app and it give so much information abiut your daily use... I definitely recommend it.,NA,NA,NA
com.kevinholesh.Moment,Kameloil,NA,2,"Not so much. Nice idea but 35% of my battery a day, no thanks.",NA,NA,NA
com.kevinholesh.Moment,Leaxyy,NA,5,"I love the app BUT BATTERY ISSUES. love the app and its purpose + features. HOWEVER, 47% of my battery consumption has been purely by this app alone :( pls fix this",NA,NA,NA
com.kevinholesh.Moment,andylizlukeadam,NA,3,"Good, but not perfect!. It's a really useful app, but I want it to just run in the background without having the app open. When you close the app it pauses the monitoring. That's okay for my phone, but tracking what your kids are doing its too easy for them to close it themselves. Also, it sometimes doesn't restart after the phone goes into low power mode. Would probably be 5 stars if these issues were resolved.",NA,NA,NA
com.kevinholesh.Moment,Ne0nPink,NA,2,"Great concept. But drains my battery so hard when I'm using my phone, so had to uninstall. Sort it out please!",NA,NA,NA
com.kevinholesh.Moment,RealSirTophamHatt,NA,2,"Drains Battery like a Thirsty Dog. A great app idea.However, it WILL kill your battery.The app requires access to location services ALL THE TIME. Check out the little arrow near the battery icon. It's always on with this app.There is no real reason why the app needs access to location services permanently, instead of periodically, so it's a great idea but poorly built.",NA,NA,NA
com.kevinholesh.Moment,Jam jar 77,NA,1,"Great idea BUT. Whenever I quit the app to stops tracking me. It should work in the background but doesn't.All my other background apps (Moves eg.) work fine in the background. Other than this, fantastic idea!",NA,NA,NA
com.kevinholesh.Moment,Shaun BMA,NA,5,Good. Interesting,NA,NA,NA
com.kevinholesh.Moment,abdelrahmanbattah,NA,5,Great app. Great app just wish it didn't need location service on,NA,NA,NA
com.kevinholesh.Moment,ODK83,NA,1,Avoid destroys your battery. This app drained my battery I was going from 49% to dead in two minutes. Also slowed my charge rate down.Avoid it. Battery is working normally now. Developers should be banned for being incompetent,NA,NA,NA
com.kevinholesh.Moment,jonnysnod,NA,2,Moment. Fantastic at getting you to limit your phone use...as it eats the battery. By 5pm I had used my phone for 26mins that day and had 29% battery remaining. I removed the app after 5 days.,NA,NA,NA
com.kevinholesh.Moment,A123451234512345,NA,5,"Amazing app. This app is just brilliant! Really clear format and great stats! Love it, would highly recommend! :)",NA,NA,NA
com.kevinholesh.Moment,Tilda13💓,NA,5,Brilliant. Really good app use everyday and had improved how much I go on my device each day.,NA,NA,NA
com.kevinholesh.Moment,Jaderererered,NA,5,Gives you an idea of how much time you waste. Good app,NA,NA,NA
com.kevinholesh.Moment,KKBORO,NA,1,Massive battery drain. I've only been using this app for a couple of days but having to delete it as it drains the battery sooooo fast.,NA,NA,NA
com.kevinholesh.Moment,Thisdestroyedmybattery,NA,2,This destroyed my battery. This destroyed my battery.,NA,NA,NA
com.kevinholesh.Moment,Mackrelb7,NA,1,my battery is in pain. Just took 75% of 85% battery in 7 minutes.,NA,NA,NA
com.kevinholesh.Moment,Ksbrgfornj,NA,5,Excellent app. Great app that lets me view how long I spend on my phone!,NA,NA,NA
com.kevinholesh.Moment,-d-w-,NA,2,Battery destroyer. Understandably has to be left running in the background but it kills my battery. As it is it is not functional. Perhaps the usage limits are enforced by running the battery down?,NA,NA,NA
com.kevinholesh.Moment,jannelaine,NA,4,"Great Concept, Battery Destroyer. Imagine having Google tracking on all day and you have some idea of how quickly this app decimates your battery life. Fortunately, if your trying to limit your phone use, it kind of works, but only if your time on it is very very limited (<2hr/day).It tracks screen time (not audio) which is somewhat useful, but also not reliable because with certain apps (like MagicApp, used for free calling), though the screen is off the app still times. So it's a bit unreliable. It would be better to have options to do audio, video, or both, and most importantly have it track accurately.But overall I'm thankful it's out there and helping people like me get their screen addictions under control.",NA,NA,NA
com.kevinholesh.Moment,...someone...,NA,5,😊. This app has really helped me to cut down on my phone time simply by making me conscious of the amount of time I'm sat staring at it! I found the price of the Pro pack good for the amount of features it unlocked. I definitely recommend this app!,NA,NA,NA
com.kevinholesh.Moment,Idekluis,NA,5,All good. It's super insightful to see how long I spend on my phone each day- crazy hours!,NA,NA,NA
com.kevinholesh.Moment,MirandaVML,NA,5,"Brilliant app & developer. Great app, works very well. Use for whole family. Had a problem with family subscription activating. Emailed developer got response and problem solved in a couple of hours. He even gave me an extra month free for the minor trouble.",NA,NA,NA
com.kevinholesh.Moment,chrisashton33,NA,1,"Battery Life Gone!!. This app completely drains your battery so quickly , I had to delete it so my phone didn't die half way through the day!",NA,NA,NA
com.kevinholesh.Moment,T Dog UK Masif,NA,5,"Awesome, but scary. I am not a teenage girl but this has highlighted the frightening amount of time I spent on iPhone. Have found so much more time in the day since using it.",NA,NA,NA
com.kevinholesh.Moment,Danelephantman,NA,5,Very good. Have recommended to friends. Is a cool way to see how addicted to smart phones we really are!,NA,NA,NA
com.kevinholesh.Moment,Smir123456,NA,1,"Why location. I think it's ridiculous you can only use this app if you share your location with it AND location services are switched on.For that alone, it's a 1 star for me.",NA,NA,NA
com.kevinholesh.Moment,Stuartsco,NA,5,"Superb App!. Simple, easy to use interface that works super effectively at tracking the time spent on your phone without running down the battery life. Will be recommending to friends!",NA,NA,NA
com.kevinholesh.Moment,DJ1906P,NA,5,I love this app!. I spend far too much time checking in and out of this mobile app...esp love the mapping side of it and being able to track where I have been on a day to day basis. Moment is a brilliant tool for making me aware of just how much I do use my mobile phone during the course of the day. Many many thanks Kevin!,NA,NA,NA
com.kevinholesh.Moment,Mega anon 99,NA,2,Okay. It's okay but why does it Insist it has to track me 24/7?,NA,NA,NA
com.kevinholesh.Moment,Grant (GH),NA,5,Very impressive!. I love this app! It really helps me in disciplining myself to only use my phone occasionally. I strongly recommended it for everyone.,NA,NA,NA
com.kevinholesh.Moment,soos12354,NA,5,"Eye-opening app. I was recommended this app by a friend. It is truly an eye-opening app, it simply tells you how much you spend on your phone daily. After using it for a while I noticed some flaws in it; which are: it counts the time that I spend on my phone listening to music (while the iPhone is unlocked) and the time that I spend on a call. I only thought it would count the time that I spend it on social media or texting or surfing the web; but obviously this is a computer, it cannot tell the difference between wasting time or actually using my iPhone for something essential.",NA,NA,NA
com.kevinholesh.Moment,tyson12345678,NA,5,Cool!. It actually works i recommend this to everyone 👏👌,NA,NA,NA
com.kevinholesh.Moment,Doodle Jr,NA,5,Useful (and scary)!!!!. Worth the download 100%,NA,NA,NA
com.kevinholesh.Moment,Usernamegoesherelol,NA,5,"Useful!. This app is great! For the time I've had it, it's very useful and easy to use- I would 100% recommend the download- it's display is really easy to understand and use- you can also track your mood during your period. A win win for me!",NA,NA,NA
com.kevinholesh.Moment,Sm haysjsjhs,NA,5,great. great app with improvements with every update (which are very regular!),NA,NA,NA
com.kevinholesh.Moment,ISIS=ISRAELsecret IntelService,NA,1,"I don't want to give you. My location, for it to track your usage automatically you HAVE to give them your LOCATION, NO!!!",NA,NA,NA
com.kevinholesh.Moment,Alpha 1 one,NA,1,Moment. Absolutely rubbish,NA,NA,NA
com.kevinholesh.Moment,Voarsh,NA,4,"Good app. Good app, I found a use my phone less than I thought I did.It would be good if you organised the time spent on your phone in the form of a calendar so it wouldn't just be a gigantic list of dates and time.",NA,NA,NA
com.kevinholesh.Moment,Twitter:andrewhartifa,NA,5,"Super simple and useful. Thank you for creating a simple, easy to use time tracking app. I've learnt a lot since using it. Also Kevin the founder is easily contactable and happy to receive feedback.",NA,NA,NA
com.kevinholesh.Moment,BZ_CHEN,NA,5,highly recommended. highly recommended,NA,NA,NA
com.kevinholesh.Moment,Mairi777,NA,5,Love this App. I always feel I spend too much time on my phone. This app has helped me track how long and when I have been on my devise to help cut down the time. I also can set time limits which is great.,NA,NA,NA
com.kevinholesh.Moment,IkerCasillas21,NA,1,"Crazy!. To begin with, I was impressed with the app! But then realised it said I spent pretty much my hole day on my phone when I had spent less than an hour so I deleted it.",NA,NA,NA
com.kevinholesh.Moment,nirpan,NA,1,"Just does not work. So I paid what I think is a pretty decent sum for what is a single feature app after you guys came in NY Times and I loved the concept but good grief it just doesn't work at all. Apparently I have been on my phone 14 hours today, it automatically stops tracking and has a brain of its own. And it seems it is not isolated and has happened for a while. Well woe to me for not reading the comments but I will be uninstalling it for now and giving it a try after a while if the bugs are fixed. If they can't be fixed, it is basically useless.",NA,NA,NA
com.kevinholesh.Moment,Rosie@02,NA,1,Awful!. This app was nothing like it said in the advert. All it did was count how many minutes you used your phone and you have to pay to get all the other features that I wanted to use the app for.,NA,NA,NA
com.kevinholesh.Moment,2 star app,NA,1,Useless. Unless your willing to pay £3.99 for they payed version which there are lots of similar apps out there only requiring 69p then it doesn't do anything other than tell you how much time you use 😑,NA,NA,NA
com.kevinholesh.Moment,Heckypeckythump,NA,1,Hmmmmm. It seems your app doesn't count the same amount of seconds in a minute as I do!! In three mins it appeared I'd been on my phone 13 mins. I'll be deleting this app now.,NA,NA,NA
com.kevinholesh.Moment,Crooky321,NA,2,Good idea but extremely inaccurate. It seems to show way less usage than I actually do. I've been on my iPad for around an hour yet it only shows 15 minutes?Exactly the same case in the days before so it's not an issue of the app not refreshing. Running an iPad Mini 2.Does it only count menu browsing?,NA,NA,NA
com.kevinholesh.Moment,JoshWilk,NA,4,It's good but. It's a great app but it says you can only have a max of six hours. Does that mean using the phone or the app running.,NA,NA,NA
com.kevinholesh.Moment,jessisginger,NA,5,"Very insightful.. Easy to run, doesn't drain battery/Internet, no problems. Worrying findings! Haha",NA,NA,NA
com.kevinholesh.Moment,MoggyW,NA,2,"Hmmmm.. Great idea but in practice, doesn't cut it. Even if you follow all the battery saving advice it's taken 40 percent of my entire battery in three hours, and to top that it hasn't in any way accurately recorded me using the phone - when I lock it and put it down it continues binging telling me I'm using it, so I know it's inaccurate.Also no matter how much you read the privacy and faq's, I'm still not getting why it needs to track you 24/7, when it doesn't even know when the phone is locked or not! Again, lovely idea if it actually worked!",NA,NA,NA
com.kevinholesh.Moment,Eleanor_gashy,NA,4,"Moment. Rlly good app, only really got it because buzz feed used it and was intrigued to see how much I use.",NA,NA,NA
com.kevinholesh.Moment,_Artemis_,NA,3,"Love this app, but.... This app is fab if you're home all day. Not so great when you're out. The concept is brilliant- however, the amount of battery this app chews through makes it unusable if I want to leave the house- after practically no use it was at 20% from 100% in about five hours. If this gets sorted in some way (hope there is some solution) I will definitely re-download because I really love the app otherwise.",NA,NA,NA
com.kevinholesh.Moment,DX.....,NA,1,Useless. Useless software. It tracked me used my phone for 6440 minutes today.,NA,NA,NA
com.kevinholesh.Moment,JohnBoy_64,NA,1,"It demands to track your location at all times. It's a good idea, but I won't be using this. It won't work unless you allow it to track your location constantly, which is awful for battery. Tracking is a pointless feature that it won't work without. You also can't specify which apps you wish to be tracked (eg. turn off tracking for iPod).",NA,NA,NA
com.kevinholesh.Moment,eish2306,NA,5,"A**. Great app - the data will probably scare me - but good app, well designed would be nice if it It would allow me to see all my devices - phone and iPad on one device - it would also be really great to see my mac usage as well - track whenever typing or using a pointing device perhapsTo see all devices it would be nice to have one time stream which splits - think tube map style if different devices are being used at once - use different colours and icons for the different devices - and set a individual device limit and a daily technology limit.edit - having emailed Kevin he says some features mentioned above are on their way! #greatapp",NA,NA,NA
com.kevinholesh.Moment,trbails,NA,5,"Highly recommended. More and more I found myself spending a little too much time staring at screens rather than enjoying life!! I also wanted to know when I was working, how long I actually spent on projects. This app is perfect, simply executed, there's is no difficult interface or a hundred options to choose from. The alarm for saying 'times up' was also a real plus. I had a question about the app which I emailed to the developer, Kevin came back quickly and helpfully which was great, if only everyone was like that! I recommend this app.",NA,NA,NA
com.kevinholesh.Moment,?????4,NA,3,Location Tracking. Hi. Why does the app have to know where you are in order to track your usage? Sounds like a great app but I'm not keen on being tracked all day so this bit is putting me off and it looks like you can't turn that piece off?,NA,NA,NA
com.kevinholesh.Moment,UrbanAngel,NA,1,"Useless - doesn't work, inaccurate. I have wanted an app to record iPhone use for a while so was pleased to discover this one. What a disappointment! It is useless. It doesn't count all activity for some reason. It's like it counts for a while then seems to freeze, skips a bit and then starts counting again. What good is that? Also is supposed to show use over 24hrs but it seems to run days together and not realise it's counter needs to reset between 24hr periods. Also DRAINS battery life. For the first time ever I have had the cost of an app refund from the App Store. Terrible. Avoid.",NA,NA,NA
com.kevinholesh.Moment,Arba jarba dah,NA,1,"Disappointing.... Tried everything, but still won't work. And apparently I'm situated in the North Atlantic Ocean, hmm.",NA,NA,NA
com.kevinholesh.Moment,Leesaaa36,NA,2,"Great idea, shame it drains battery. Great idea and I was really interested to see how much I used my phone each day. Unfortunately the need for it to be using GPS to track how much you use your phone in different locations drains the battery. Needs an option for not using this GPS function - I'm just interested in how much I've used the phone, not where. As it is it's a waste of money.",NA,NA,NA
com.kevinholesh.Moment,q4smit,NA,1,My bad!. I should have looked into this more closely and not thought 'that's a good idea'.. It isn't... it's a pointless App and a complete waste of money. Where do I get my money back?,NA,NA,NA
com.kevinholesh.Moment,alanhardisty,NA,3,"Great idea but drains battery badly. I liked the idea of this app purely to see how much I used my iPhone (which isn't that much compared to some), but ever since installing it, my battery life dramatically reduced and the phone would never properly go into standby as verified by the usage statistics (standby vs usage).As it stands, I won’t be using the app again until the battery issues are resolved.",NA,NA,NA
com.kevinholesh.Moment,rsmrobin,NA,1,"Doesn't work. Unfortunately this app does not work correctly. It must be showing at least 5 if not 6 times my actual usage today. Maybe it continues counting whilst on charge (screen illuminated), but either way it's totally inaccurate. Shame because the interact is quite good and I imagine the developer is restricted by the OS rather than it being a purely bad implementation.",NA,NA,NA
com.kevinholesh.Moment,ghall702,NA,5,"Brilliant. App helps me keep control of how much time I spend using my iPhone, thank you so much😉",NA,NA,NA
com.kevinholesh.Moment,Sazzmorris,NA,1,Doesn't work. Just downloaded this. Using iPhone 5s and it is constantly bringing up message saying paused (every minute and a half). Read through the help function however none of the issues related to this error message are occurring. This just doesn't work.,NA,NA,NA
com.kevinholesh.Moment,newrads1,NA,1,"Don't bother. Kills battery and doesn't work properly, gives me incorrect readings, it's counting the time when my iphone is locked towards the time I use my iphone.... Useless :(",NA,NA,NA
com.kevinholesh.Moment,nix891093826,NA,1,"Terrible. Genuinely an awful app - with iPhone 4s it murders the battery life (my phone drops 15% everytime I check twitter now) , having to have location turned on is a serious flaw and also slightly suspicious, why does an app that monitors our LED usage time need to check our location? Waste of time and money",NA,NA,NA
com.kevinholesh.Moment,Dancing Dave 2,NA,1,"Poor. Poorly develop, overpriced and connecting GPRS tracking to time online making battery life limited. Biggest waste of money. Disappointed massively.",NA,NA,NA
com.kevinholesh.Moment,Matthew Bradshaw,NA,2,Ok but needs work. Great idea and love the app. But being unable to track usage with GPS off is a poor overlook. Needs to be an update which enables the app to track your usage whilst GPS is turned off,NA,NA,NA
com.kevinholesh.Moment,Richduck,NA,2,What is this app measuring?. It ISN'T measuring the amount of time I have my phone unlocked in front of me (which is what I wanted). It seems to be clocking up usage time even when it's locked and in my pocket. And I already use Moves to show where I've been so I don't need it to do that. I installed it on my iPad 2 as well and it definitely doesn't work on there ringing an alarm to tell me I've been on it for 600+ minutes in one day when it's been in my rucksack all the time. I liked the idea of knowing how much time I spend on my iPhone but this app needs development before it can do that with any degree of accuracy.,NA,NA,NA
com.kevinholesh.Moment,laurahardcastle,NA,1,"Don't be fooled. Yes ok, it's quite a cool idea but it's certainly not worth £2.50 and it drained my battery like no other app! I have a brand new iPhone 5 and never seen my battery at 10% until I downloaded this app. I wouldn't recommend it.",NA,NA,NA
com.kevinholesh.Moment,Parisa Rezaei,NA,1,Argh!. Just doesn't work... Wouldn't record time or would record it 24/7,NA,NA,NA
com.kevinholesh.Moment,priteshpastakia,NA,3,"Nice app and idea, and great support. It's a fantastic idea and the app looks great. There is a huge amount of battery drain, but I have faith in the developer to constantly improve this app and continue to provide great support based on feedback. I would recommend this app to others based on its concept but it needs improvements to track, and it's affect on battery.",NA,NA,NA
com.kevinholesh.Moment,FranktheTramp,NA,1,"All a little bit pointless.... It's not really obvious how it works. I activated the 'I'm using my iPhone button' and it seem to count every second since then as time I'm using my iPhone, whether I have or not.I obviously thought it would keep an automatic log of time spent using the device but it would appear not there is no automaticity at all.",NA,NA,NA
com.kevinholesh.Moment,Linnhecreative,NA,3,"Nice, but battery drain. Nice idea and a nice looking app, but constantly tracking location eats battery life. Turning off this feature seemed to stop time tracking but leave location services on?",NA,NA,NA
com.kevinholesh.Moment,marahsg,NA,1,"Doesn't work. I've started the app, activated the ""I'm using my iPhone"" button, minimized the app and used my iPhone for over an hour. Coming back to the app it still says 1 minute. I've tried with without activating the button with the same result.Btw what's the point of the app anyway when I need to activate the ""I'm using the phone"" button? I downloaded this app so it would do exactly that for me...Edit: so apparently it only works if you activate GPS tracking. The map shows places where I have been three days before I downloaded the app but not places I went to today after downloading it.The time tracking still doesn't work.Says 1 minute today, I used it at least three hours.",NA,NA,NA
com.kevinholesh.Moment,lauramfv,NA,2,"Excellent idea but in need of improvement.. Don't like that you can't turn those ""sounds"" off. Nor the fact that it counts music playing as usage.It's an excellent idea, being able to keep an eye on your usage but it needs some TLC.",NA,NA,NA
com.kevinholesh.Moment,Ajaw2,NA,3,"Good idea but needs improvement. I upgraded to get the reminder when limit reached but the max is 120 min and the app tracks when music is playing even when the phone is locked. It would be good to decide which apps to track so music, iBooks, educational apps etc can be excluded or increase time limit to allow for that usage.",NA,NA,NA
com.kevinholesh.Moment,Yury1,NA,2,Great idea but. Too many bugs.Keeps on resetting for me to 0 randomly. Tracks time even when iphone is in standby mode,NA,NA,NA
com.kevinholesh.Moment,Bill Horsman,NA,5,Simple but Interesting. This app keeps it simple and doesn't try to do too much but what it does do it does very well. Really clean design. I can't wait to find out what my usage looks like...,NA,NA,NA
com.riko.suyasaso,Ldnfbro,NA,5,"Love this app... I really like this app, it helps so much with revising time and even rewards you and it’s good.",NA,NA,NA
com.seekrtech.sleep,Zhhp777,NA,2,"Very buggy. I don’t know what’s up with this app but it won’t let me tell it I’ve woken up in the morning, and even though I’ve failed to reach my wake up goal it tells me I’ve failed then immediately tells me I’ve succeeded and gives me a building?! Needs work. Hoping it gets fixed as at the minute I feel I wasted my money. Concept was good.",NA,NA,NA
com.seekrtech.sleep,36796436,NA,4,"Love it. Great app! Love the aesthetics and it really motivates me to maintain healthy sleep patterns while enjoying the game too!However, it would be good if there was an option that allowed you to manually add in whether you achieved your sleep goal as this would solve the problem of accidentally falling asleep without pressing on it (which I did last night haha!), and probably some other one off problems people have too.",NA,NA,NA
com.seekrtech.sleep,WarriorRaptor,NA,4,"Very good!. I feel like this app has really helped me to get into a sleep routine. Before I was staying up until the wee hours of the morning and then getting up either really early if I was at work, or really late if I was off. This made me feel tired all of the time. This app has really changed that, by helping me to set a sleep schedule that works both on my days off and in college or work. HOWEVER. There are some nights, like tonight, that I literally have to stay up, due to unforeseen circumstances. I’m pretty sure that this has been mentioned before, but I think it would be great if we would still be able to lock our phone with this app in these circumstances. As the last person that said it, maybe we would be able to create random items like post boxes and street lamps, and that way we wouldn’t get full buildings but would still get some kind of reward for locking hour phone. Also I hate the fact that we get a destroyed building. I understand that the whole point is to not go on your phone, and to be honest I can’t think of anything better right now, but I feel like it is too punishing and almost says ‘you’ve failed’. However, these are just some small suggestions and I personally think this app is great if you want to set up a sleep schedule for yourself! Thank you!",NA,NA,NA
com.seekrtech.sleep,Chattybattymaddog,NA,5,Exalent. Really good for keeping me off my phone through the night witch means i’m getting 2-3 more hours sleep than what I used to get. Love this app.,NA,NA,NA
com.seekrtech.sleep,jxli2580,NA,5,💤💤💤. Amazing! I always used to stay up really late on my phone until I got this app - I have consistently been getting 9 hours sleep and waking up early for the first time in my life !! 🏡- would like to be able to rotate buildings though,NA,NA,NA
com.seekrtech.sleep,Timothy Woodford,NA,4,Really cool. This app really encourages you to stick to the system but after you unlock stuff it doesn’t let you move them. Says you press and hold but just doesn’t work. FIX PLEASE,NA,NA,NA
com.seekrtech.sleep,Krasi808,NA,5,"Amazing app. Absolutely amazing app,as a toy game ! Thank you",NA,NA,NA
com.seekrtech.sleep,idlm,NA,5,good. awesome,NA,NA,NA
com.seekrtech.sleep,Draw something123456778,NA,5,Great useful app. Use it nearly everyday. Very customisable and helps create good habits,NA,NA,NA
com.seekrtech.sleep,organisationiskey-posts,NA,5,"Brilliant. Amazing, really helps with sleep patterns",NA,NA,NA
com.seekrtech.sleep,M0llySt0rm,NA,5,"Totally reformed!. I’ve always struggled to get a regular sleep pattern due to various factors, including mental illness. But SleepTown makes it so much easier! Even if I still can’t get to sleep, having my phone on a “time-out” at night is pretty soothing. There are definitely times when it’s frustrating not to be able to use my phone but they’re getting fewer and further between.",NA,NA,NA
com.seekrtech.sleep,GabsiGuy,NA,5,"Great app!. This app really worked for me, I have had trouble in the past trying to get to sleep and waking up in time. This app was recommended to me when I was in their other app (Forest, which I would recommend too😊), I liked the idea of it and gave it a try. Thanks!😁🛌🌙💤☺️",NA,NA,NA
com.seekrtech.sleep,Gpgrace,NA,3,"Good!. I still go to school, so some mornings I have to wake up really early and others I like to have a nice lie-in. This app, however, doesn’t allow for that. Also, when you do fail, it keeps a building ruins there, and that is annoying as it is reminding you of your failure - it should be more positive. The bedtime is a little frustrating also because if you miss it, then you don’t have the restriction of not going on your phone. Perhaps if it allowed you to still sleep, but not create a building, that would be better, or just something like a lamppost? Other than that it’s a great start to an app and I use it a lot! Recommend it if you like the Forest app.",NA,NA,NA
com.seekrtech.sleep,Itscslgp,NA,4,"Not as good as forest. Suggestions:•let wake up and bed times be different for some days, like weekends for example.•let buildings be rotatable •animate the buildings with workers or residents that go to sleep at night and are busy in the morning.This app works but is not as good as it could be. I came here from forest and I think i was a bit disappointed.",NA,NA,NA
com.seekrtech.sleep,LJSurfa,NA,3,"Ok. It's an OK app and I understand it is to encourage regular sleep patterns but it is no good for someone who works shifts or has to wake up at different times each day. It almost needs to allow you to go to bed and wake up at slightly different times. For example sometimes I'm up at 630 someone's at 830 but my time of going to bed will be different- it needs to allow for the real life fact that people can't go to bed and wake up at the same time everyday. If it was done on your amount of sleep you get in hours that would be better- ie- I tell it I want to get 8 hours sleep, I set it when I sleep and it sets the alarm for 8 hours later. Also it needs the option to change the alarm volume and even nicer would be to allow me to use my music for an alarm tone. It's a good start to the app but I still find Forest app more useful.",NA,NA,NA
com.seekrtech.sleep,Jakeobel,NA,4,SleepTown 😴. I really enjoy this app! I would like to be able to move my buildings around in the area to make it more like a town! If this is implemented in the next update I will be using this app much more!,NA,NA,NA
com.seekrtech.sleep,LMaryJ,NA,1,"Wasted money on this. Great idea, but the app is useless to me because it has to be kept in forefront of phone screen all night. Since I use a sleep monitoring app I can't do so.",NA,NA,NA
com.seekrtech.sleep,yrymwelydd,NA,4,"Shake Feature. I love this app, just as I do Forest. A brilliant, simple concept, but so effective. I only have two criticisms: 1) Personally I would prefer an option to wake up at different times on different days (e.g. Weekends?) and 2) For some reason, the shake feature does not appear to work on my phone? As in I am never required to use it? Bug in my app maybe, as I see other users utilise the feature? Help! :( Otherwise, brilliant",NA,NA,NA
com.seekrtech.sleep,A UK Maths Student,NA,5,This has genuinely helped get into a better sleeping habit for me!. I enjoy this so much! I get a small sense of accomplishment every morning I wake up successfully and is a wonderful way to start the day for me :),NA,NA,NA
com.seekrtech.sleep,Pinkydot10,NA,3,"Its a create app still a few glitches though. Its a great app and has adds some extra incentives to sleeping properly. Although when I first downloaded it, it repeatedly crashed and I cannot collect revenue from the houses. Even with that it's an okay app, just those are the glitches I experienced",NA,NA,NA
com.seekrtech.sleep,Caitiieeee,NA,5,"revenue. i love the app, however I can't collect revenue from my houses it comes up with (unknown error 401)",NA,NA,NA
com.seekrtech.sleep,ghuehc821,NA,4,Suggestion?. Make the weekends or other days set to a different time as I won't always want to be in bed and awake the same time everyday. Brilliant so far though!,NA,NA,NA
com.seekrtech.sleep,AliceRao,NA,5,Great but. I'm also a forest user just wondering how to get the special house for the special users as said in the forest app?,NA,NA,NA
com.seekrtech.sleep,Villainceeva,NA,2,Annoying. So much worse than Forest. It asks me to set the times every single time I open it and even though I woke up early and shook my phone it says I woke up late,NA,NA,NA
com.seekrtech.sleep,DjMoshling,NA,5,Good tracker. Adds a bit of fun to your sleep tracker,NA,NA,NA
io.magpiedigital.Clar,susieee1993,NA,5,Just what i needed. I found myself wasting a lot of time on social media looking at random videos and reading articles i never intended to read in the first place. After using the app i found myself using facebook less and only using it for the purpose for communicating with my friends.,NA,NA,NA
io.magpiedigital.Clar,Alenf9,NA,5,Great App. Great idea!. Detoxing from all social media. However I need Facebook for business purposes. Blocks the Facebook news feed! Brilliant!,NA,NA,NA
io.magpiedigital.Clar,Alfieboy20,NA,5,Just What I Need. Couldn’t be a better time for an app like this to arrive. Now I can use Facebook for what it’s useful for - keeping in touch with people - and not all the other stuff I get bombarded with. Really good app.,NA,NA,NA
to.glued.Mute,jockiice1990,NA,1,No need for this app. No need for it,NA,NA,NA
to.glued.Mute,billyj69,NA,1,i hate it I can’t uninstall it do. do not get. v annoying.,NA,NA,NA
to.glued.Mute,gaz909,NA,5,Changed my mobile phone usage. Nick has done a great job with this app. My usage went from 6 hours a day to around 1. What a brilliant and clean looking app. Great work!,NA,NA,NA
to.glued.Mute,Undelete please!,NA,5,"Not much good when using meditation apps!. Good way to see how you’re using your phone but unfortunately I use a meditation app and can be meditating several times a day, sometimes up to an hour at a time, so as it doesn’t distinguish between that and social media it gives a false impression of “usage”",NA,NA,NA
to.glued.Mute,Redmamma1987,NA,5,Should be on all phones as standard. Very important for mental health to limit screen time,NA,NA,NA
to.glued.Mute,novemBBer,NA,5,AMAZING MANY GOOD AND REVIELING FUNCTION ABOUT PERSONAL DAILY USE.... I like to use this app as I can see all my pick ups and even where I use my mobile phone.Great app...and this all for FREE!Thank you!,NA,NA,NA
to.glued.Mute,nik. dab,NA,5,Love 👍🏻🤩 makes. 🤩🤩🤩🤩🤩,NA,NA,NA
to.glued.Mute,MobiAli,NA,3,Not happy about having to leave the location on. Good App however like other reviews it drains the battery because of having to leave the location on plus I don’t like to leave the location on all the time therefore will probably be deleting it.,NA,NA,NA
to.glued.Mute,poggles,NA,5,"Mute, what’s not to love. This separates our work & play. I was shocked at the amount of time I spend just drifting from app to app. This is an excellent app. My friend has installed & has 5 hours in one day, at least some of it could be work!",NA,NA,NA
to.glued.Mute,HMS hedge IMF,NA,5,Really helpful!. This app is brilliant if u want to track the time u use on ur phone and try to limit it. It does require some self control as u set ur targets and u have to tell itself when u should get off ur phone as it’s not one of the apps that actually turn ur phone off. It has helped me loads so very worthwhile.,NA,NA,NA
to.glued.Mute,Dooby-Dooby-Do,NA,4,"Mute will do Smart Phone users a lot of good. Will let you think before you pick up your phone, no bad thing, and you will only pick it up if it rings.",NA,NA,NA
to.glued.Mute,Mulkosney,NA,5,Great for helping break a bad habit. This is really great for showing me how often I pick up my phone/giving me an overview of my daily usage and getting me to go longer without picking it up so that my detox streak is long! The only additional feature I wish it had would be to show me what apps I’m using most.,NA,NA,NA
to.glued.Mute,rhjrfi,NA,5,"Great app. Great app, really helping me to get off my phone. Once you set realistic goals you start trimming them down and eventually you spend so much less time and more time, allowing more time for socialising with friends and fam",NA,NA,NA
to.glued.Mute,Ellie224466,NA,5,Love this app. This app is so helpful and really works,NA,NA,NA
to.glued.Mute,Firthy1972,NA,5,"Oh the irony!. I’m writing this review on my phone, but that little irony notwithstanding this app is really helping me to unplug from my phone. In particular from compulsive Facebook checking! Love it’s simple interface and it seems to be working.",NA,NA,NA
to.glued.Mute,Kian119,NA,5,"Eye opening. Well designed, looks beautiful, and so far it is accurate enough. I was surprised that how much time I waste on my phone.Highly recommend it",NA,NA,NA
to.glued.Mute,sdavey97,NA,5,A wake up call. This app has revealed how much I was underestimating my daily phone use. When I started using the app I was on my phone 4hrs+ per day and unnecessarily checking my phone every 10 minutes!! The app feature lets me see where I'm most likely to waste time on my phone and be mindful about my usage. I now get great enjoyment trying to reduce my daily score and meet my goals for the day. Since using the app I am down to 30mins to 1 hour of phone time. Thanks Mute!!,NA,NA,NA
to.glued.Mute,miss hattston,NA,5,"Very useful!. Great app, very good to keep track of you and your kids’ screen times. Extremely useful, recommended!",NA,NA,NA
to.glued.Mute,Gdiddy1010,NA,3,Good but can be better. Please allow certain apps to be excluded from screen time. I use Google maps as my GPS whilst driving and that time gets recorded as usage when it was just passive. It would be good to be able to switch off monitoring for that app or other maps apps.,NA,NA,NA
to.glued.Mute,ABFan123,NA,5,Really helpful app for ppl addicted to the phone. I knew I used my phone a lot but didn’t really realised how much. It helps the addiction since I know it’s tracking me so I pick up the phone a lot less. My work productively has risen by around 20%.,NA,NA,NA
to.glued.Mute,ZacN12321,NA,5,"Love it - widget?. So I really love the app, great concept, works. BUT, I sometimes want to check the times when my phone is locked. I know there is a widget, but it just shows all black. Just a black box where the widget should be! I don't know! Apart from that, amazing app.",NA,NA,NA
to.glued.Mute,CA7886,NA,5,Fab!. Fab! Now to get the other half to buy in to it.,NA,NA,NA
to.glued.Mute,Juls-bcn,NA,5,"Great great great!. Love this app, so useful to stay on top of your screen time",NA,NA,NA
to.glued.Mute,Twm7,NA,5,"A great way to manage my screen time!. I really like Mute, it’s beautifully designed, easy to use and gives me really interesting insights as to how I’m using my phone!",NA,NA,NA
to.glued.Mute,MalcolmEL,NA,5,Helps me a lot. I find it difficult to keep track of how long I spend looking at my phone and have to consciously think about paying more attention to what’s going on around me. This now does the thinking for me...,NA,NA,NA
to.glued.Mute,Foxy Dude,NA,5,"Top of the Pack. Just a seriously good app, most helpful to see how much time you spend with phone in hand !!!!",NA,NA,NA
to.glued.Mute,Llzz80,NA,4,"Neat, helpful and eye-opening. Mute is really useful to see where all your time goes. It’s easy to use and I like the friendly but firm tone of the messages.I have also used Moment and find Mute feels nicer.I think it’s helping me reduce my time on my phone - I’m certainly more aware of it.I would love to be able to see a visual of how my usage is changing over time, as well as the snapshot for each day.",NA,NA,NA
to.glued.Mute,isobelmac,NA,5,"Possibly the most important app on your phone. Mute is the app that can save us from our phones! It cleverly uses the same dopamine hits we get from our phones pinging (Pavlov and his dogs would have LOVED smartphone notifications) to reward us for NOT using them. But it never nags (unless you ask it to) so it’s a reward-based system - a carrot rather than a stick. Highly recommended if you want to be liberated from your smartphone, an exceptional app. Hell, this is the first review I’ve ever felt compelled to write! Get it! Save yourselves!!!",NA,NA,NA
to.glued.Mute,GF7💫,NA,5,"Love it!. Mute is such an amazing app, it is so useful and it’s remarkably effective. Mute is here to show you that there is more to life than your screen and helps limit the time you are on it. It sends you these funny little reminders to tell you how you are doing such as: Well done! You’re smashing it today. Only 25 minutes on the phone! I highly recommend this app if you would like to spend life doing fun, productive and challenging things and get away from the pressures of social media and screens - mute is the app for you.",NA,NA,NA
to.glued.Mute,Lauren1238912,NA,5,Great. Makes you realise how much you use your phone,NA,NA,NA
to.glued.Mute,Monkeybites!,NA,5,Really useful app. The shock of realizing exactly how much time I spend looking at my phone has propelled me into phone detox. Production time has increased accordingly!,NA,NA,NA
to.glued.Mute,Spyke Hitman,NA,5,Simple habit forming. A great practice to get in to. Good daily time and frequency alerts and targets.,NA,NA,NA
to.glued.Mute,jononono,NA,5,Great app that’s kicking my app habits. This is beginning to work. Less instinctive twitching to tap the screen for no good reason,NA,NA,NA
to.glued.Mute,cenkturkinan,NA,5,Works like magic. Very effective. Best detox solution.,NA,NA,NA
to.glued.Mute,Cdude67,NA,5,Fantastic. Love this app. Really been helping get me off my phone. Easy to set up - scary when you see how long you spend looking at a tiny screen. Already cutting down. 👍👍👍,NA,NA,NA
to.glued.Mute,olismith1,NA,4,Helpful. I love this app. It really helped with my phone habits but unfortunately it was a bit annoying when it gave me tons of messages. But overall brilliant 👍👍👍,NA,NA,NA
to.glued.Mute,BelleAppReview,NA,5,"Amazing App! :). It’s an amazing app, it will nag you off your phone if your using it too much (but politely)!",NA,NA,NA
to.glued.Mute,Mattwezzlechop,NA,5,Game changing. My productivity is up and my wasted time is down. Ashamed I used to log nearly halfAn hour phone time over breakfast!,NA,NA,NA
to.glued.Mute,Oakhillct,NA,2,"Underwhelmed. Thought this app could help me manage my phone better but I found it rather unsophisticated. I thought it might decipher harmless phone activity (sat nav, reading news, playing music) from the rather more addictive stuff (social media, games, etc). In the end it has just been a little irritating and I am deleting it!",NA,NA,NA
to.glued.Mute,Brookles77,NA,2,"Great concept but a battery killer. Enjoyed it. It works, but even with less than an hour on my phone (which it told me) my battery didn’t make the day",NA,NA,NA
to.glued.Mute,Mart n Pegs,NA,5,This is needed!. Loving this app I’ve started engaging with movies properly again and read two books in three days.,NA,NA,NA
to.glued.Mute,Lacwn,NA,2,"Too indiscriminate. It counts the time I use my iPad for streaming from Qobuz or BBC iPlayer Radio as screen time. I tend to be busy doing things at the same time. It can’t separate out wasted time surfing etc., which would be useful. Also, I don’t see why “location data” needs to be always on. Have deleted it.",NA,NA,NA
to.glued.Mute,DrBrown_,NA,5,Great concept. I was interested if a little worried to see what my phone usage would be! Like the app let’s see if it helps me modify my behaviour!,NA,NA,NA
to.glued.Mute,LSAWILSON,NA,3,"Location services. I love the idea of this app, it is really useful and makes you break the automatic habit of picking the phone up for no reason.Is there a way to turn off the way that the app tracks your location throughout the day? I find this aspect really un useful and actually pretty intrusive. Are the locations/usage shared with anyone other than the user? Thanks",NA,NA,NA
to.glued.Mute,ben wyneham,NA,5,Finally! An app you actually need!. A genuinely useful app to get you off your phone. So needed over here! All achieved in a clean and intuitive way excellent!,NA,NA,NA
to.glued.Mute,sderomedis,NA,5,Incredibly useful app. This is a little handy app that will help you track your mobile usage and make you more aware about the time you waste on a daily basis on your phone. Highly recommended! Amazing!,NA,NA,NA
to.glued.Mute,PJ v2.1,NA,1,"Location always on. Liked the idea of this, but it doesn’t let you use it unless location data is always on!",NA,NA,NA
to.glued.Mute,Bellathefella,NA,5,Mute. A very interesting concept which has made me think of my phone usage and gives me a challenge,NA,NA,NA
to.glued.Mute,)(.,NA,4,Good app. Like the idea works quite well but often glitches,NA,NA,NA
to.glued.Mute,Beerdos,NA,5,Mute my addiction. This app will help curb my tech addiction without being annoying or intrusive. 5 Star!,NA,NA,NA
to.glued.Mute,Jr145660,NA,5,"Great app 👍. I really like this app, it's has useful info displayed in a clear design. Love the notifications with the emoji 😳. Really nice touch and a useful reminder to put my phone down!",NA,NA,NA
to.glued.Mute,TheNoonie,NA,5,"Does what it says on tin. Seems very accurate, interface is easy to use",NA,NA,NA
to.glued.Mute,pdkn,NA,5,More Aware of phone 📱usage 📉. This app is great at making me more aware of my phone usage which I’m trying to actively cut down on. Great app 👍,NA,NA,NA
to.glued.Mute,Tudor J,NA,5,Makes me think!. I have taken for granted my phone usage and it has crept up each year so it now does have an impact on my family life and life in general. Been using Mute a little while now and it has made me consider and change my behaviour a little. An approach of constant chipping away in a non obtrusive style seems perfect for modifying my behaviour without being annoying. Thanks Mute,NA,NA,NA
vn.wehelp.SelfControlLite,slsllskdek,NA,1,Rubbish. Didn’t even work,NA,NA,NA
vn.wehelp.SelfControlLite,1dasher7,NA,1,Awful. Don't download or buy the real version waste of money and confusing,NA,NA,NA
VTT.Just-Write,Nkersov,NA,4,"Almost there. This is a nice app, which needs just a small improvement to become great. 1) The extra characters keyboard must be editable, and 2) Dropbox sync needs improving.Nic",NA,NA,NA
VTT.Just-Write,nickster333,NA,5,"Really Impressed. A fine, understated, and enjoyable environment to work in. I recommend this for writers everywhere who just want an elegant and interruption-free tool to get their stuff done.",NA,NA,NA
VTT.Just-Write,Me30003,NA,1,"Rubbish. Don't bother getting this. As soon as you've wrote something saved it and closed the app and you try to go back on and open the work you saved, it doesn't even let you. What a waste of my time!",NA,NA,NA
