app_key,store,id,app_id,title,developer,category,installs_or_users,rating_avg,rating_count,iap_min,iap_max,pricing_raw,description,website_url,store_url,icon_url,version,release_date,last_update,relevance_score,scraped_at
play:com.ferdinandobermeier.focusmate,PlayStore,com.ferdinandobermeier.focusmate,focus-now-pomodoro-timer_playstore,Focus Now - Pomodoro Timer,ferdinand obermeier,Kids,5000,4.3,0,0.99,17.99,$0.99 - $17.99 per item,"📘 What is Focus Now?Focus Now is a smart Pomodoro timer, study timer, and productivity app designed to help you stay focused, fight procrastination, and get more done. Whether you’re studying for exams, working from home, or building new habits, Focus Now makes deep work simple and sustainable.Based on the proven Pomodoro Technique, the app structures your time into short focus intervals with refreshing breaks in between. This method helps you avoid burnout, stay consistent, and actually enjoy the process of getting things done.⏳ How It WorksThe Pomodoro Method is easy but powerful:✅ 25 minutes of focused work🔁 5 minutes of rest to recharge🔁 After 4 rounds → a longer 15–30 minute breakThis rhythm keeps your mind sharp, builds discipline, and makes productivity feel effortless. You can also customize the durations to fit your own routine.🚀 Why Choose Focus Now?Unlike other focus timer apps, Focus Now is flexible and adapts to your lifestyle. Use it for:📚 Students – study sessions, exam prep, homework, or research👩‍💻 Professionals – deep work, remote work, and distraction-free productivity🧠 ADHD & Focus Needs – structured intervals that make it easier to concentrate🧘 Habit builders – journaling, workouts, reading, or meditation🔧 Key Features🎯 Customizable Focus TimerAdjust focus, short break, and long break lengthsChoose how many rounds per sessionPerfect for Pomodoro, time blocking, or personal routines🛠️ Routine TemplatesSave different timer setups (study, work, fitness)Add icons and names for quick switchingMove seamlessly between study timer, focus timer, or workout intervals📊 Progress TrackingTrack focus time daily, weekly, monthly, and yearlyVisualize productivity trends and streaksStay motivated with clear progress insights🔕 Distraction-Free ModeAutomatic Do Not Disturb during focus sessionsBlock calls and notifications while workingStay in deep flow without interruptions🧘 More Than a Study TimerFocus Now isn’t just for studying or work. Use it as:A habit tracker for journaling or readingAn interval timer for workouts, yoga, or stretchingA mindfulness tool for meditation and relaxation💡 What Makes Focus Now DifferentCombines Pomodoro timer, study timer, focus timer, and habit tracker in one appDesigned for concentration, deep work, and balanceClean, modern interface that makes focusing feel effortlessFlexible enough to adapt to any routine or lifestyle✅ Start Your Focus JourneyJoin thousands of people worldwide who use Focus Now to study smarter, work better, and build habits that last. Whether you need a Pomodoro study timer, a custom focus app, or a distraction-free productivity tool, Focus Now is here to help you stay on track.📥 Download Focus Now today and turn your time into progress!",https://focus-now.app,https://play.google.com/store/apps/details?id=com.ferdinandobermeier.focusmate&hl=en&gl=US,https://play-lh.googleusercontent.com/S-YePyuOs0qejnwByzrbXaB6MwAXlm_1wElCBVHpIqwgO7PQnbo6HRE4xYbqo_zSMvJp=w240-h480-rw,2.8.0,2023-10-15,2025-04-09,1.0,2025-03-10
play:com.omf.android,PlayStore,com.omf.android,oxford-mindfulness_playstore,Oxford Mindfulness,Oxford Mindfulness,Kids,1000,3.6,0,7.99,79.99,$7.99 - $79.99 per item,"The Oxford Mindfulness app is designed for adults, helping to develop and maintain a mindfulness practice for personal well-being. Through the app you can; access mindfulness via a large range of practices and join live daily mindfulness sessions, complete self-paced introductory courses and access resources including up-to-date information and research from the field.The app offers content which has been jointly developed by the Oxford Mindfulness Foundation and the University of Oxford, UK and is offered by assessed teachers who have trained to teach research-based mindfulness programmes.Sponsorship for the app has been offered by The Visual Snow Initiative (VSI), a non-profit organization dedicated to providing support for individuals affected by Visual Snow Syndrome.",https://www.oxfordmindfulness.org,https://play.google.com/store/apps/details?id=com.omf.android&hl=en&gl=US,https://play-lh.googleusercontent.com/X7ehY8UwowLVHgs4E8otSeXX8zc8xlK2GfUydvfS9dWRrIm4F20dhLHTEh9o9T0RHA=w240-h480-rw,2.1.4,2024-08-13,2025-03-09,0.0,2025-03-10
ios:id6742149187,AppStore,id6742149187,tippy-habit-tracker-pet_appstore,Tippy - Habit Tracker Pet,Uladzislau Karpinski,Productivity,0,0.0,0,0.0,0.0,Free,"Hi, I'm Tippy – your personal habit coach!
Do you dream of improving your life, building strong habits, and finally breaking free from chaos, but don’t know where to start? I’ve already done all the hard work for you! With Tippy – your smart habit tracker, you'll get a clear, step-by-step roadmap to success. Just follow my simple daily tasks, and you’ll build powerful habits effortlessly!
Why Tippy is your perfect habit-building companion?

- A ready-made success plan – no overthinking!
Say goodbye to random attempts and confusion! Every day, I’ll give you a straightforward, bite-sized task that seamlessly integrates into your routine. No stress, no guesswork – just consistent progress!

- Effortless growth without burnout
Building habits shouldn’t feel overwhelming! That’s why we’ll start with tiny, easy wins. You won’t even notice how these small steps turn into a natural part of your life! As you grow stronger, I’ll gently challenge you with bigger tasks – but don’t worry, you’ll be ready!

- Motivation that keeps you going
Track your success with powerful visual statistics, see where you stand among other users, and get friendly reminders to stay on track. I’ll make sure you never lose momentum!

- Journaling & self-reflection tools
Want to track your thoughts, emotions, or breakthroughs? Use my built-in notes and progress tracker to reflect, analyze, and fine-tune your journey!

- A variety of habits & exciting challenges
Choose from fitness, yoga, meditation, journaling, reading, better sleep, and many more! New habits and challenges are constantly added, so you’ll always find something exciting to level up your life.

- A supportive, friendly approach – no pressure!
I’m not a drill sergeant – I’m your cheerful companion, always here to encourage, support, and inspire you. Together, we’ll turn small actions into life-changing habits!

- Let’s start your transformation today!
Your first step to a better life is just one tap away – I’ve already prepared your first task!
Our site: www.solaya-apps.com
Terms of Use: https://www.apple.com/legal/internet-services/itunes/dev/stdeula/",https://www.solaya-apps.com/,https://apps.apple.com/us/app/tippy-habit-tracker-pet/id6742149187?uo=4,https://is1-ssl.mzstatic.com/image/thumb/Purple211/v4/87/8d/15/878d15ed-c8c4-66cc-b969-459bc9b84a73/AppIcon-0-0-1x_U007emarketing-0-11-0-85-220.png/512x512bb.jpg,1.0.4,2025-08-09,2025-12-09,1.0,2025-03-10
ios:id6752837361,AppStore,id6752837361,habtap-habit-tracker_appstore,HabTap - Habit Tracker,False Peak,Productivity,0,0.0,0,0.0,0.0,Free,"HabTap - Habit Tracker makes building good habits and breaking bad ones simple. With a clean, minimal design, it helps you stay consistent and focused every day.

Key Features:
• Easy Habit Tracking – Quickly add and check off habits with just a tap.
• Smart Notifications – Gentle reminders so you never forget to track your progress.
• Widgets – View your daily habits right on your home screen to never lose sight of your goals.
• Dark & Light Themes – Choose the look that fits your style and log habits even when it's dark.
• Minimal Design – Built with Apple’s SFSymbols and iOS 26 in mind for a modern, distraction-free experience.
• Privacy-Focused – Your data stays on your device, always in your control.
• Streaks – Stay motivated by building streaks and seeing your progress grow.

Stay motivated, build atomic habits, and shape the life you want—one tap at a time.

Privacy policy: https://falsepeak.ch/privacy
Terms of use: https://falsepeak.ch/terms",https://falsepeak.ch/,https://apps.apple.com/us/app/habtap-habit-tracker/id6752837361?uo=4,https://is1-ssl.mzstatic.com/image/thumb/Purple221/v4/a6/50/09/a65009fe-6f92-53ab-4366-16f3a009ac44/HabiTap-0-0-1x_U007ephone-0-1-85-220.png/512x512bb.jpg,1,2025-09-30,2025-09-30,1.0,2025-03-10
ios:id6753177043,AppStore,id6753177043,habitway-habit-builder_appstore,HabitWay - Habit Builder,Aleksey Erko,Productivity,0,0.0,0,0.0,0.0,Free,"Transform your daily life with HabitWay – Habit Builder, the simple and effective app that helps you create positive habits, break bad ones, and stay consistent every single day. Whether you want to exercise more, read daily, sleep better, or stay focused, HabitWay gives you the structure and motivation you need.
Key Features
Easy Habit Tracking
Track any habit with just one tap. Add your daily routines and monitor your progress effortlessly.
Personalized Builder
Set custom goals, reminders, and schedules that fit your lifestyle. HabitWay adapts to your needs.
Visual Progress
Stay motivated with streaks, charts, and progress statistics that show how far you’ve come.
Reminders & Notifications
Never forget your goals with smart reminders that keep you on track throughout the day.
Build Better Routines
Create morning and evening routines that set the tone for success and balance in life.
Why Choose HabitWay?
Clean and intuitive design
Motivation through daily streaks
Flexible habit customization
Perfect for personal growth, productivity, and wellness
Use Cases
Start a morning workout routine
Drink more water every day
Read 20 minutes daily
Meditate and practice mindfulness
Build better sleep habits
Quit procrastination and stay productive
Take the first step toward becoming your best self. With HabitWay – Habit Builder, building positive habits has never been easier.
Download HabitWay today and start your journey to lasting change!
Privacy Policy: https://doc-hosting.flycricket.io/habitway-habit-builder-privacy-policy/4fa065bb-dbfc-4daa-9bea-2030cf2d3943/privacy
Terms of Use: https://doc-hosting.flycricket.io/habitway-habit-builder-terms-of-use/a48712eb-8277-4b19-beae-ec83a9d0ca22/terms",https://forms.gle/KnXcTXj2QJjLS5rK7,https://apps.apple.com/us/app/habitway-habit-builder/id6753177043?uo=4,https://is1-ssl.mzstatic.com/image/thumb/Purple221/v4/bd/4e/5a/bd4e5af4-7306-29d3-1d4b-88d4f5d18ed4/AppIcon-0-0-1x_U007epad-0-1-0-85-220.png/512x512bb.jpg,1.0.0,2025-09-29,2025-09-29,1.0,2025-03-10
ios:id6502852840,AppStore,id6502852840,thrive-smarter-screen-time_appstore,Thrive - Smarter screen time,Thrive Digital Wellbeing Pty Ltd,Health & Fitness,0,0.0,0,0.0,0.0,Free,"Thrive: A Complete Screen Time Solution for Modern Families

Discover how Thrive is changing the way parents manage screen time. By blending digital engagement with real-world growth, physical activities, and social interaction, we’ve built a holistic platform to nurture healthier habits and balanced device use.

Why Thrive Stands Out
	•	Positive Motivation: Real-world activities and meaningful rewards help reinforce good habits, moving away from strict limits.
	•	Empowerment & Oversight: Children gain independence while parents stay informed through real-time insights.
	•	Flexible Rewards: Alternate between digital perks and tangible incentives, customizing each experience to fit your family’s routine.
	•	Holistic Focus: Beyond screen time, Thrive encourages physical activity, social engagement, and personal growth.

A Seamless Experience
	•	Simple & Intuitive: Designed to be user-friendly from day one, ensuring you can quickly set up and manage rewards.
	•	Adaptive Learning: Personalize tasks and achievements based on each child’s progress or interests.
	•	Parental Peace of Mind: Real-time tracking and clear controls so you always know how your child is engaging with devices.

Privacy & Future Plans
We prioritize your privacy with transparent data practices and strict protection measures. Looking ahead, Thrive will deepen its Apple ecosystem integrations—potentially connecting with Apple Watch features, educational apps, and more—all while respecting user privacy and delivering a seamless, family-oriented experience.

There’s no better time to explore Thrive. Join us in building positive, balanced digital habits that grow with your family.

One subscription covers the whole family and  gives you access to the world’s first positive parental control—designed not just to limit screen time, but to actively support childhood development.

And don’t worry, you can try Thrive for free! Experience it firsthand with our free trial and see how it transforms your family’s screen time habits.


Download Thrive now.

	•	Terms of Use: https://www.apple.com/legal/internet-services/itunes/dev/stdeula/
	•	Privacy Policy: https://www.thrive.kids/privacy-policy/
	•	Thrive requires a valid subscription to gain access to its main functionality.
	•	One subscription covers up to 6 member of an Apple family Sharing group.",https://thrive.kids,https://apps.apple.com/us/app/thrive-smarter-screen-time/id6502852840?uo=4,https://is1-ssl.mzstatic.com/image/thumb/Purple211/v4/f8/ec/c1/f8ecc1a5-94f0-69e3-8fbb-fc20baeeac48/AppIcon-0-1x_U007epad-0-0-0-1-0-0-sRGB-0-85-220-0.png/512x512bb.jpg,1.0.44,2024-12-27,2025-02-08,0.875,2025-03-10
ios:id1483440638,AppStore,id1483440638,safekiddo-parental-control_appstore,SafeKiddo Parental Control,SAFEKIDDO SP Z O O,Lifestyle,0,0.0,0,0.0,0.0,Free,"Child safety and parental protection are a priority for Safekiddo. We help parents protect children from threats such as: access to pornography and other dangerous content, Internet addiction.
Our product is: a mobile application that allows you to monitor the child's activity by pairing the child's devices with the parent's device.

Application functionalities:
• Applications blocking - restricting access to the application.
The parent has a preview of the applications available on the child's device and determines which are allowed (safe) and which are not.
• Internet blocking - restricting access to websites.
• Time limit in front of the phone/computer/tablet - limiting the time spent by the child using applications and websites.
After the set time is exceeded, the child will not be able to open the application or website.
• Child locator - geolocation and geofencing.
The parent has a view of the current location of the child and can set limits within which the child can safely move.
• Youtube blocking - the guardian can see the list of content viewed by the child.
• SOS button - the child can start alerting the parent when he finds himself in an emergency.
• Sound level (vibration, sound on) and battery level.
Parents may be informed in specific time intervals about the state of sounds on the child's device and the level of its battery.

How does SafeKiddo work?
The guardian and the child install the same application on their devices. The guardian sets up his account in the application and then logs in to it on the child's device (or the child independently pairs with it using the QR code).

The application has got free trail period for the first 14 days.",https://safekiddo.com,https://apps.apple.com/us/app/safekiddo-parental-control/id1483440638?uo=4,https://is1-ssl.mzstatic.com/image/thumb/Purple112/v4/2f/8a/2f/2f8a2ff9-f44f-54c7-4dd3-3e98b121fc1d/AppIcon-1x_U007emarketing-0-10-0-85-220.png/512x512bb.jpg,2.0.0,2019-11-27,2022-06-28,0.625,2025-03-10
cws:chjmonpkdbgeepflmgghhfcflejcglpp,ChromeWS,chjmonpkdbgeepflmgghhfcflejcglpp,habit-tracker_chromews,Habit Tracker,Non-traderThis developer has not identified itself as a trader. For consumers in the European Union,Extension,0,0.0,0,0.0,0.0,Free,"OverviewA simple and beautiful way to track your habitsSet which 4 habits you want to track, and then simply click the rectangle representing the current day if you complete that habit.",,https://chromewebstore.google.com/detail/chjmonpkdbgeepflmgghhfcflejcglpp?hl=en,https://lh3.googleusercontent.com/paoC0jcelYDmHs9VGxvAvZFSlMv3Ok98a0LfDAex0XZeadtL_h2UPLOpYai7NvM7BWGkuIQD6XuatRiDxBoBlUbH5y8=s128-rj-sc0x00ffffff,"UpdatedJuly 17, 2022",,,0.5,2025-03-10
cws:fphdedbphehkdfapllonjhlilonhmjgf,ChromeWS,fphdedbphehkdfapllonjhlilonhmjgf,habit-tracker-with-points_chromews,Habit Tracker with Points,TraderThis developer has identified itself as a trader per the definition from the European Union and committed to only offer products or services that comply with EU laws.,Extension,0,0.0,0,0.0,0.0,Free,"OverviewTrack habits, earn points, and redeem prizesPerfect for students, professionals, or anyone looking to build better habits and stay motivated. Whether you're aiming to exercise more, read daily, or learn a new skill, Habit Tracker with Points helps you stay on track and rewards your progress.",,https://chromewebstore.google.com/detail/fphdedbphehkdfapllonjhlilonhmjgf?hl=en,https://lh3.googleusercontent.com/fMqEbzwZ_gooRLSz4c2EmCUe7VUQwCmGyIdyMKEMhni5h5-qb_UIe3n6ahHA5MkQyLUuDkDz3ZwDacQ-B3Nz5LZp=s128-rj-sc0x00ffffff,"UpdatedOctober 9, 2024",,,0.5,2025-03-10
cws:fplpionjidcdpcepnnkhapiahgcjedhi,ChromeWS,fplpionjidcdpcepnnkhapiahgcjedhi,mindfulness-quotes_chromews,Mindfulness Quotes,Non-traderThis developer has not identified itself as a trader. For consumers in the European Union,Extension,0,0.0,0,0.0,0.0,Free,"OverviewA extension that displays 100 meaningful mindfulness quotes, connecting body and mindThe ""Mindfulness Quotes"" Chrome extension is designed to inspire and center users through the practice of mindfulness. It features a curated collection of 100 meaningful quotes about mindfulness, emphasizing the connection between body and mind. These quotes are organized into three categories: Original Quotes, Quotes from Books, and Continued Quotes, with some sourced from renowned authors like Thich Nhat Hanh, Jon Kabat-Zinn, Pema Chödrön, Eckhart Tolle, and Jack Kornfield. Users can click on category buttons to view quotes, each accompanied by a heart animation on click for an engaging experience. The interface sports a vibrant orange, white, and black color scheme, with a fixed inspirational quote at the bottom: ""The ego is an idea, not a reality. Let it go and you will see the true self."" A real-time clock ensures users stay grounded in the present moment. The popup is sized at 800x600 pixels, offering a clean, scrollable, and visually distinct design compared to other extensions.",,https://chromewebstore.google.com/detail/fplpionjidcdpcepnnkhapiahgcjedhi?hl=en,https://lh3.googleusercontent.com/UR4nvLNZaImCopPcs8nIJ57F_j_NluWE1mZpiEvlWU9J7E1w-x4bqQLzD3Ka9H4Mpklc9UcRal0MAnMPpWmyzK6zsQ=s128-rj-sc0x00ffffff,"UpdatedAugust 11, 2025",,,0.0,2025-03-10
cws:hdfdgocligofefcgklikgpjadbphlipm,ChromeWS,hdfdgocligofefcgklikgpjadbphlipm,amber-mindfulness_chromews,amber - mindfulness,Non-traderThis developer has not identified itself as a trader. For consumers in the European Union,Extension,0,0.0,0,0.0,0.0,Free,"OverviewPromotes mindfulness, preventing doomscrolling for Youtube, Tik Tok, Twitter, Instagram, and Reddit--Features-- 💎 Set Intentions ✨ 💎 Doomscrolling Prevention ✨ 💎 Positive Reinforcement & Mindfulness ✨ Optimize how you use social media and break the matrix Private and synced with your Google AccountSee less",,https://chromewebstore.google.com/detail/hdfdgocligofefcgklikgpjadbphlipm?hl=en,https://lh3.googleusercontent.com/XF7mFIdiGQTqsUoDna531Cz0RgClBSTTyd1rXhhd31r6dI78didNaaWw02ck4W0BQAz-wcq0DwSprLwnkbXe34oNE1A=s128-rj-sc0x00ffffff,"UpdatedDecember 31, 2022",,,0.0,2025-03-10
cws:ikeobpbhahohfjgdljpcknchekgfhman,ChromeWS,ikeobpbhahohfjgdljpcknchekgfhman,meditation-search_chromews,Meditation Search,Non-traderThis developer has not identified itself as a trader. For consumers in the European Union,Extension,40000,0.0,0,0.0,0.0,Free,"OverviewMeditation Search - Find inner peace and the best deals on the web!Meditation Search – Breathe. Focus. Begin Again. 🧘 Your Calm Space in Every New Tab Meditation Search transforms your new tab into a peaceful, focused starting point—perfect for anyone seeking mindfulness, clarity, or just a break from the digital noise. 🔎 Search with Intention Use our minimal, focused search bar to reduce distractions and stay present while browsing. 📱 Sync Across Devices Access your mindful tab experience anywhere you go. 🕊️ Create a Habit of Calm Turn your everyday browsing into an opportunity for awareness, reflection, and serenity. 💖 This extension is supported by carefully selected sponsored links to help us keep improving and offering new mindful features. 💡 This extension is supported through sponsored links, helping us keep it free and continually improving.See less",,https://chromewebstore.google.com/detail/ikeobpbhahohfjgdljpcknchekgfhman?hl=en,https://lh3.googleusercontent.com/pc0gMCNFZpmEMX7kNvIvjUFpAHpAVorwotHSJ2AGSV5TFg32XfDgDGVj5ICYJj8HxYs5T4zH1rIwvSMFzHt3Ti_A=s128-rj-sc0x00ffffff,"UpdatedAugust 8, 2025",,,0.625,2025-03-10
cws:kbdpkdpanmgcclpnmfmbbffgejnfopke,ChromeWS,kbdpkdpanmgcclpnmfmbbffgejnfopke,a-meditation-timer_chromews,A Meditation Timer,Non-traderThis developer has not identified itself as a trader. For consumers in the European Union,Extension,0,0.0,0,0.0,0.0,Free,"OverviewMinimalist meditation timer, featuring two modes: Energise and Calm. Access using the sidebar or a shortcut.Take 30 seconds with Meditation Timer to relax with our guided meditations. Our app features two modes: Calm and Energise.",,https://chromewebstore.google.com/detail/kbdpkdpanmgcclpnmfmbbffgejnfopke?hl=en,https://lh3.googleusercontent.com/860a1jncuKdxWuf5FDSe2wIYXeZw93kaj3mpPhO3tenjuSBM-K14kq7l7DVBOFCcMeTdOyKu4KHdppmVgYEQUE_PQak=s128-rj-sc0x00ffffff,"UpdatedSeptember 7, 2024",,,0.375,2025-03-10
cws:lmbcpkppmmciddpaabpflajbnoajjgem,ChromeWS,lmbcpkppmmciddpaabpflajbnoajjgem,army-habit-tracker_chromews,Army Habit Tracker,Non-traderThis developer has not identified itself as a trader. For consumers in the European Union,Unknown,0,0.0,0,0.0,0.0,Free,"OverviewA military-inspired habit tracker to build daily and weekly discipline.Build discipline like a soldier with Army Habit Tracker – a clean, military-inspired tool that helps you stay on top of your daily and weekly habits. With its army-green design and straightforward interface, Army Habit Tracker keeps you focused on what matters: consistency and progress. ✨ Features: Add and manage daily or weekly habits with one click Mark habits as complete and track your progress in real time Streak counter shows how many days you’ve stayed consistent Progress bar gives a clear view of completion percentage Reset weekly habits at the start of a new week Data is saved automatically using Chrome storage – your progress is safe Simple, military-themed interface for clarity and motivation Unlike complicated productivity apps, Army Habit Tracker is lightweight, private, and distraction-free. It’s designed to help you develop discipline, step by step.See less",,https://chromewebstore.google.com/detail/lmbcpkppmmciddpaabpflajbnoajjgem?hl=en,https://lh3.googleusercontent.com/VMtn3Gyx-TyHWY3FcU-9lRnUzaE7PEX0vc30L6wBG2JrvCHZWj8JqOBKY6WmJKhUcQhwm7f_TvU4xBHyPB7JbTXZvg=s128-rj-sc0x00ffffff,"UpdatedSeptember 27, 2025",,,1.0,2025-03-10
cws:lpeafonknajhomldlfpanjmigadammgf,ChromeWS,lpeafonknajhomldlfpanjmigadammgf,website-blocker-parental-control_chromews,Website Blocker | Parental Control,Non-traderThis developer has not identified itself as a trader. For consumers in the European Union,Extension,0,0.0,0,0.0,0.0,Free,"OverviewBlock distracting websites like Facebook, YouTube, and more. Stay focused and boost productivity.WebsiteBlocker – Take Control of Your Time & Focus Tired of endless scrolling, distractions, and wasted hours online? WebsiteBlocker helps you reclaim your productivity by giving you the power to block distracting websites instantly — so you can focus on what truly matters. ✅ Block Websites – Stay away from time-wasting platforms. ✅ Custom Schedules – Block sites during work hours, study sessions, or anytime you choose. ✅ Sync Across Devices – Access your settings on all devices with the same account (Gold Plan feature). ✅ Portal Management – Manage your block list from our easy-to-use online dashboard. ✅ Instant Updates – Changes reflect in your extension within few minutes. Whether you’re a student, professional, or parent, WebsiteBlocker gives you complete control over your online habits. It’s time to stop distractions before they stop you. 💡 Install now and take back your time!See less",,https://chromewebstore.google.com/detail/lpeafonknajhomldlfpanjmigadammgf?hl=en,https://lh3.googleusercontent.com/8GJP2ZK2OvvkQM2xG6Uz4m2eezAavWsqfTO6x_wgxZBdEDNtmdr_mUmkY89afypplZOeWQFcy1clL5q8DfJrjqyexA=s128-rj-sc0x00ffffff,"UpdatedSeptember 17, 2025",,,1.0,2025-03-10
cws:ngmbhlokkidckgigcocifgbjljbeidhp,ChromeWS,ngmbhlokkidckgigcocifgbjljbeidhp,youtube-parental-control-block-any-content_chromews,YouTube Parental Control - Block any content!,TraderThis developer has identified itself as a trader per the definition from the European Union and committed to only offer products or services that comply with EU laws.,Extension,0,0.0,0,0.0,0.0,Free,"OverviewTake Full Control of YouTube – Add any keywords you want to block, videos containing these phrases in titles will no longer appearYouTube Parental Control – Take Full Control of YouTube Content! Tired of inappropriate content on YouTube that your child might accidentally come across? With YouTube Parental Control, you get a powerful tool that lets you block unwanted content quickly and effortlessly. Key Features: Block unwanted content – Add any keywords you want to block. Videos and content containing these phrases will no longer appear. Comprehensive protection – Works seamlessly on the homepage, subscriptions tab, and YouTube Shorts. Simplicity and effectiveness – Manage your blocklist easily with an intuitive pop-up window. Who is it for? Designed for parents and guardians who want to ensure their children have a safe browsing experience on YouTube. Install YouTube Parental Control today and take charge of the content your child sees on YouTube! Disclaimer: All product and company names are trademarks or registered trademarks of their respective holders. This website & extensions hold no association or affiliation with them or any third-party companies.See less",,https://chromewebstore.google.com/detail/ngmbhlokkidckgigcocifgbjljbeidhp?hl=en,https://lh3.googleusercontent.com/vtc5b80CBinCfPvYf72LAJB9U1-2ftRnqWRhahvbbLGVayTqqZ2aDtzqE1TPZBP_gAo6LqPzqmCicCvWFO6iA2z9ig=s128-rj-sc0x00ffffff,"UpdatedJune 3, 2025",,,1.0,2025-03-10
cws:nmdegdfncjhaiapngoohabcgoeihoipn,ChromeWS,nmdegdfncjhaiapngoohabcgoeihoipn,distraction-blocker-with-focus-timer_chromews,Distraction Blocker with Focus Timer,Non-traderThis developer has not identified itself as a trader. For consumers in the European Union,Unknown,0,0.0,0,0.0,0.0,Free,"OverviewBlock distracting websites with a focus timer system for productive work sessions# Distraction Blocker — Focus Timer for the Web ✨ A Chrome extension that helps you stay focused by setting daily time limits per website, giving you a gentle nudge when time is up, and keeping controls at your fingertips via a floating button and right-side sidebar. ## 🌟 Highlights - 🟦 Floating, draggable right-edge button showing remaining time - 🧭 Slide‑in sidebar from the right with quick controls - ⏱️ Per‑site Daily Time Limits (1–1440 minutes) - 🔔 Polite, motivational full‑page modal when time is up - ☕ Temporary break (15 min) blocking when you choose to take a pause - ♻️ Reset Today’s Timer instantly (sidebar and button update immediately) - 🧠 Heartbeat tracking (no tab switching needed; time accrues automatically) - ⚙️ Robust Options page with presets and full settings ## 🧑‍💻 How It Works - The extension tracks time per hostname. You set a daily limit for each site. - A small rectangular floating button sits on the right edge. It shows remaining time and can be dragged vertically. It expands on hover. - Click the button to open a right‑side sidebar with: - Current site: set/remove limit, quick time buttons, usage summary - Today’s usage across your blocked sites - “Open Full Settings” (Options page) - When your time is up, a friendly modal appears in the center of the page with options: - Set New Limit & Continue - Reset Today’s Timer (usage→0 for current site) - Take a 15 min Break (temporarily blocks the site) - Continue without changes - A background heartbeat (every minute) accrues time even when you stay on the same tab, so the time‑up modal shows without needing to switch tabs. ## 🔧 Key Features - 🕹️ Floating Button - Shows remaining time - Draggable on the right edge - Expands on hover - 📊 Sidebar Controls - Set per‑site limit (1–1440 minutes) - Quick add: 15m / 30m / 1h / 2h - Remove limit - See current site usage + remaining time - Open Full Settings - 🧘 Time‑Up Modal (Polite & Motivational) - Clear, friendly language encouraging focus - Choose to continue, reset, take a break, or set a new limit - Blocks page interaction until you choose (persistent modal) - ♻️ Instant UI Refresh - Reset Today’s Timer updates the sidebar and floating button immediately - Background sends a message to refresh visible UI - ⏳ Heartbeat Tracking - A 1‑minute alarm accrues time periodically - Time‑up is detected even without tab switching ## ⚙️ Options (Full Settings) - Add/remove blocked sites - Set reminder block duration (temporary block after reminder) - Preset adders for common distracting sites - Start Fresh: clear all local data (with confirmation) ## 🚀 Quick Start 1. Load the extension (see Install). 2. Visit a site like YouTube. 3. Click the floating button → set a Daily Time Limit (e.g., 15 minutes). 4. Work/browse; when time’s up, you’ll see the modal. 5. Use the sidebar at any time to adjust limits. ## 🧪 Testing Tips - To see the modal quickly, set a 1‑minute limit. The heartbeat will trigger the modal after about a minute even if you don’t leave the tab. - You can also switch tabs briefly to force an immediate time update.See less",,https://chromewebstore.google.com/detail/nmdegdfncjhaiapngoohabcgoeihoipn?hl=en,https://lh3.googleusercontent.com/oM60k9jnOCOeAaF7OeBp3XMChBOBkLKsU72-zJeRdUCnf3lg-It91khNntlrU_vCdwGAVk8jyrR-aevDk_Oyd6BkH8g=s128-rj-sc0x00ffffff,"UpdatedAugust 30, 2025",,,1.0,2025-03-10
cws:phibodiabnfldclfgkkafehjbadgeaad,ChromeWS,phibodiabnfldclfgkkafehjbadgeaad,habit-tracker-daily-progress_chromews,Habit Tracker - Daily Progress,Non-traderThis developer has not identified itself as a trader. For consumers in the European Union,Extension,0,0.0,0,0.0,0.0,Free,"OverviewTrack habits, tasks, and events with Google Calendar sync. Build streaks and achieve your goals!It tracks the habits,tasks and events with calendar.Users can maintain streak and earn rewards.",,https://chromewebstore.google.com/detail/phibodiabnfldclfgkkafehjbadgeaad?hl=en,https://lh3.googleusercontent.com/gmSUV1Tbf5ibLTXVMmgUuTRxgn8qbOSIELfk_tZ0ZmXaOkk40o_tvAUHnwihoMDxVagXVcligdtaXi5Pem67Wv91hg=s128-rj-sc0x00ffffff,"UpdatedAugust 16, 2025",,,0.375,2025-03-10
ios:id1553693943,AppStore,id1553693943,3-tasks-daily-productivity_appstore,3 Tasks - Daily Productivity,Saga Ltd.,Productivity,0,5.0,1,0.0,9.99,$7.99,"Most to-do apps overwhelm you with endless lists. 3 Tasks keeps it simple: choose the three tasks that matter most and get them done. This method is backed by productivity experts as one of the most effective ways to focus.

Features:
• Write down your 3 daily priorities
• Start and pause tasks anytime (Pomodoro-style)
• Track time spent on each task
• Clean, distraction-free interface
• No clutter, no bloat—just one simple screen
• Pleasant Tic-Tac sound to stay engaged
• One-time purchase. No subscriptions.

Why it works:
When you can only do three things per day, you start choosing what’s truly important. That focus leads to massive productivity gains without burnout.

Our story:
After trying every productivity app out there, we realized what we really needed didn’t exist: an app that forces focus on just 3 tasks a day. So we built it.

Privacy & Trust:
We never track you, never collect your data, and never run ads.
Terms of Use: https://sagalab.co/terms.html
Privacy Policy: https://sagalab.co/privacy.html",https://sagalab.co,https://apps.apple.com/us/app/3-tasks-daily-productivity/id1553693943?uo=4,https://is1-ssl.mzstatic.com/image/thumb/Purple211/v4/8f/ae/8f/8fae8fcd-315c-7123-1ad3-33d55c6db485/AppIcon-0-0-1x_U007epad-0-1-0-85-220.jpeg/512x512bb.jpg,1.0.8,2021-02-15,2025-09-25,1.0,2025-03-10
ios:id6751235134,AppStore,id6751235134,habitvibe-habit-tracker-app_appstore,HabitVibe: Habit Tracker App,MOHAMMED IMRAN,Productivity,0,5.0,1,0.0,0.0,Free,"HabitVibe - Build Better Habits, Create a Better You.

HabitVibe is a powerful yet simple app designed to help you build positive habits, stay consistent, and transform your daily routine. It’s not just about tracking habits - it’s about creating lasting change and discovering a lifestyle that truly works for you.

With HabitVibe, you can design your own path to self-improvement. Whether you want to wake up earlier, drink more water, exercise regularly, spend less time on your phone, or simply bring more balance into your day, HabitVibe provides the structure, motivation, and clarity you need.

What Makes HabitVibe Different?

 - Smart Habit Tracking
   Create habits in just a few taps, customize them with names, colors, and icons, and keep notes to capture your daily reflections.

 - Daily Flow & Gentle Reminders
   Stay organized and focused with clear daily tasks and timely reminders that guide you without overwhelming you.

 - Visual Motivation
   See your progress come alive through streaks, calendar views, and grid-based charts. Each completed day adds to your momentum and makes the journey rewarding.

 - Challenges & Guided Routines
   Push yourself further with challenges and structured programs designed to strengthen consistency and keep your motivation high.

 - Insights & Reflection
   Learn from articles, tips, and simple reflections that help you better understand your habits and make more mindful choices.

 - Flexibility & Control
   Pause or archive habits when you need a break, then bring them back whenever you’re ready. Your habit journey adapts to your lifestyle.

 - Focus-Friendly Design
   Whether you’re managing distractions, balancing work and rest, or aiming for better wellness, HabitVibe supports you with tools that encourage clarity and consistency.

HabitVibe isn’t just about checking boxes - it’s about building a lifestyle you’ll love. Every small step adds up, and with HabitVibe, you’ll have a reliable partner to keep you motivated, accountable, and inspired along the way.

Privacy Policy and Terms of Use:
https://sites.google.com/view/habitvibe/privacy
https://sites.google.com/view/habitvibe/terms

Start shaping the habits that shape your life. With HabitVibe, consistency feels easier, progress feels visible, and change feels possible.",https://sites.google.com/view/habitvibe,https://apps.apple.com/us/app/habitvibe-habit-tracker-app/id6751235134?uo=4,https://is1-ssl.mzstatic.com/image/thumb/Purple221/v4/b8/33/1e/b8331eff-7a2a-732d-c992-b95651a6f2b0/AppIcon-0-0-1x_U007emarketing-0-11-0-sRGB-85-220.png/512x512bb.jpg,1.2.1,2025-08-26,2025-02-10,1.0,2025-03-10
ios:id6746379633,AppStore,id6746379633,monk-1-physical-app-blocker_appstore,Monk – #1 Physical App Blocker,monk app,Productivity,0,5.0,1,0.0,0.0,Free,"In a world full of distractions, Monk helps you take back control. It pairs a physical tag with a powerful app to block the noise — and give you your time back.

With a single tap, you enter Monk Mode. Apps you’ve chosen get blocked. Focus kicks in. Need something more intense? Activate Deep Focus — during that time, not even your NFC tag can unlock your phone. Want total lockdown? Turn on Strict Mode to make the app undeletable and your setup unbreakable.

Whether you’re working, studying, or just trying to be present, Monk creates an environment where focus thrives.

Key Features:
	•	Tap your Monk to block/unblock distractions
	•	Customizable app groups for different modes
	•	Weekly & daily focus stats
	•	Scheduled blocks via Apple Shortcuts (e.g. “when I arrive at the library”)
	•	Remote blocking — lock down your phone from anywhere
	•	Emergency unblocks (you get 3 — use them wisely)
	•	Strict Mode: makes the app undeletable while active
	•	Optional setup for a completely unbreakable experience

Monk isn’t just about blocking apps — it’s about building better habits. It’s for people who are done negotiating with their attention. Tap in. Enter Monk Mode.",https://monktag.com,https://apps.apple.com/us/app/monk-1-physical-app-blocker/id6746379633?uo=4,https://is1-ssl.mzstatic.com/image/thumb/Purple221/v4/55/de/73/55de7365-3fc2-3ae5-ef8b-87a361b47aac/AppIcon-0-0-1x_U007ephone-0-1-85-220.png/512x512bb.jpg,1.1.1,2025-02-07,2025-09-16,1.0,2025-03-10
ios:id6446271738,AppStore,id6446271738,kidsnanny-parental-control_appstore,KidsNanny - Parental Control,Vartit Technology Private Limited,Lifestyle,0,5.0,1,0.0,0.0,Free,"Introducing KidsNanny, the ultimate parental control application designed to provide a safe and secure digital environment for your child. With a comprehensive range of features, you can ensure their well-being while empowering responsible technology use.

Key Features:
• Screen Time Management: Set limits using downtime and control phone utilization by defining daily app or category usage duration. Customize these settings based on specific weekdays to foster healthy device habits.
• Check-In: Stay connected with your kids whereabouts through our Check-In feature. Allow them to send their current location, providing you with peace of mind and enhancing their safety.
• Geo-fence: Create virtual boundaries and receive real-time notifications when your kids enters or exits specific geo locations.
• Application Info: Easily access a detailed list of installed apps on your child's phone. Stay aware of the new apps they have access to and manage their digital environment effectively.
• App Blocking: Take control of your kid's phone by blocking or unblocking any installed application. Maintain a healthy balance of entertainment and productivity on their device.
• App Usage Report: Gain insights into your child's app usage patterns with comprehensive reports available on a daily and weekly basis. Monitor their digital habits and make informed decisions for their well-being.
• Web History: KidsNanny allows you to view the list of visited websites, ensuring they engage in safe and responsible online behavior.
• Web Blocking: Safeguard your child's browsing experience by blocking websites based on domain name. Enable safe browsing for their device, ensuring they are protected from inappropriate content.

Required Permissions for KidsNanny:
• Location: To keep the track of all geo-fence events, Location permission is required. Make sure you turn on device Location Service after that, it will be running in the background for accurate locations.

KidsNanny requires an internet connection to operate

If a device has already been set up with an education or business MDM profile (Mobile Device Management) then you will not be able to add KidsNanny unless you remove the original profile.

To use KidsNanny you will need to download the app to each device you wish to control. One paid account allows you all Premium features for all devices linked to the account.

KidsNanny contains no advertisements.

All new users will get a 7 day free trial of the Premium version of KidsNanny, No credit card information is needed for this free trial, When the trial is over, access to Premium version features requires a subscription.

KidsNanny app is available with a monthly and annual subscription plans. Subscription and payment are made via your iTunes account at confirmation of purchase and subscription automatically renews unless auto-renew is turned off at least 24-hours before the end of the current period. Otherwise, the account will be charged for renewal within 24-hours prior to the end of the current period. Cancellation of the current subscription is not allowed during the active subscription period. You can manage your subscription and set auto-renewal off from “Settings” on your iPhone/iPad.

If you have any query or suggestion, please contact us at kidsnanny@vartit.com

- Find copies of our privacy policy on below link: 
https://kidsnanny.com.au/privacy-policy/
- Find copies of our terms and conditions on below link: 
https://kidsnanny.com.au/terms-conditions/",https://kidsnanny.com.au,https://apps.apple.com/us/app/kidsnanny-parental-control/id6446271738?uo=4,https://is1-ssl.mzstatic.com/image/thumb/Purple211/v4/b9/d8/78/b9d87865-78a5-026a-32bf-25f2b71bfd4b/AppIcon-1x_U007emarketing-0-8-0-85-220-0.png/512x512bb.jpg,1.0.19,2023-06-18,2024-11-20,1.0,2025-03-10
ios:id6450408337,AppStore,id6450408337,family-guard-parental-control_appstore,Family Guard: Parental Control,SMART DADDY (SMC-PRIVATE) LIMITED,Lifestyle,0,5.0,1,0.0,0.0,Free,"FamilyGuard Parental Control is a cutting-edge app designed to empower parents with the tools they need to ensure the online safety and well-being of their children. With its user-friendly interface and advanced features, FamilyGuard is the ultimate solution for responsible parenting in the digital age.

Key Features:

1. Notification Monitoring:
Stay informed about your child's digital activities with real-time notifications. FamilyGuard Parental Control keeps you in the loop by alerting you whenever your child receives or sends messages, downloads apps, or accesses potentially harmful content.

2. App Monitoring:
Take charge of the apps your child uses. FamilyGuard Parental Control provides insights into the applications your child has installed and helps you understand their usage patterns. You can identify potentially inappropriate apps.

3. Calls and SMS Monitoring:
Keep your child safe from unwanted calls and texts. FamilyGuard Parental Control lets you monitor incoming and outgoing calls and text messages. 

4. Device Information and Battery Percentage:
Stay informed about your child's device health and usage. FamilyGuard Parental Control provides essential device information, including battery percentage, so you can monitor device usage patterns and know when it's time to recharge.

Why Choose FamilyGuard?

Comprehensive Protection: FamilyGuard offers a comprehensive suite of monitoring tools, empowering parents to address potential online risks effectively.

User-Friendly Interface: Designed with simplicity in mind, FamilyGuard ensures a seamless and hassle-free user experience for parents of all tech levels.

Real-time Alerts: Receive instant notifications for critical activities, enabling you to take timely actions to protect your child.

App Management: Understand your child's app usage and manage the right balance between learning and leisure.

Communication Control: Monitor calls and texts to ensure your child's interactions are safe and secure.

Privacy and Security: FamilyGuard values your privacy and adheres to the highest security standards, ensuring all data is encrypted and protected.

Download FamilyGuard Parental Control today and embark on a safer digital journey for your child. With FamilyGuard, you can confidently nurture your child's online experiences while fostering responsible digital citizenship.

Note: The target child app is only available for non-iOS devices; please search for ""FamilyGuard KID"" on the site to download and install it on your child's device. The KID app is specifically designed to work in tandem with the parent app, providing a seamless and comprehensive parental control experience.

Terms of Use: https://smart-daddy.com/terms
Privacy Policy: https://smart-daddy.com/policy",https://smart-daddy.com,https://apps.apple.com/us/app/family-guard-parental-control/id6450408337?uo=4,https://is1-ssl.mzstatic.com/image/thumb/Purple211/v4/c4/d2/db/c4d2db0f-c472-e682-f3b1-2597cc02c95e/AppIcon-0-0-1x_U007emarketing-0-7-0-85-220.png/512x512bb.jpg,3.0.0,2023-07-17,2025-09-03,0.9,2025-03-10
cws:adkoogofipagajddbdeibkomhdfmkikb,ChromeWS,adkoogofipagajddbdeibkomhdfmkikb,mindfulness-reminder_chromews,Mindfulness Reminder,Non-traderThis developer has not identified itself as a trader. For consumers in the European Union,Extension,0,1.0,1,0.0,0.0,Free,"OverviewA mindfulness reminder extension** Update (August 2024): Fixed the bug that affected users in April 2024, where the extension was not functioning correctly. The issue has been resolved in version 1.1 ** A Chrome Extension that gives you a simple timed reminder to ground yourself in the present.",,https://chromewebstore.google.com/detail/adkoogofipagajddbdeibkomhdfmkikb?hl=en,https://lh3.googleusercontent.com/oqmq7XSXE2NZc_VZ0vop0o1lJq-I8qu6SQLAqYII2ptm174fkKrjuT70XPVTLIwHh4sCPueLKdHshoNGytL5AGDdZjk=s128-rj-sc0x00ffffff,"UpdatedAugust 19, 2024",,,0.0,2025-03-10
cws:fhjbmbgaedfnglhbioghdggfecaeeobf,ChromeWS,fhjbmbgaedfnglhbioghdggfecaeeobf,productivity_chromews,Productivity,TraderThis developer has identified itself as a trader per the definition from the European Union and committed to only offer products or services that comply with EU laws.,Productivity,0,5.0,1,0.0,0.0,Free,"OverviewBlock distracting websites to maximise your productivityProductivity “Productivity is never an accident. It is always the result of a commitment to excellence, intelligent planning, and focused effort.” Ensure you are productive on the web. Don't fall into the trap of browsing distracting websites purely out of habit. Productivity helps you maintain conscious web usage! Features: - Toggle on/off concentration mode - Add distracting sites to a blocklist - Notifications when a distracting site is closedSee less",,https://chromewebstore.google.com/detail/fhjbmbgaedfnglhbioghdggfecaeeobf?hl=en,https://lh3.googleusercontent.com/Ran6JUg_V979140ATrO83aC8oRPWPRJt6UncJb8Tumwy5_9jCDGBI8dH-IK6D4ovmRNBpYmUhts2L9-MlRdGdXRfLEo=s128-rj-sc0x00ffffff,"UpdatedNovember 9, 2022",,,1.0,2025-03-10
cws:gfbgojjldmklkfbkcdbifancaknmbodl,ChromeWS,gfbgojjldmklkfbkcdbifancaknmbodl,ultimate-adhd_chromews,ultimate ADHD,Non-traderThis developer has not identified itself as a trader. For consumers in the European Union,Extension,0,4.0,1,0.0,0.0,Free,"Overviewevery website you visit will help your attention span go downYou know those box things you see on the internet? Well I've made it so EVERYWHERE YOU GO, you will be entertained by the box..",,https://chromewebstore.google.com/detail/gfbgojjldmklkfbkcdbifancaknmbodl?hl=en,https://lh3.googleusercontent.com/o32aNSJwdq7zvePSNbQ4vNgvALCcGT5iHaaLmgmMW-29kVB988Yl4V8Kh6sB9I_lec1kW-ZYN_L0-O3JJWIDas4L=s128-rj-sc0x00ffffff,"UpdatedNovember 26, 2024",,,0.0,2025-03-10
cws:lkicfohpijhcaahdmianhgjglifhlmge,ChromeWS,lkicfohpijhcaahdmianhgjglifhlmge,monora-adhd-focus-timer-distraction-blocker_chromews,Monora: ADHD Focus Timer & Distraction Blocker,Non-traderThis developer has not identified itself as a trader. For consumers in the European Union,Extension,0,5.0,1,0.0,0.0,Free,"OverviewPlan 1-2 hours of deep work, block distractions, and beat time blindness with an ADHD-friendly timer and ambient focus sounds.A gentle timer and distraction blocker designed for neurodivergent minds. Monora helps you plan focused work sessions, block distracting websites, and stay on track with visual progress indicators—all in a calm, pressure-free interface. 🎯 Simple Work Session Planning • Plan deep work sessions in seconds—no overwhelm • Time-box 1–2 hour tasks with built-in breaks • Floating task bar keeps your goal always in sight • Clean interface designed for ADHD minds 🧠 Distraction Management Tools • One-click website blocking • Optional grayscale mode reduces visual overstimulation • Picture-in-picture timer stays visible while you work • Ambient sound options help you stay in flow ⏱️ Gentle Timer System • Pomodoro-style sessions with soft notifications • No harsh alarms—gentle chimes and visual cues • Helps reduce time blindness without stress • Built-in break reminders for sustained energy 🔒",,https://chromewebstore.google.com/detail/lkicfohpijhcaahdmianhgjglifhlmge?hl=en,https://lh3.googleusercontent.com/-eukRXPGXkSxGhazyqXsJiOwokO86NWdCbYnUxFwyVrQxfcd21XMLnSEy7LmR2NSE2Cb0jYcXsOcG1Ue8wFOMGm4aA=s128-rj-sc0x00ffffff,"UpdatedJuly 4, 2025",,,1.0,2025-03-10
cws:llingdngkbcacpjlhdnfockdicffgocp,ChromeWS,llingdngkbcacpjlhdnfockdicffgocp,mindtrail-smart-internet-habit-tracker_chromews,MindTrail – Smart Internet Habit Tracker,Non-traderThis developer has not identified itself as a trader. For consumers in the European Union,Extension,0,5.0,1,0.0,0.0,Free,"OverviewAuto-journal your digital footsteps and summarize your web habits daily.MindTrail is a minimalist Chrome extension that automatically journals your browsing activity and creates clear, insightful summaries of your daily web usage. 🔒 No signups. No tracking. 100% local and private. Whether you're a productivity geek, researcher, or just curious about your digital behavior, MindTrail helps you understand where your time goes — without the clutter. ✅ Auto-track websites visited ✅ Get daily/weekly summaries of browsing patterns ✅ Clean, readable timeline interface ✅ Lightweight & fast – no impact on performance Perfect for anyone into digital wellness, time management, or mindful productivity.See less",,https://chromewebstore.google.com/detail/llingdngkbcacpjlhdnfockdicffgocp?hl=en,https://lh3.googleusercontent.com/oPj4oIryFwdv2aktO2aiZ9nBTNaDXo3aFJ9VMd28Ir1u9BYx6K18Iyr36yXFw377lVahijta5sC1JgYhK-BUWA5ktbM=s128-rj-sc0x00ffffff,"UpdatedJuly 26, 2025",,,0.4,2025-03-10
cws:mibchpjmhiodhdenfchoghahndkbcefk,ChromeWS,mibchpjmhiodhdenfchoghahndkbcefk,smart-parental-control_chromews,Smart Parental Control,Non-traderThis developer has not identified itself as a trader. For consumers in the European Union,Extension,0,5.0,1,0.0,0.0,Free,"OverviewAI-powered web filter & access control. Smart content analysis, screen time management, eye protection & more.🛡️Smart Parental Control (SmartParent), is an advanced AI-powered web filter and monitoring tool designed for child safety online. Unlike traditional parental controls that simply block gaming and entertainment websites outright which potentially increasing curiosity and addiction—SmartParent provides AI-powered smart web access control that acknowledges children's natural instincts while allowing access to useful gaming and entertainment websites. Parents stay in control with flexible timer settings and content analysis, ensuring a safe and moderated online experience. Beyond the default smart web controls, SmartParent also offers useful features such as eye protection, whitelist, parent mode, settings lock, as well as daily browsing history report for parents. 🔔Key Features: ✅ AI-Powered Smart Monitoring & Control – Automatically analyzes web content for safety. ✅ Instant Blocking of Inappropriate Content – No need for manual blacklists. ✅ Customizable Whitelist – Allow specific websites as needed. ✅ Advanced Timer Controls – Manage screen time effectively. ✅ Automated Eye Protection – Reminders to reduce eye strain. ✅ Daily Email Reports – ✅ Secure Parental Control Dashboard – Password-protected settings. ✅",,https://chromewebstore.google.com/detail/mibchpjmhiodhdenfchoghahndkbcefk?hl=en,https://lh3.googleusercontent.com/VNdmCE2UFqRtQJzNJEce6MowzCuyy4q6K5qJ28DEt-5JBgbZvuYJBF45c0DK40vrUbaPHdI0r66S4dLJAUSJYjQ1ng=s128-rj-sc0x00ffffff,"UpdatedAugust 11, 2025",,,0.9,2025-03-10
ios:id6447776505,AppStore,id6447776505,my-study-room_appstore,My Study Room,CocoPixel,Productivity,0,4.0,2,0.0,0.0,Free,"Study with cute characters and decorate your room.

Study With Me!

#How to use
1. Study with a cute character for the promised time.
2. Purchase items with the coins you received as a reward.
3. Decorate your room with purchased items.",https://cocopixel.blogspot.com,https://apps.apple.com/us/app/my-study-room/id6447776505?uo=4,https://is1-ssl.mzstatic.com/image/thumb/Purple221/v4/d6/5f/0a/d65f0a96-8c87-6cdb-f63c-f706d2df1fed/AppIcon-0-0-1x_U007emarketing-0-6-0-85-220.png/512x512bb.jpg,1.0.34,2023-05-29,2025-07-27,0.025,2025-03-10
cws:hgemonjbnpehgjmmhbobbgmdcdjghnni,ChromeWS,hgemonjbnpehgjmmhbobbgmdcdjghnni,adhd-fast-reader_chromews,ADHD Fast Reader,Non-traderThis developer has not identified itself as a trader. For consumers in the European Union,Extension,0,5.0,2,0.0,0.0,Free,"OverviewBold first half of every word on most pages (excluding Reddit), with toggle/color and persistent settings.Bolds half of the letters of each words to enable Bionic Reading which has been proven to help people with ADHD read faster.",,https://chromewebstore.google.com/detail/hgemonjbnpehgjmmhbobbgmdcdjghnni?hl=en,https://lh3.googleusercontent.com/vHNG-FMzJHdQY40WPnXnjcHUv-xOJFnDMi2N39gpYprgIv_KX_iGSR8ABpi-Zs2LyujfhYDAPh_5_FD5lx38Su1-Cw=s128-rj-sc0x00ffffff,"UpdatedJune 16, 2025",,,0.0,2025-03-10
cws:jplackcnmigbganpfbkghkinkbhpgnpg,ChromeWS,jplackcnmigbganpfbkghkinkbhpgnpg,screen-time-limiter_chromews,Screen Time Limiter,Non-traderThis developer has not identified itself as a trader. For consumers in the European Union,Extension,0,5.0,2,0.0,0.0,Free,"OverviewSet time limits for websites and automatically block them when the limit is reachedScreen Limiter is a user-friendly Chrome extension designed to help you manage your screen time effectively and develop healthier digital habits. Whether you're a student trying to focus on studies, a professional aiming to boost productivity, or anyone looking to reduce screen fatigue, this extension has you covered.",,https://chromewebstore.google.com/detail/jplackcnmigbganpfbkghkinkbhpgnpg?hl=en,https://lh3.googleusercontent.com/E6Vkdo80ZPIQFH_TKUYlgUxjrYeW6iExOFHQ2HcuAyVqpNz1h7za2NXvXdOnOhoE7YjQRJTtnHuHbCFwHJ1TokuuNA=s128-rj-sc0x00ffffff,"UpdatedJanuary 22, 2025",,,0.4,2025-03-10
ios:id1579390348,AppStore,id1579390348,focused-pupa-earn-pupacoin_appstore,Focused Pupa - Earn PupaCoin,FOCUSED PUPA TEKNOLOJI VE YAZILIM HIZMETLERI ANONIM SIRKETI,Productivity,0,4.0,3,0.0,0.0,Free,"Stay focused, break free from phone addiction, donate your minutes for good!

Focused Pupa is a focus app that helps you reduce screen time through its gamified infrastructure and motivational elements.

● Thanks to Focused Pupa, more than 670,000 users have reduced their screen time!
● For every minute your phone remains locked, you earn one PupaCoin in Focused Pupa. Simply refrain from using your phone to earn PupaCoins.
● If you have a task that requires focus, Focused Pupa offers you 3 different focus mode options. Choose the duration you want to focus, start your session, and patiently wait for your butterfly to mature! When your session ends, your butterfly will be ready to fly. Set your butterfly free and collect your PupaCoins!

WHAT CAN I DO WITH THE PUPACOINS I’VE ACCUMULATED?

● UNLOCK NFT BUTTERFLIES 
In Focused Pupa, each focus session is accompanied by a different NFT butterfly. Each butterfly has its own story. You can use the PupaCoins you've accumulated to unlock the locks of different butterflies and have them accompany your sessions.

● DONATE YOUR MINUTES OR ACCUMULATED PUPACOINS 
You can turn every minute your phone stays locked into social good. We'll remind you about making minute donations every evening when you open the app and as long as your notifications are on. Don't forget that you can also donate the PupaCoins you've accumulated!

● JOIN DRAWS 
With the draw entries you earn as you focus, you can participate in the draws for products and services offered exclusively to Focused Pupa users by sponsor companies. You can also convert your PupaCoins into draw entries to participate in the draws.

● INVITE YOUR FRIENDS 
Every friend who registers with your invitation code in the app earns you extra PupaCoins. Don't forget that when your friend completes their profile information, they also gain access to special rewards and draw entries!

● OPEN YOUR SURPRISE BOX 
As long as your notifications are on, you have the opportunity to open your surprise box once a day in the app. Share the PupaCoins you receive from the surprise box on your social media accounts and seize the chance to earn extra PupaCoins!

SOME FEATURES

● IMPROVE YOUR PROFILE
From your profile page, you can view the total amount of PupaCoins you've donated, information about yourself, your achieved focus durations, the number of friends you have, and the amount of badges you've earned.

● VIEW YOUR PUPACOIN HISTORY
In the PupaCoin History page, you can view the details of all the PupaCoins you've earned in the app.

● COMPETE WITH THE TOPPERS
The Toppers section is one of the most motivating pages of Focused Pupa. You can view users who have focused the most and donated the most, filtered by time. We provide a detailed leaderboard with options for today, yesterday, last week, and last month. If you're curious about your ranking, we invite you to our Toppers page.

● UNLOCK ACHIEVEMENT BADGES
You can view completed tasks, earned badges, and also future badges and descriptions that will be unlocked as you continue to use the app on the achievements page.

● VIEW FOCUS REPORTS
With time filter options for Today, Yesterday, Last Week, and Last Month, you can view statistics of your focused minutes based on butterfly data and tags.

● CUSTOMIZE YOUR TAGS
In this section, you can enter information about which activity you will focus on. We've defined some important tags for you.

● VIEW SESSION HISTORY
You can view how long you were able to focus on each activity, along with detailed information entered at the beginning and end of the focus, in session history.

Focused Pupa aims to help you spend valuable time away from your phone with your loved ones and to motivate you to do your work more effectively. 

End user license agreement: https://www.apple.com/legal/internet-services/itunes/dev/stdeula/",https://focusedpupa.com/,https://apps.apple.com/us/app/focused-pupa-earn-pupacoin/id1579390348?uo=4,https://is1-ssl.mzstatic.com/image/thumb/Purple221/v4/ff/1c/1e/ff1c1e39-228e-04ff-f0d9-50d08998be61/AppIcon-0-0-1x_U007emarketing-0-7-0-85-220.png/512x512bb.jpg,1.9.1,2021-08-26,2024-07-17,1.0,2025-03-10
ios:id6737145799,AppStore,id6737145799,study-timer-shadow-task_appstore,Study Timer - Shadow Task,Curvachip LLC,Productivity,0,5.0,3,0.0,0.0,Free,"Keep your focus sharp, your privacy protected, and your productivity soaring. From motivational quotes and task names, to a progress chart that displays your daily focus for each task, along with separate cards for historical data, Study Timer - Shadow Task is the perfect app for students, hobbyists, professionals, and anyone looking to track and master their time.

Everything you do stays on your device and never leaves the app. We believe that unnecessary data collection is a violation of your trust. That’s why we don’t collect any data. 

We listen to your feedback. If there’s a feature you’re dying to see, an annoying software bug, or confusing design choices that drive you crazy, simply select Submit Feedback in the Settings sheet and drop us a note. We’ll get the issue fixed or the feature added as soon as possible!

Key Features:

- Customizable Timed Tasks: Create, edit, and delete tasks with ease. Set individual durations for both session and break times, tailoring each task to fit your needs.
- Dynamic Island and Live Activity: View timer intervals and progress from your lock screen or in the Dynamic Island while concentrating in another app.
- Pomodoro: Stay productive with timed work intervals followed by breaks. The work-break cycle can be customized for each task, giving you full control of your focus.
- Repeating Sessions: Need a task to repeat? Schedule how many times you want your work-break combo to cycle, helping you maintain consistent progress.
- Visual Progress Tracking: Track your progress with an intuitive chart that resets daily. Get insights on your total focus time across days, weeks, months, and years.
- Motivational Quotes: Make your focus time personal by drawing inspiration from other people. You can even enter your own quotes!
- No Data Collection: Your privacy matters. Shadow Task stores all data locally on your device, ensuring that your personal task history and progress remain completely private.

Why Shadow Task?

Shadow Task goes beyond just a basic timer. It gives you the flexibility to customize your focus sessions while ensuring you get the breaks you need to stay energized and avoid burnout—all while preserving your privacy. With its easy-to-use interface and powerful tracking features, you’ll be able to see your productivity soar. 

What’s more, Shadow Task allows you to take control of your time and productivity. Every moment you focus is one less moment spent on distractions and one more moment to spend meaningfully. Shadow Task helps you save time and focus on what really matters.

Download Shadow Task today and take control of your time, one task at a time. We’re here to cheer you on the whole way!",https://curvachip.com,https://apps.apple.com/us/app/study-timer-shadow-task/id6737145799?uo=4,https://is1-ssl.mzstatic.com/image/thumb/Purple211/v4/5a/2a/70/5a2a700a-6290-5dba-90e4-9995d9469bf9/AppIcon-0-0-1x_U007epad-0-1-85-220.png/512x512bb.jpg,2.0.0,2024-10-19,2025-07-15,1.0,2025-03-10
cws:bhfebicpocbejcpcabecofnmfcogidca,ChromeWS,bhfebicpocbejcpcabecofnmfcogidca,aiwebfilter-parental-control-for-kids_chromews,AIWebFilter - Parental Control for Kids,TraderThis developer has identified itself as a trader per the definition from the European Union and committed to only offer products or services that comply with EU laws.,Extension,0,5.0,3,0.0,0.0,Free,"OverviewProtect your kids with AI. Our filter blocks ads, porn & drugs, and removes toxic content from Facebook & Twitter.AIWebFilter: Smart Parental Controls for a Safer Internet Worried about what your children see online? The internet is a vast world, full of distractions and content not meant for young eyes. AIWebFilter empowers you, the parent, to create a safer, age-appropriate, and more focused digital environment for your family. Unlike simple blockers that rely on outdated lists, AIWebFilter uses advanced Artificial Intelligence to understand the *context* of a webpage in real-time. This means smarter, more reliable protection for your children, wherever they browse. KEY FEATURES: Intelligent Social Media Feed Filtering Protect your child from the endless scroll and distracting algorithmic content on platforms like Twitter, Facebook, and Reddit. Our AI intelligently hides the recommended ""For You"" feed, allowing your child to focus on updates from friends and family without the noise and potential for harmful suggestions. AI-Powered Content Shield Go beyond basic keyword blocking. Our AI analyzes text, images, and the overall context of a page to accurately identify and block harmful content. You have complete control to create a browsing experience tailored to your family's values: - Block Adult & Sexually Explicit Content - Filter Violence, Gore & Weapons - Prevent Access to Gambling & Betting Sites - Block Content about Drugs & Alcohol - Filter out Profanity & Hate Speech - Customize blocking for other sensitive topics Block Inappropriate & Malicious Ads Our AI analyzes ads for their content, not just their source. This effectively blocks inappropriate, manipulative, or potentially malicious advertising that traditional ad blockers often miss, protecting your child from scams and unsuitable offers. You're Always in Control: The Whitelist Feature We know AI-powered recognition is a complex task and isn't always 100% perfect. If a page is blocked incorrectly, you can instantly add it to your Whitelist. 🎁 CREATE A SAFER WEB FOR FREE! 🎁 We're confident you'll love the change. Every new user receives 2 Million free tokens to experience the full power of our AI filtering. Pricing & Subscription Love AIWebFilter? Once your free tokens are used, you can subscribe on a monthly basis to enjoy unlimited AI filtering power. Install AIWebFilter today and take the first step towards a safer, healthier online world for your children.See less",,https://chromewebstore.google.com/detail/bhfebicpocbejcpcabecofnmfcogidca?hl=en,https://lh3.googleusercontent.com/VCfNLFuHr0qk1lvFq5byCxqo-PTPsXX7V8uqZdvZ_g8LONCWTW8tIJClNHfeXrsO_4nClPjmqZ4kUzk5mtDNFniWId0=s128-rj-sc0x00ffffff,"UpdatedSeptember 30, 2025",,,1.0,2025-03-10
cws:ejfldchfgbinehokoegomooplcajinli,ChromeWS,ejfldchfgbinehokoegomooplcajinli,adhd-zapper_chromews,ADHD Zapper,Non-traderThis developer has not identified itself as a trader. For consumers in the European Union,Extension,0,5.0,3,0.0,0.0,Free,"OverviewBionify the page to create a reading environment that is more suitable for people with ADHD, Dyslexia.This extension is intended to help those who often have troubles staying focused when reading huge blocks of texts (people with ADHD, Dyslexia, etc). By zapping the page, half of every word becomes bolded, and the bolded texts serve as a focus point that users can fixate on, with hopes of eliminating distractions when reading.",,https://chromewebstore.google.com/detail/ejfldchfgbinehokoegomooplcajinli?hl=en,https://lh3.googleusercontent.com/D3hJSG7u1lBCor_pBSW76cRhMZYn3XLo8Dfjr56as4DNpLUJT5vmGkel1FY4ps_OWoidVfT0o5WoWR3pPJ8J3jpT=s128-rj-sc0x00ffffff,"UpdatedMarch 23, 2023",,,0.4,2025-03-10
cws:gkoiknfcddbjpadkeffgebenhngcgain,ChromeWS,gkoiknfcddbjpadkeffgebenhngcgain,ai-parental-control_chromews,AI Parental Control,Non-traderThis developer has not identified itself as a trader. For consumers in the European Union,Extension,0,5.0,3,0.0,0.0,Free,"OverviewBlocks inappropriate web content using AI, based on parental settings🤖 AI Parental Control - Harness the Power of AI for Safer Browsing AI Parental Control is a Chrome extension that leverages OpenAI's ChatGPT technology to analyze and block inappropriate web content in real-time. Unlike traditional parental control tools that rely on static blacklists or self-reported site categorizations, our extension provides a more reliable solution by scanning each page as it's loaded, ensuring harmful content is blocked before it even reaches your screen. Rest assured, AI Parental Control does not save or store any browsing data—your privacy is fully protected. Key Features: ✅ Customizable Filters: Tailor the extension to block content categories such as explicit material, violence, and hate speech. Choose what fits best for your family's needs. ✅ Real-Time AI Filtering: Using OpenAI's state-of-the-art technology, web pages are analyzed in real-time to block harmful content before it is ever displayed. ✅ Password Protection: Secure your settings with a password to prevent unauthorized access, ensuring that your chosen restrictions stay in place. ✅ Flexible Plans: Start with our free Demo plan to try the extension, then upgrade to unlock more features and increased page analysis limits. ✅ Block History: Advanced plans include a detailed history of blocked pages, helping you monitor and understand your family's online safety. ✅ No More Blacklists: Unlike other tools that rely on outdated or incomplete blacklists, AI Parental Control evaluates every web page, making it more effective and reliable. ✅ Smooth User Experience: The clean and intuitive interface makes setup and management a breeze, even for non-technical users. Available Plans: • Demo: Try the extension with a daily limit of 25 page analyses • Basic: Analyze up to 100 pages daily • Advanced: 500 daily page analyses plus block history feature • Unlimited: No daily limits and all premium features included Install AI Parental Control today for the most reliable and intelligent way to protect your family's online experience! Start with our free Demo plan and upgrade anytime to unlock more features. 🚨🚨🚨 Incognito mode protection 🚨🚨🚨 To ensure AI Parental Control works in Incognito Mode, you need to manually enable it: Open Chrome's Extension Management page (chrome://extensions/) Find AI Parental Control in the list Click on """,,https://chromewebstore.google.com/detail/gkoiknfcddbjpadkeffgebenhngcgain?hl=en,https://lh3.googleusercontent.com/qtlEGhI2tZE-9xYOyafM2c4pA0JwAyyoxK7W9bNEQpWl3FKT20UIFnB8vCg5G-JIyMdIlC2CUbxiAoVAEM4rvuQpGgg=s128-rj-sc0x00ffffff,"UpdatedApril 1, 2025",,,1.0,2025-03-10
cws:jemdldabgmbndebknjpdoeamckbliobm,ChromeWS,jemdldabgmbndebknjpdoeamckbliobm,achieve-earn-your-screen-time-extension_chromews,Achieve: Earn Your Screen Time Extension,Non-traderThis developer has not identified itself as a trader. For consumers in the European Union,Achieve: Earn Your Screen Time Extension,0,3.7,3,0.0,0.0,Free,OverviewAchieve Chrome extension for use with the Achieve: Earn Your Screen Time iOS App. Block Websites until your daily goals are metAchieve: Earn Your Screen Time is an iOS app that blocks distractions until you meet your daily goals. This chrome extension works with the app to block websites you select. If a blocked website is attempted to be accessed prior to completing your goals then Chrome will close the tab. Once your daily goals are reached all websites will become unblocked and free to use. iOS App can be downloaded here: https://apps.apple.com/us/app/habbit-helper/id6466824356,,https://chromewebstore.google.com/detail/jemdldabgmbndebknjpdoeamckbliobm?hl=en,https://lh3.googleusercontent.com/G5crbWYJ5sQPwo6f94X7LGiChdSXvV9mh9-GR_Col5Xd_V6_WTUZAN_I1pr_HTocRyABW_JiCba23YPWHGtG1BahNw=s128-rj-sc0x00ffffff,"UpdatedJanuary 10, 2024",,,0.65,2025-03-10
cws:hdnpgokelhelboajpcaboglaidmnpego,ChromeWS,hdnpgokelhelboajpcaboglaidmnpego,meeting-adhd_chromews,meeting adhd,Non-traderThis developer has not identified itself as a trader. For consumers in the European Union,Extension,0,5.0,4,0.0,0.0,Free,Overviewfocus in your virtual meetings with this extension.never loose focus in a meeting again with this chrome extension. meeting adhd is a tool designed to help you maintain focus in your virtual meetings so that you can stay on track during the meeting. disclaimer: this chrome extension is intended as a supplementary aid for focus and relaxation and is not a replacement for professional ADHD treatments.,,https://chromewebstore.google.com/detail/hdnpgokelhelboajpcaboglaidmnpego?hl=en,https://lh3.googleusercontent.com/Q9HDLX7SF9sm8Ju6Abtc5oQKj31Lqc3yiZyws0AzfVR-m2yFtVE2P9SpMZ1XNBm_otHo-t2B3Zf-D3xQvfgfJis-=s128-rj-sc0x00ffffff,"UpdatedDecember 25, 2023",,,0.4,2025-03-10
cws:koepjhgljgmbeknbdeognkbchjmdkbpd,ChromeWS,koepjhgljgmbeknbdeognkbchjmdkbpd,adhd-reader_chromews,ADHD reader,Non-traderThis developer has not identified itself as a trader. For consumers in the European Union,Extension,0,4.8,4,0.0,0.0,Free,OverviewA lightweight extension to help people with ADHD read.Update 2.2.0: - Faster performance - Default font is now Arial,,https://chromewebstore.google.com/detail/koepjhgljgmbeknbdeognkbchjmdkbpd?hl=en,https://lh3.googleusercontent.com/GwJoBBpCOoXB7uAoqb8ki62ElD8Jakm9FyueLWr4kioIlKS2usWlslnlalCDF1OzY-1jKgOjdEVaO9VDeLTt7JHwKQ=s128-rj-sc0x00ffffff,"UpdatedMarch 12, 2025",,,0.0,2025-03-10
ios:id6478173099,AppStore,id6478173099,mls-productivity_appstore,MLS Productivity,Tirthankar Bhattacharya,Productivity,0,4.33333,6,0.0,200.0,Free,Application that provides operations and business enablement for scanner capabilities that will aid in tracking of productivity and measure and track metrics performance.,https://teamsafeplus.com/mls_admin/,https://apps.apple.com/us/app/mls-productivity/id6478173099?uo=4,https://is1-ssl.mzstatic.com/image/thumb/Purple221/v4/31/3d/4b/313d4b77-a15d-c0d3-cbb4-a8b79ce320fe/AppIcon-0-0-1x_U007emarketing-0-7-0-85-220.png/512x512bb.jpg,8.1,2024-11-03,2025-05-21,0.275,2025-03-10
cws:ggdoldplpieidgdofjpnakebdchiklgo,ChromeWS,ggdoldplpieidgdofjpnakebdchiklgo,parental-control-safe-browsing-for-kids_chromews,Parental Control | Safe browsing for kids,Non-traderThis developer has not identified itself as a trader. For consumers in the European Union,Extension,0,5.0,6,0.0,0.0,Free,"OverviewControl website access with Parental Control. Manage allowed sites to boost productivity. Simple and easy.Parent Control - The Smarter Way to Protect Your Kids Online Give your children a safer internet experience with Parent Control, the Chrome extension designed for modern parents who want to take control of what their kids see online. Whether you're guarding against explicit content, limiting screen time, or just ensuring age-appropriate access, Parent Control puts you in charge. 🛡️ Designed with Families in Mind With Parent Control, you decide which websites your child can visit. Everything else? Automatically blocked and redirected to a gentle “Access Denied” page you can customize. 🔑 Core Features: 👨‍👩‍👧‍👦 Parental Whitelist Controls – Add only the sites you trust. Remove or update the list anytime, instantly. 🔐 Kid-Safe Mode – Lock down access to non-approved websites with a single toggle. 📵 Instant Website Blocking – Non-whitelisted sites are blocked in real-time—no delays, no loopholes. 🎛️ Personal Admin Dashboard – Parents are in full control. Children cannot alter restrictions. 🧠 Simple, Clean Interface – Built with user experience in mind—easy for parents, hard for kids to bypass. 👏 Why Parents Trust Parent Control 🧒 Protect Young Minds – Shield your kids from adult content, scams, and harmful distractions. 📆",,https://chromewebstore.google.com/detail/ggdoldplpieidgdofjpnakebdchiklgo?hl=en,https://lh3.googleusercontent.com/s15Nqe-jjjZ6HTXpVbSfRUS-nTLYqQOfqxB80QXfosf-piBvdascG14U2gDgy2NzDlkYBUAxBT1moc-axrbMaJ5n3w=s128-rj-sc0x00ffffff,"UpdatedMay 3, 2025",,,0.9,2025-03-10
cws:ljkbjodfmekklcoibdnhahlaalhihmlb,ChromeWS,ljkbjodfmekklcoibdnhahlaalhihmlb,super-productivity_chromews,Super Productivity,Non-traderThis developer has not identified itself as a trader. For consumers in the European Union,Super Productivity,1000,3.7,6,0.0,0.0,Free,OverviewThis is an extension for the web app (@see: https://super-productivity.com/. It is required to allow the web app to access Jira…This is an extension for the web app (@see: https://super-productivity.com/. It is required to allow the web app to access Jira issues and to handle a users idle state in order to let them handle time tracking for those periods.,,https://chromewebstore.google.com/detail/ljkbjodfmekklcoibdnhahlaalhihmlb?hl=en,https://lh3.googleusercontent.com/XW0BcftOISNuo7MI3y0QZDHI4BdT_F-0JYCpEdqCA-kdpLkj7PsykNSafaGh-jIv7V7Dwtw0JxMBB91wk4Hr2Fm-6qE=s128-rj-sc0x00ffffff,"UpdatedMay 20, 2024",,,0.4,2025-03-10
cws:pfbgmmjloigajfgnfmgmdbafaedpmlml,ChromeWS,pfbgmmjloigajfgnfmgmdbafaedpmlml,pomodoro-timer_chromews,Pomodoro Timer,Non-traderThis developer has not identified itself as a trader. For consumers in the European Union,Extension,3000,4.7,6,0.0,0.0,Free,"OverviewBoost productivity with this simple Pomodoro timer. Focus on tasks, minimize distractions, and manage your time effectively.Boost your productivity with the Pomodoro Timer & Focus Clock—your ultimate tool for time management and concentration. This simple yet powerful extension helps you stay focused, reduce procrastination, and achieve your goals through structured work and rest cycles. How It Works: 1. Customize Your Sessions: Easily set the duration of your work and break sessions to suit your needs. 2. Stay Focused: Engage in deep work without distractions during your work sessions. 3. Get Notified: Receive clear notifications when it’s time to take a break or start a new session. 4. Achieve Your Goals: Repeat the cycle until your tasks are completed efficiently. Why It Works: The Pomodoro Technique has been proven to enhance productivity by breaking work into manageable intervals, followed by short breaks. This method keeps your mind fresh and focused, helping you tackle even the most daunting tasks with ease. Key Features: • Customizable Timers: Adjust session lengths to fit your work style. • Background Notifications: Stay informed without interrupting your workflow. • Simple & Intuitive: No unnecessary features—just the essentials to help you focus. • Work Smarter: Minimize distractions and maximize productivity with structured work-rest cycles. Who Is It For? Whether you’re a student, freelancer, or professional, the Pomodoro Timer & Focus Clock is designed to help anyone looking to improve their focus, manage their time better, and accomplish more.See less",,https://chromewebstore.google.com/detail/pfbgmmjloigajfgnfmgmdbafaedpmlml?hl=en,https://lh3.googleusercontent.com/GSwIb3GlJArVbnYxKIsjZ-lpemXH0ef_reosMSAn_u78RbfBs-L3HAFDYCC_Nfz2jEojlHSX-QtCVHuM2xJZ-N05Vw=s128-rj-sc0x00ffffff,"UpdatedOctober 20, 2024",,,1.0,2025-03-10
cws:bebhefcdgigdmaalghmfldlpnlihgagh,ChromeWS,bebhefcdgigdmaalghmfldlpnlihgagh,youtube-distraction-blocker_chromews,YouTube Distraction Blocker,Non-traderThis developer has not identified itself as a trader. For consumers in the European Union,Extension,0,4.9,7,0.0,0.0,Free,OverviewBlocks YouTube comments and/or watch recommendations as chosen to minimize distractions while working or studying.An extension that deploys a dropdown menu that allows you to remove the YouTube recommendations and/or comments to your choosing. When the page is refreshed the comments and recommendations go back. Perfect for anyone who is trying to maximize productivity while working or studying or is disappointed by how much time they spend going down the YouTube rabbitholes.,,https://chromewebstore.google.com/detail/bebhefcdgigdmaalghmfldlpnlihgagh?hl=en,https://lh3.googleusercontent.com/OMp5u8aeVZd-oGzltoelRaIHoIO8nhcU2rapy-u55CRPgTi9vSIbIj6K7wk2wkqJzzK1b1j8Avood3tYpKAI5ENkjaE=s128-rj-sc0x00ffffff,"UpdatedFebruary 28, 2022",,,0.525,2025-03-10
cws:cicadgehhallnipmampflnkfffojbnap,ChromeWS,cicadgehhallnipmampflnkfffojbnap,meditation-timer_chromews,Meditation Timer,Non-traderThis developer has not identified itself as a trader. For consumers in the European Union,Extension,0,5.0,8,0.0,0.0,Free,"OverviewUse Meditation Timer. Enhance your focus with an online meditation timer and relax with a free meditation appMeditation Timer is your essential Google Chrome extension designed to enhance your mindfulness practice and improve productivity. Perfect for taking breaks during work, this extension will remind you when it's time to pause and meditate. Set reminders for breaks and choose from various background sounds, such as Beach, Birds, Cafe, Campfire, City, Fireplace, Forest, Heavy Rain, and Night Crickets, to meditate. Features: 1️⃣ Customizable Sessions: • Set the duration that fits your schedule. • Options include a 10 minute meditation timer for quick sessions. • Choose a 15 minute meditation timer for mid-length sessions. • Opt for a 20 minute meditation timer for longer, more immersive practice. 2️⃣ User-Friendly Interface: • Simple and intuitive design. • Easily set up your timer. 3️⃣ Free to Use: • Enjoy all features at no cost. • Our extension offers premium functionality without the price. Benefits: ➤ Meditation Timer helps you maintain consistency. ➤ Perfect for daily practice with a meditation timer online. ➤ Enhance your practice with the free meditation app. ➤ Choose from a variety of background sounds to improve focus. ➤ Customizable session lengths to fit your schedule and needs. Why Choose Us? 💎 Customization: Adjust the timer for meditation to suit your needs. 💎 Flexibility: Use our meditation time app anywhere. 💎 Variety: Select from different meditation timers. 💎 Simplicity: The meditation clock online is straightforward and easy to use. Ideal For: 🔸 Ideal for beginners and experienced meditators alike, enhancing any practice. 🔸 Daily use with customizable session lengths for tailored practice. 🔸 Enhanced focus using a variety of background sounds like nature and cityscapes. 🔸 Maintaining consistency with regular reminders to keep you on track. 🔸 Stress reduction and relaxation during work breaks to improve well-being. 🔸 Flexible practice anywhere with our easily accessible online meditation tool. Background Sounds for Enhanced Focus: 🔺 Beach: The sound of waves helps you relax and focus, creating a vacation vibe. 🔺 Birds: Birdsong brings tranquility and enhances concentration with nature's touch. 🔺 Cafe: The hustle and bustle of a café create a lively environment, aiding concentration. 🔺 Campfire: The crackling of firewood provides a cozy atmosphere, perfect for focus. 🔺 City: City noise helps you concentrate in the rhythm of urban life. Consistent Practice: 🔹 Reduces stress and anxiety: Daily practice helps calm the mind and lower stress levels. 🔹 Improves concentration: Regular practice enhances focus and mental clarity, boosting productivity. 🔹 Increases emotional resilience: Mindfulness builds emotional strength, helping you handle challenges better. 🔹 Enhances sleep quality: Consistent mindfulness practice can lead to deeper, more restful sleep. 🔹 Strengthens the immune system: Regular practice supports overall health and immunity. 🔹 Boosts overall well-being: Practice promotes a sense of peace, happiness, and contentment. ❓ Frequently Asked Questions: 📌 How do I use the timer meditation app? — Simply download the online meditation timer, set your desired meditation duration, and start your session. The tool is user-friendly and intuitive. 📌 Can I meditate using a free meditation timer? — Yes, our meditation online timer is perfect for meditating anywhere with an internet connection. It’s accessible and easy to use. 📌 What makes this extension different from others? — Our timer meditation offers customizable session lengths, a variety of background sounds, and a user-friendly interface to enhance your experience. 📌 Is there a free version of the meditation app available? — Yes, we offer a free meditation app with all the essential features to help you maintain a consistent practice without any cost. 📌 How can an online meditation timer improve my practice? — A meditation timer free helps you stay consistent and focused by providing precise timing and various sound options, making your sessions more enjoyable and effective. Get Started: 1. Download the extension. 2. Choose your session duration that suits your needs. 3. Select your preferred background sound for ambiance. 4. Begin your practice with the timer meditation and relax deeply. Discover the ease and tranquility of using the meditation timer online. Enhance your mindfulness with a reliable and user-friendly meditation timer app. Start your journey towards mindfulness and relaxation with the best timer for meditation available.See less",,https://chromewebstore.google.com/detail/cicadgehhallnipmampflnkfffojbnap?hl=en,https://lh3.googleusercontent.com/6rcxcygslBotNyxibYW1S02FdSbn8QxFqeW_NLxQ_JXmESKFawmNpZ-J9DQeBn9wfMcU03dGqUmic8Oe8bgEhb-G=s128-rj-sc0x00ffffff,"UpdatedJuly 31, 2024",,,1.0,2025-03-10
cws:ckfejoidaicoaiacpegjindigbllohie,ChromeWS,ckfejoidaicoaiacpegjindigbllohie,habit-tracker-track-my-habit_chromews,Habit Tracker - Track My Habit,Non-traderThis developer has not identified itself as a trader. For consumers in the European Union,Extension,0,5.0,8,0.0,0.0,Free,"OverviewSimple and beautiful habit tracker that helps you build daily habits with visual streaks and progress tracking. Free and Unlimited!Achieve Your Goals with Ease and Stay Motivated Every Day 🎯 Track My Habit is the ultimate habit tracker Chrome extension that transforms your daily routines into powerful, lasting habits. With a clean, intuitive interface and science-backed features, it’s the perfect tool to improve your productivity, health, or personal growth. Whether you want to exercise regularly, read daily, or build professional skills, Track My Habit makes your journey simple, rewarding, and fun! 🌟 Key Features 1) Effortless Habit Tracking 🖱️ One-click habit completion keeps tracking simple and fast. 📅 View progress with 14 day overviews. 🔥 Streak tracking with growing visual flames and milestone celebrations (7, 30, 100 days) for extra motivation. 2) Intuitive & Beautiful Design 🎯 Distraction-free interface to focus on your habits. 🎨 Color-coded habits for easy recognition and organization. 🌙 Dark mode for comfortable viewing at any time. 3) Motivation Through Streaks & Milestones 🏆 Celebrate your longest streaks and key achievements. 🔥 Dynamic streak flames grow as you maintain consistency. 🌟 Immediate visual feedback keeps you engaged. 4) Simple Habit Organization 📌 Drag and drop habits to reorder and prioritize. 🗂️ Archive completed or paused habits while preserving historical data. 🤝 Group similar habits together for better focus and goal alignment. 5)",,https://chromewebstore.google.com/detail/ckfejoidaicoaiacpegjindigbllohie?hl=en,https://lh3.googleusercontent.com/d4SiGIHExscGCM25w_OTxwJeLc9py6lNX4tjoFQOp1cFmh5yM6ZkgPi4apa4zjzhGFJ0t4z0tNvP2tEk5DsRxL22jA=s128-rj-sc0x00ffffff,"UpdatedJanuary 12, 2025",,,1.0,2025-03-10
ios:id6470944782,AppStore,id6470944782,atomic-habit-tracker_appstore,Atomic: Habit Tracker,Kanbon GmbH,Productivity,0,4.7,10,0.0,0.0,Free,"The effortless way to build and sustain your habits.

Our app is designed for comfort with dark mode, clear visualizations, and tailored insights to support your personal growth. Atomic stands out with its minimalist design and unwavering commitment to your privacy. Your habits, your data, your control — with no compromises. Ready for a meaningful habit transformation? Try Atomic now.",https://discord.gg/kYr7G3DdxF,https://apps.apple.com/us/app/atomic-habit-tracker/id6470944782?uo=4,https://is1-ssl.mzstatic.com/image/thumb/Purple211/v4/8b/4b/de/8b4bdefd-140c-bb29-7f7d-d85a778f00a6/atomic-0-0-1x_U007epad-0-1-85-220.png/512x512bb.jpg,1.15.0,2023-01-11,2025-09-30,0.525,2025-03-10
ios:id1671825554,AppStore,id1671825554,adora-parental-control_appstore,Adora - Parental Control,"Adora, Corp.",Lifestyle,0,4.91667,12,0.0,0.0,Free,"【Featured by The Times, Gizmodo, and so on...】

Adora solves your concerns about the smartphone use of your child. 

*This app is for PARENT's smartphone (please install ""Adora for Kids"" on your child's device).

◆ This app supports the following features.
- Screen time management: You can manage your child's smartphone usage time app-by-app.*
- Unsafe Selfie Detection: When a potentially obscene image is taken on your child's phone, Adora’s AI detects it and sends the notification to the parent's phone (and the child will be notified to delete the image).
- GPS Tracking: You can check your child's location information.
- Smombie Prevention: Detects dangerous usage of smartphones while distracted and prevents the use of apps while walking.*

Terms of use: https://www.apple.com/legal/internet-services/itunes/dev/stdeula/

More features will be added in the near future!

(* not yet supported for Adora Kids on iOS)",https://adora-app.com/,https://apps.apple.com/us/app/adora-parental-control/id1671825554?uo=4,https://is1-ssl.mzstatic.com/image/thumb/Purple211/v4/37/6a/c8/376ac8eb-a1e1-4758-e46a-732c637114be/AppIcon-0-0-1x_U007emarketing-0-8-0-85-220.png/512x512bb.jpg,0.20.14,2023-05-03,2025-02-10,0.025,2025-03-10
cws:jdgkhgoanhhnileehaipfpffmnfiiibh,ChromeWS,jdgkhgoanhhnileehaipfpffmnfiiibh,focus-timer_chromews,Focus Timer,Non-traderThis developer has not identified itself as a trader. For consumers in the European Union,Extension,6000,4.4,12,0.0,0.0,Free,"OverviewA time management method based on 25-minute stretches of focused work broken by 5-minute breaksFocus Timer - a time management method based on 25-minute stretches of focused work broken by 5-minute breaks. Focus Timer boost productivity in a number of ways: - Focus: The method encourages you to work on a single task for a set amount of time, usually 25 minutes, which can greatly improve focus and concentration. This can make your work or studying more efficient and effective. - Breaks: The technique involves taking short breaks (usually 5 minutes) after each time block (25-minute work period), which can help to prevent mental fatigue and maintain a high level of productivity throughout the day. - Work-Life Balance: By dividing your day into clear work periods and breaks, the Focus Timer can help to improve your work-life balance. It allows you to ensure that you're not working or studying for too long without a break, which can be beneficial for your mental and physical health. - Reducing Procrastination: The thought of working for just 25 minutes can be less daunting than the idea of working for several hours. This can make it easier to get started on tasks and reduce procrastination.See less",,https://chromewebstore.google.com/detail/jdgkhgoanhhnileehaipfpffmnfiiibh?hl=en,https://lh3.googleusercontent.com/x-toCJ5UV15WD__q0FakekUGpq8lnVPgUYIfZzQC1Xsz0CbNc3koLSHrx3VIBwuAZND-SbwnmlUXqIOaDbAIJEGeOA=s128-rj-sc0x00ffffff,"UpdatedDecember 3, 2024",,,1.0,2025-03-10
cws:njkbbegeohchbcbannojicmcalojcfek,ChromeWS,njkbbegeohchbcbannojicmcalojcfek,pavlok-productivity_chromews,Pavlok Productivity,Non-traderThis developer has not identified itself as a trader. For consumers in the European Union,Pavlok Productivity,0,2.2,13,0.0,0.0,Free,"OverviewStay focused with a task list, pomodoro timer, site blacklist, and tab management. Boost your productivity.Introducing Pavlok's newest chrome extension, the ultimate productivity tool for anyone looking to stay focused and on track with their tasks. With our extension, you'll be able to create a task list and use the built-in pomodoro timer to break your work into manageable chunks and stay focused during each session. But that's not all - our extension also includes a blacklist feature that allows you to specify websites that tend to distract you. Set a time limit for blacklisted sites, and you'll receive notifications, vibrations, or zaps as a reminder to stay on task. And if you're someone who tends to keep a lot of tabs open, our extension also includes a tab management feature to send you stimuli when you open too many tabs, helping you to reduce clutter and improve focus. This extension works without the Pavlok device, but you'll only receive chrome notifications. Create a Pavlok account by downloading the app (https://pavlok.com/app) or creating it on the web ( https://app.pavlok.com/users/sign_up )See less",,https://chromewebstore.google.com/detail/njkbbegeohchbcbannojicmcalojcfek?hl=en,https://lh3.googleusercontent.com/vswKSzz4BxCjbTgFodCG-txqoe8elxPFYrFt1I8PVQrsh9T0wLQsNojJ4m4VjeBT6Cv1XK3x2URvmpb7P-USzzhDyg=s128-rj-sc0x00ffffff,"UpdatedJune 16, 2023",,,1.0,2025-03-10
ios:id1644638467,AppStore,id1644638467,study-time-record_appstore,Study Time Record,WEBDIA INC.,Education,0,4.42856,14,0.0,0.0,Free,"This is an app that allows you to record study time and check the history with pie charts and stacked bar graphs.

- Counting study time
The app counts.
Select a subject, set the study time, and count to record study time.
If you close the app or perform other operations while studying, the count will be interrupted.

- Register subjects
By registering subjects, you can record which subjects you studied.
By recording each subject, you can understand which subjects you do not have enough study time.

- Study history
Displays daily study time in a stacked bar graph.
Recheck your study time by looking at your past history.
If you do not have enough study time, make sure to set aside time for studying.

- Advertisement
This app is free to use, but ads are displayed.
To avoid interrupting your studies, ads are displayed only after the countdown is completed so as not to break your concentration.

- Purpose of this app
This app was created for children who tend to study only in the subjects they are good at.
The study time for subjects you are weak at tends to be short. By visualizing the time you study, you can understand the lack of study time for subjects you are weak at. I hope this will lead to improved grades for everyone.",https://studytime.webdia.net/,https://apps.apple.com/us/app/study-time-record/id1644638467?uo=4,https://is1-ssl.mzstatic.com/image/thumb/Purple211/v4/56/02/13/560213c1-fc18-d921-7df3-dd8387224d21/AppIcon-0-0-1x_U007epad-0-1-85-220.png/512x512bb.jpg,5.4.0,2022-09-18,2025-09-24,0.0,2025-03-10
ios:id1318534582,AppStore,id1318534582,focusi-study-timer_appstore,Focusi: Study Timer,Jordan Holland,Productivity,0,4.46666,15,0.0,0.0,Free,"Improve focus with this countdown/study timer. Great for revision or pomodoro!

Are you having issues concentrating on the things that matter? Are you a habitual procrastinator? Are you looking for a study timer or countdown timer app?

Then look no further!

Focusi is a sleek study timer app for focus, revision and work that puts an emphasis on simplicity. All you have to do is tap a time and you're ready to go!

Main Features
- Multiple time frames(15, 30, 60 minutes etc.) that can be added or removed freely. You can use these as pomodoro sessions or for breaks.
- Quick display of estimated finishing times for each timer before you start a session.
- Stopwatch functionality.
- Pause and stop functionality.
- A finish alert sound(optional and can be turned off from the settings).
- A finish alert notification(can also be adjusted in the settings).
- Curated tips about how to improve your focus/break free from smartphone addiction.
- Add tags to your timer sessions so you know what you've been studying and for how long.
- Hard mode(if you activate this the timer won't progress unless you flip your phone face-down).
- Bar graphs that show the time you have spent studying with the app for the last 7 days/14 days(can be extended further with premium).
- Light and dark themes(and premium 'Night Mode'/'Pink' themes).

Focusi is great for people that:
- Want something to complement their study sessions or want to work more efficiently
- Are having trouble focusing and need that extra push
- Are looking for an app with countdown(or stopwatch) functionality

If you have any feedback or ideas feel free to write them in the reviews section below or email us at support@focusi.app.

Privacy Policy: https://sites.google.com/view/focusi-privacy-ios
Terms of Use: https://sites.google.com/view/focusi-terms",https://focusi.app/,https://apps.apple.com/us/app/focusi-study-timer/id1318534582?uo=4,https://is1-ssl.mzstatic.com/image/thumb/Purple211/v4/d3/fd/97/d3fd9784-95be-f563-49d6-cb4f609ba5fd/AppIcon-0-0-1x_U007emarketing-0-8-0-0-85-220.jpeg/512x512bb.jpg,4.26.5,2017-06-12,2025-09-07,1.0,2025-03-10
cws:eknlhojagpjfpdddedbehcljmkeklihc,ChromeWS,eknlhojagpjfpdddedbehcljmkeklihc,website-whitelist-parent-control_chromews,Website Whitelist | Parent Control,Non-traderThis developer has not identified itself as a trader. For consumers in the European Union,Extension,1000,4.9,16,0.0,0.0,Free,"OverviewControl website access with Website Whitelist. Manage allowed sites to boost productivity. Simple and easy.Websites Whitelist - Your Personal Online Browsing Guardian. Take full control of your online browsing with Websites Whitelist, the ultimate Chrome extension designed to help you manage and restrict which websites can be accessed. Whether you're looking to boost productivity, protect your family, or create a safer browsing environment, Websites Whitelist makes it easy to define and enforce your browsing rules. Key Features: 📝 Whitelist Management: Add or remove websites from your whitelist with ease, ensuring only trusted sites are accessible. 🔒 Customizable Restrictions: Enable or disable the whitelist as needed, giving you full control over your browsing experience. 🚫 Real-Time Blocking: Instantly block non-whitelisted websites and redirect users to a customizable landing page. 👤 User-Driven Controls: Manage your own allowed websites list; no external changes can be made. 🖥️ Seamless UX: Enjoy a user-friendly interface designed with React dev tools for a smooth experience. Why Choose Websites Whitelist? ⏳ Boost Your Productivity: Stay focused by blocking distracting websites and allowing only essential ones. 👨‍👩‍👧‍👦 Parental Control: Create a safe browsing space for children, blocking inappropriate or dangerous sites. 🔐 Prevent Unauthorized Access: Secure your device by ensuring only the websites you trust are accessible. 🛡️",,https://chromewebstore.google.com/detail/eknlhojagpjfpdddedbehcljmkeklihc?hl=en,https://lh3.googleusercontent.com/KQKhfIGqQVSG3tzGQ1nFgV26VAFcjt4bH0jnInm3Gxdu3vball5t1ysW_gWUeuzc4qMiQPdy2K7LPEHOn9mZPNgN=s128-rj-sc0x00ffffff,"UpdatedSeptember 16, 2025",,,1.0,2025-03-10
ios:id6747114186,AppStore,id6747114186,flowin-screen-time-control_appstore,FlowIn - Screen Time Control,"TRILLIWON, Co.",Productivity,0,5.0,17,0.0,0.0,Free,"FlowIn – Block Distractions. Reclaim Focus.

FlowIn is your all-in-one app and website blocker designed to help you reduce screen time, stay focused, and build better digital habits.
Whether you’re studying, working, or just trying to break free from endless scrolling, FlowIn makes it easy to control distractions and stay in flow.

Powerful Blocking Features:
Block Any App or Website: From YouTube to Instagram, TikTok, Snapchat, Reddit, Discord, and more. FlowIn helps you take back control.
Deep Focus Options: Limit unblocking to Pomodoro sessions (25 min focus, 5 min rest).

Smart Timers & Schedules:
- Block apps for a set duration (e.g., 30 minutes).
- Create schedules (e.g., every weekday from 9 AM–5 PM).
Detailed Screen Time Insights: Track your app usage daily, weekly, and monthly.

Designed for People Who Want To:
- Boost productivity
- Overcome ADHD or attention issues
- Do a digital detox or dopamine reset
- Practice digital minimalism
- Control screen time and social media use
- Block distractions and stay focused

Ready to get back in control? Download FlowIn and start building a better relationship with your phone.

Support: support@trilliwon.com
Terms of Use: https://www.trilliwon.com/apps/terms-and-conditions/",https://trilliwon.com,https://apps.apple.com/us/app/flowin-screen-time-control/id6747114186?uo=4,https://is1-ssl.mzstatic.com/image/thumb/Purple211/v4/3f/1c/2d/3f1c2d99-5e10-802e-a9a7-85c16b4a44d8/AppIcon-0-0-1x_U007ephone-0-1-85-220.png/512x512bb.jpg,1.39,2025-01-07,2025-01-10,1.0,2025-03-10
ios:id1635965517,AppStore,id1635965517,screentime-focus-app-block_appstore,ScreenTime+ | Focus App Block,riedel.wtf apps S.L.,Productivity,0,4.35294,17,0.0,0.0,Free,"ScreenTime+ allows you to take back control of your phone. Use the iOS focus modes to disable apps and notifications completely. Accessing them is no longer possible while your are focusing on your task. You can study, without getting distracted by messages from friends. You can work without distracting you with the doom scroll. You can focus on your friends and family without all those work mails taking your attention. And when you need it, exercise digital detox by blocking all apps on your phone. 

With ScreenTime+ you get back control over your phone. 
* Block access to apps entirely 
* Block apps based on your current iOS focus 
* Block all apps, but a small subset of necessary ones 
* With digital detox, you can lock down your phone for a limited time
* Pomdoro Timer blocks all apps and only allows access during breaks 
* View your daily screen time
* See what takes your attention the most 
* If you need access to an app? You can allow to pause the restriction. 
* Powerful Shortcuts can be used to automate app blocking, digital detox, and pomodoro timer.

Available Subscription Options:
ScreenTime+ Pro (annual / lifetime unlock)

Terms (EULA): https://www.apple.com/legal/internet-services/itunes/dev/stdeula/
Privacy Policy: https://riedel.wtf/privacy",https://screentime.plus,https://apps.apple.com/us/app/screentime-focus-app-block/id1635965517?uo=4,https://is1-ssl.mzstatic.com/image/thumb/Purple122/v4/a7/95/8f/a7958f89-a34a-f46e-9c28-28e707ec3c80/AppIcon-0-1x_U007emarketing-0-7-0-sRGB-85-220.png/512x512bb.jpg,1.1,2022-09-19,2022-11-13,1.0,2025-03-10
cws:ikcpbmlbgoknannnfcnfhmohpcnlphmn,ChromeWS,ikcpbmlbgoknannnfcnfhmohpcnlphmn,habit-tracker_chromews,Habit Tracker,Non-traderThis developer has not identified itself as a trader. For consumers in the European Union,Extension,1000,4.1,17,0.0,0.0,Free,OverviewAdd personal habits based on your goals and keep track of them.- Basic extension for keeping track of habits. - Upload a habit. - Check the completed days.,,https://chromewebstore.google.com/detail/ikcpbmlbgoknannnfcnfhmohpcnlphmn?hl=en,https://lh3.googleusercontent.com/BfiPrAzoprFV1qyr89ai3k55GxHyZtQuFg8VuB2DSi__IuUo9zz3IiGhAGZYHeG8pRtDJHvIas0isQWVyHXqIK8p6Og=s128-rj-sc0x00ffffff,"UpdatedFebruary 2, 2023",,,0.4,2025-03-10
cws:nanjaegameeoomamnliimipmmfabdngd,ChromeWS,nanjaegameeoomamnliimipmmfabdngd,pomodoro_chromews,Pomodoro,Non-traderThis developer has not identified itself as a trader. For consumers in the European Union,Extension,4000,4.6,17,0.0,0.0,Free,"OverviewThe Pomodoro Technique - Focus. Relax. Improve. Achieve.Pomodoro Technique is a time management method by Francesco Cirillo in the 1980s *****There are six steps in the original technique***** 1. Decide on the task to be done. 2. Set the Pomodoro timer (traditionally to 25 minutes). 3. Work on the task. 4. End work when the timer rings and put a checkmark on a piece of paper. 5. If you have fewer than four checkmarks, take a short break (3–5 minutes) and then return to step 2; otherwise continue to step 6. 6. After four Pomodoros, take a longer break (15–30 minutes), reset your checkmark count to zero, then go to step 1. Application developed by Linh Okita and Nyan.See less",,https://chromewebstore.google.com/detail/nanjaegameeoomamnliimipmmfabdngd?hl=en,https://lh3.googleusercontent.com/7hNsAwmNVI0XejqhueRrjSXCzFRD5nId4T2QlH11lJ2YQMn8wk267u6em9e2044Po8A-o4C1Cb0unEKt4Kw5AM1CcA=s128-rj-sc0x00ffffff,"UpdatedApril 20, 2025",,,0.9,2025-03-10
ios:id6451370747,AppStore,id6451370747,screen-time-control-unplugged_appstore,Screen Time Control: Unplugged,SMARTDADDY LLP,Health & Fitness,0,4.94444,18,0.0,0.0,Free,"Unplug for focus & freedom: Break free from the endless feed and reclaim your focus, well-being, and precious time. Unplugged is your AI-powered digital detox companion.

Features:
* Mindfulness Mode: Encourage mindful tech use, ditch the auto-scroll.
* App & Website Blocker: Say goodbye to distracting apps & websites, including your social media demons.
* Scheduling Blocks: Auto-disconnect during peak temptation times, like evenings or school nights.
* Personalized Screen Time Goals: Set & track progress towards healthier digital habits.
* Parental Controls: Manage kids' screen time safely & effectively, including social media access. 

Unlock the benefits:
* Enhanced Productivity & Focus: Get things done without social media interruptions.
* Improved Mental Well-being: Reduce stress, sleep better, and live present.
* Stronger Family Connections: Foster healthy tech habits together, away from the social media grind. 

Unplugged is free, private, and powered by AI:
* Personalized Insights: Get AI-driven tips for optimizing your screen time.
* Science-backed Strategies: Overcome social media addiction with proven techniques.
* Privacy Assurance: Your data stays private, always on your phone.

Unplug today and join the digital detox revolution!

Terms of Use: https://unplugged.app/terms
Privacy Policy: https://unplugged.app/policy",https://unplugged.app/,https://apps.apple.com/us/app/screen-time-control-unplugged/id6451370747?uo=4,https://is1-ssl.mzstatic.com/image/thumb/Purple211/v4/7b/3f/ee/7b3fee0e-5154-1d8b-28e0-fef9b471459f/AppIcon-0-0-1x_U007epad-0-0-85-220.png/512x512bb.jpg,1.9,2023-09-22,2024-06-06,1.0,2025-03-10
cws:dgllcfdfcgnocdmmglnpbpoalhpdfckg,ChromeWS,dgllcfdfcgnocdmmglnpbpoalhpdfckg,distraction-free-reddit_chromews,Distraction Free Reddit,Non-traderThis developer has not identified itself as a trader. For consumers in the European Union,Extension,1000,4.3,22,0.0,0.0,Free,"OverviewRemove the distracting parts of reddit and focus only on what really matters to you.Distraction Free Reddit is an extension that helps you use Reddit more intentionally. You can block off parts of Reddit to cut out mindless scrolling and increase productivity. The extension includes features like hiding the main feed, hiding r/all and popular, hiding user profiles, hiding full page search, hiding the sidebar, hiding comments, and more. You can also use whitelist or blacklist mode to customise your Reddit experience further.",,https://chromewebstore.google.com/detail/dgllcfdfcgnocdmmglnpbpoalhpdfckg?hl=en,https://lh3.googleusercontent.com/sXWrt0n13845Xszzyne6iKdw9_g8CeGvZDmeuPtQ5MAgs4uX02izjTAwX9aKz3aYJv6TstW_AJViXEkZKxz4K5weGw=s128-rj-sc0x00ffffff,"UpdatedApril 14, 2025",,,0.525,2025-03-10
ios:id1645472970,AppStore,id1645472970,omnilock_appstore,OmniLock,Flinteger LLC,Productivity,0,4.125,24,0.0,0.0,Free,"OmniLock is a software suite designed to aid in the management of screen time and content filters for Safari.

## Screen Time Management

By blocking distracting apps, OmniLock can assist you or your child in managing screen time and maintaining focus. You can create different groups and schedule on/off times with various conditions using shortcuts.

## Network Shield

### Web Filter

- Block specific domains on Safari, Chrome, Firefox, and other browsers.

### Safari Content Blockers

- Block adult content.
- Block websites with custom keywords.
- Enhance security by blocking phishing, malware, spyware, and cryptocurrency mining websites.
- Block ads and trackers to protect your privacy.
- Subscribe to any blocklist using custom blocker.

## Passcode Lock

You can use a passcode or Face ID to lock your OmniLock and prevent from changing your settings.

## Shortcut Integration

Custom shortcut actions enable you to create your own Shortcuts or Automation for managing screen time usage.

## Privacy

We prioritize data security and privacy. Here are some highlights of our privacy practices:

- We design our app can be used anonymously, we do not ask any email, phone or personal information to use our app.
- We do not (and will never) sell or share any of the data submitted directly or indirectly by our users with any person or entity.
- We may anonymously gather data on app usage and crashes solely for the purpose of enhancing app quality.

## Technical Support

If you encounter any issues while using the app, have feedback to share, or wish to request a feature, please contact us via email support within the app. We will respond to your inquiry promptly.",https://www.flinteger.com/products/omnilock/,https://apps.apple.com/us/app/omnilock/id1645472970?uo=4,https://is1-ssl.mzstatic.com/image/thumb/Purple211/v4/53/63/a7/5363a770-22a0-be51-1c13-a5c610b349e3/AppIcon-Primary-0-0-1x_U007epad-0-1-85-220.png/512x512bb.jpg,2.29.0,2022-10-24,2025-04-23,1.0,2025-03-10
cws:gmmcoggmjnbbklphjcbnpfepmagelgkk,ChromeWS,gmmcoggmjnbbklphjcbnpfepmagelgkk,meowdoro-tracker-pomodoro-work-timer-productivity-tool_chromews,Meowdoro Tracker - Pomodoro Work Timer & Productivity Tool,Non-traderThis developer has not identified itself as a trader. For consumers in the European Union,Meowdoro Tracker - Pomodoro Work Timer & Productivity Tool,1000,4.9,24,0.0,0.0,Free,"OverviewPomodoro productivity timer for work. Maximize your focus and productivity!Meowdoro Tracker is a Pomodoro timer chrome extension with customizable timers, and a soothing design that helps you stay focused, avoid burnout, and work smarter. Stay focused and achieve your goals effortlessly! What is the Pomodoro Technique? The Pomodoro technique is a time management method that breaks work into focused sessions (typically 25 minutes) followed by short breaks (5 minutes). After four cycles, take a longer break (15–30 minutes). This scientifically backed method improves concentration, efficiency, and work-life balance, making it especially helpful for those with ADHD or trouble staying focused. Pomodoro Timer Features: - Stay productive with customizable focus & break sessions. - Perfect for ADHD & deep work – Reduce distractions & build focus. - Adapt the technique to fit your workflow. How to Install Meowdoro Tracker? Click the ""Add to Chrome"" button. A welcome page will guide you through the setup. Pin the extension – This is crucial! The timer runs inside the extension, so if you don’t pin it, you might not see it.See less",,https://chromewebstore.google.com/detail/gmmcoggmjnbbklphjcbnpfepmagelgkk?hl=en,https://lh3.googleusercontent.com/j47vIzQ0l4Et_wtNkgWO88W1BZniNR-niQr4dxMywYXZBiAKMMmlmel4ED4gQLsxpT4iKl5eG8bYBW7tSVdndHIT=s128-rj-sc0x00ffffff,"UpdatedJuly 28, 2025",,,1.0,2025-03-10
cws:pacollipcdllokahiioagjbinbidcaaf,ChromeWS,pacollipcdllokahiioagjbinbidcaaf,flowstate-filter-youtube-x-feeds-with-ai-total-focus-zero-distraction_chromews,"Flowstate: Filter YouTube & X feeds with AI. Total focus, zero distraction",Non-traderThis developer has not identified itself as a trader. For consumers in the European Union,Extension,0,4.7,26,0.0,0.0,Free,"OverviewControl your social media feed with AI filters. Hide anything you don't want to see.Take control of your social media feed with Flowstate’s AI filters and distraction blockers! Reclaim hours each week, finish deep-work sessions, and enjoy social media on your terms (currently supported across YouTube and X). Filter your feed with AI - You now control your feed - describe how you want it. Whether it’s “Hide politics”, “Show only tutorials” or anything else - just type it and watch your feed adapt in real-time. One-click distraction blockers - Hide any feature you don’t like - whether that’s “Shorts” on YouTube, “Explore” on X or anything else. Create an interface that works for you. How it works: - Create your very first filter in <15 seconds. - Hide any distracting elements - shorts, recommendations etc. - You’re all set! Make changes anytime—settings are saved automatically.",,https://chromewebstore.google.com/detail/pacollipcdllokahiioagjbinbidcaaf?hl=en,https://lh3.googleusercontent.com/IvylIT9geQA4rNNkE9LIQbJcvPKdmyB-e9TqzJnpDhGPfybgu8wHJvIGcYegBkN2W8njV6VjCxDnPuMlUs5atiGs=s128-rj-sc0x00ffffff,"UpdatedJuly 15, 2025",,,0.75,2025-03-10
cws:ihhgdadeplnooijnccogligfccjpahik,ChromeWS,ihhgdadeplnooijnccogligfccjpahik,impulse-website-blocker-focus-screen-time-control_chromews,Impulse. Website Blocker & Focus Screen Time Control,Non-traderThis developer has not identified itself as a trader. For consumers in the European Union,Extension,0,4.6,28,0.0,0.0,Free,"OverviewBlock distracting websites on a schedule and set daily time and visit limits to curb impulsive browsing and boost productivity.Impulse – Block Websites. Stay Focused. Take Control. Struggling to stay focused? Losing hours to social media or mindless browsing? 🎯 Impulse is your ultimate website blocker, focus app, and productivity tool – all in one. Designed to help you manage screen time, fight procrastination, and build better online habits. 🔥 Why Impulse? Impulse isn’t just another site blocker – it’s a powerful impulse control system for the digital age. Whether you’re working, studying, or trying a digital detox, Impulse helps you stay on track. 🔑 Core Features (All Free!) ✅ Scheduled Website Blocking Block distracting websites (like YouTube, Instagram, Twitter) during work or study hours. Set your focus schedule once, and let Impulse do the rest. ✅ Daily Time Limits per Site Control how long you can use each site per day. For example, allow only 30 minutes of Reddit – after that, it’s blocked. ✅ Daily Visit Limits per Site Limit how many times per day you can open a site. Perfect for breaking the habit of checking the same pages over and over. ✅ Quick Focus Mode Instantly block all your distractions with one click. No schedule needed. Great for those “get stuff done NOW” moments. ✅ Impulse Lock Timer Tempted to waste time? Activate a lockout timer – once started, it can’t be stopped until the time is up. Like a digital “nuclear option” for procrastination. ✅ Screen Time Analytics Track your digital habits and see where your time goes. Your stats stay private – all data is stored locally. ✅ Anti-Scroll + Usage Warnings Stop infinite scrolling. Impulse can block endless feeds and show alerts if you spend too long on one page. ✅ Password Protection Make it harder to cheat your own system. Lock your settings behind a password + email confirmation. ✅ Allowlist for Productive Sites Keep access to important sites (like work tools or research pages) while blocking everything else. ✅ Simple & User-Friendly Interface Setup takes minutes. Clean dashboard. Intuitive controls. No learning curve – just results. 🧠 How Impulse Works Install the Extension → Add Impulse to Chrome (free & fast) Add Distracting Sites → Set time & visit limits, and blocking hours Start Focusing → Let Impulse run in the background while you work Override (If Needed) → With password protection, only serious reasons will get through Track Your Progress → See time saved, limits reached, and distractions avoided 💡 Benefits of Using Impulse ✨ Stay Focused Without Willpower Remove temptation by blocking access – no more “just 5 minutes” spirals. 📈 Boost Your Productivity Reclaim hours of lost time each week and get more done with less stress. 🧘 Build Better Habits Impulse helps you become mindful of how you browse and gradually reduces mindless surfing. 🕒 Manage Your Screen Time Set healthy boundaries online just like you would with phone apps. Perfect for a digital detox. 🚫 Reduce Procrastination Block your usual escape routes and stay on task more easily. ⚙️ Flexible & Adaptable Strict during work, relaxed on weekends. Customize your experience based on your schedule. 🔒",,https://chromewebstore.google.com/detail/ihhgdadeplnooijnccogligfccjpahik?hl=en,https://lh3.googleusercontent.com/eC72yWCtN8H5v8bMyZFX74zEbU8cCryKE0mox0YHgHCwReVRdJNe744uxgO5B_cbX22l1S32Oj9RnLIYZmGGZA0kKv0=s128-rj-sc0x00ffffff,"UpdatedApril 17, 2025",,,1.0,2025-03-10
ios:id6739004389,AppStore,id6739004389,begin-mindfulness-wellbeing_appstore,Begin: Mindfulness & Wellbeing,"Magikbee, Lda.",Health & Fitness,0,4.5,30,0.0,0.0,Free,"Begin is more than a wellness app, it’s your mindfulness coach. Check in with how you feel, get thoughtful words of advice, and receive exercise recommendations tailored to your mood and state of mind. Whether you want to relax, reset, or recharge, Begin meets you where you are.

Designed for modern families, busy parents, little ones, anxious pets, and anyone craving calm in a hectic world.

Backed by science, designed by parents and educators, and created with love for both humans and animals.

FEATURES

→ Mindfulness Assistant – Like a coach in your pocket: share how you feel, get supportive insights, and discover the best exercises for your current mood.

→ Mood Journal & Dashboard – Write about your feelings, reflect on your state of mind, and track your evolution over time with an easy-to-read dashboard.

→ Guided Meditations – Short, effective sessions for stress relief, better sleep, improved focus, and emotional balance.

→ Breathing & Grounding – Quick techniques you can do in under a minute to calm kids, ease pet anxiety, or center yourself before high-pressure moments.

→ Bedtime & Sleepcasts – Soothing stories and wind-downs for kids and adults that make bedtime easier and sleep deeper.

→ Soundscapes for Pets (and Humans) – Calming audio tracks to ease anxiety during fireworks, storms, or alone time—loved by humans, too.

→ Moodscapes – Curated playlists to match your mood: calm, focused, energized, or sleepy.

→ Offline Access – Take mindfulness with you anywhere—no Internet required.

→ Inclusive & Adaptive Design – From beginners to experienced meditators, Begin adapts to your needs with simple navigation and content for all ages.

ALSO FEATURING

・Personalized daily suggestions
・Clean, intuitive interface (no overwhelm)
・Progress tracking with mindful minutes & emotional insights
・Family-friendly design
・Dedicated pet section with curated calming playlists

WHY BEGIN?

We built Begin to make mindfulness practical, personal, and stress-free. Instead of overwhelming you with endless content or spiritual jargon, Begin feels like a supportive coach—helping you reset in the moments you need it most.

Mindfulness that fits real life. For everyone in the family.

SUBSCRIPTION & PRICING

Begin offers a free trial so you can explore all content.
Payment is charged to your App Store account at confirmation. Subscriptions auto-renew unless canceled at least 24 hours before the end of the current period. Manage your subscription anytime in App Store settings.

Privacy Policy: https://beginmindfulness.com/privacy.policy

Terms of Use: https://www.apple.com/legal/internet-services/itunes/dev/stdeula/

 Start where you are. Begin today.",https://beginmindfulness.com,https://apps.apple.com/us/app/begin-mindfulness-wellbeing/id6739004389?uo=4,https://is1-ssl.mzstatic.com/image/thumb/Purple221/v4/01/43/3e/01433e27-e6f6-7acf-ede5-749e76828fca/AppIcon-0-0-1x_U007epad-0-1-85-220.png/512x512bb.jpg,1.1.2,2025-03-31,2025-02-10,0.25,2025-03-10
cws:gcbchiambcokahmamemkoadlanaealmf,ChromeWS,gcbchiambcokahmamemkoadlanaealmf,adhd-reader_chromews,ADHD Reader,Non-traderThis developer has not identified itself as a trader. For consumers in the European Union,Extension,10000,3.4,31,0.0,0.0,Free,OverviewHelping neurodiverse population to read faster on websitesADHD Reader is a chrome extension that helps you read faster by highlighting beginning of every word on the websites. CHANGELOG: - [2023-09-18] Error handling optimization - [2023-09-18] Performance enhance for infinite scroll sites - [2023-09-18] Performance optimization for longread sites - [2023-08-04] Add bug report link - [2023-08-04] Fix performance issues - [2023-04-12] Feature for keeping ADHD Reader always active - [2023-04-12],,https://chromewebstore.google.com/detail/gcbchiambcokahmamemkoadlanaealmf?hl=en,https://lh3.googleusercontent.com/PoBHFhk7nx3haptWNbo5sY1jL7GJW14_3YccLqLo-a5J6xj2aAEA_GCszZehxT_V_6yx_MAgMTwSWt1lDzk6_sQt8Q=s128-rj-sc0x00ffffff,"UpdatedSeptember 19, 2023",,,0.0,2025-03-10
ios:id6737131495,AppStore,id6737131495,screen-time-control-inscreen_appstore,Screen Time Control: Inscreen,Vaibhav Negi,Productivity,0,4.65625,32,0.0,0.0,Free,"Inscreen is more than a screen time tracker. Inscreen helps you pause and reflect on your screen time at regular intervals throughout the day. Designed for simplicity and privacy, Inscreen has minimal features and a zero learning curve, helping you get started quickly.

⏵ HOW IS INSCREEN DIFFERENT?

Unlike other screen time apps that completely block access, Inscreen draws on Cognitive Behavioural Therapy (CBT) to help you recognize your screen time habits through regular prompts and inculcate healthier behaviours without restrictions.

⏵ WHY IT WORKS?

We tap into a few key psychological principles and behavioural patterns. Here’s why it works:
- Awareness = Better Choices: Regular reminders to ask whether you're on your phone intentionally, encouraging healthier choices.
- Guiding, not controlling: Instead of strict limits, scheduled subtle nudges to guide you toward mindful decisions, without the frustration of restrictions.
- Accountability: Weekly progress, actionable insights and daily notifications leading to lasting behaviour changes.
- Low barrier to entry: No drastic changes or restrictions, making it easy to integrate into daily life and gradually adjust over time.

⏵ FEATURES

- Alerts to be intentional about your screen time.
- Focus sessions to completely block distracting apps for a set routine, say, during work or winding down at night.
- Strict daily limits to keep your screen time in control.
- Notifications that help you track your daily activity.
- Secure and private. All your data stays on your device.

⏵ HOW DOES THE SETUP WORK?

1. Choose the distracting apps or categories.
2. Set a daily limit.
3. Set up focus sessions (optional).

⏵ FINANCIAL AID

We’re on a mission to solve phone addiction and distraction. We’re determined to help everyone. Our Financial Aid program offers a free 1 year subscription to individuals who are financially stretched but are in need. The link to apply is in the app.

⏵ ABOUT

Inscreen is self-funded and run by two independent developers — Preet and Vaibhav.

⏵ LINKS

Privacy Policy: https://github.com/theinscreenapp/ios/blob/main/privacy.md.
Terms: https://github.com/theinscreenapp/ios/blob/main/terms.md.
Support: https://github.com/theinscreenapp/ios/blob/main/support.md.",https://inscreen.app,https://apps.apple.com/us/app/screen-time-control-inscreen/id6737131495?uo=4,https://is1-ssl.mzstatic.com/image/thumb/Purple221/v4/f2/e6/04/f2e60461-4628-220e-a990-c1b8d4f9c616/AppIcon-0-0-1x_U007ephone-0-9-0-85-220.png/512x512bb.jpg,1.6,2024-12-16,2025-03-27,0.875,2025-03-10
cws:fgaaffhjdmhlhdmmigjpjepflplblgam,ChromeWS,fgaaffhjdmhlhdmmigjpjepflplblgam,pomodoro-timer-for-google-chrome_chromews,Pomodoro Timer for Google Chrome™,Non-traderThis developer has not identified itself as a trader. For consumers in the European Union,Extension,4000,3.9,34,0.0,0.0,Free,"OverviewA simple extension Pomodoro timer with to-do lists, focusing on work.Begin using the pomodoro technique to increase your productivity at work/when you are studying. Here is how this extension works. You have a large project/task to work on. Once you have installed our software extension, start writing and break down the large project into small individual tasks. Here is an example of how you could use this extension. - Studying for History Exam - Subtasks/Mini-tasks would be - Study the Civil War - Study factors which led to civil war etc. Once you have broken down the project into mini tasks, begin studying by pressing the ""play"" button. The timer will start and you have 20 minutes to work on this task. Our software will notify you once the 20 minutes are up and you can set a 5/10 minute break for yourself. Begin on the next task once the break is over. This study/work technique is very efficient as it allows your brain to take a short break every 20-25 minutes and you are fully focused during the 20 minutes you are working/studying. Our extension also has a cool history feature - you are able to see how many pomodoro's you accomplished for the day and its a great way to keep track of progress of your work/studying. Begin using this Pomodoro Timer today and become more productive at work/at schoool.See less",,https://chromewebstore.google.com/detail/fgaaffhjdmhlhdmmigjpjepflplblgam?hl=en,https://lh3.googleusercontent.com/G_QsIm_McaOb1zwVQVfwz3g2BnoVW9xw76sAVsz7OexTUAmMYfKWKxmvcoKeeEGTL_S0q6yeew=s128-rj-sc0x00ffffff,"UpdatedApril 5, 2022",,,1.0,2025-03-10
ios:id6739964338,AppStore,id6739964338,tabata-timer-2025_appstore,Tabata Timer 2025,Simon Burgess,Health & Fitness,0,4.97143,35,0.0,0.0,Free,"After disappointment with other Tabata Timers, I created this to be a good looking, fully customisable Tabata timer with multiple themes, a database to store your own custom workouts sorted by category and full stats page with animated charts. Perfect for any kind of Tabata interval training.

Features
    - large, clear timer display
    - fastest method to modify workout times
    - fully customisable Tabata workouts
    - sound effects for start, stop, countdown to next phase etc
    - voiceover announces each phase
    - new feature - name all your exercise sets and have the voiceover announce them
    - landscape mode for an easy workout
    - add your own workouts sorted by category
    - stats page showing past workout data and animated charts
    - daily workout reminder
    - multiple themes available
    - no registration/signup/login required, just open the app and start using it

The app is fully functional without subscription and you are welcome to use it as long as you like with no limits. However, if you want to enjoy the app without ads and unlimited workouts then you can purchase a premium subscription.
If you purchase a monthly or yearly subscription, payment will be charged to your iTunes account. Your account will automatically be charged for renewal within 24-hours prior to the end of the current subscription unless you disable auto-renew. You can manage your subscriptions and turn off auto-renewal by going to your account settings on the App Store after purchase. When canceling a subscription, your subscription will stay active until the end of the current period. Auto-renewal will be disabled, but the current subscription will not be refunded.

Terms of Use: https://www.apple.com/legal/internet-services/itunes/dev/stdeula/",https://hasen6.github.io/,https://apps.apple.com/us/app/tabata-timer-2025/id6739964338?uo=4,https://is1-ssl.mzstatic.com/image/thumb/Purple211/v4/42/be/cd/42becdfd-660a-2b37-46bb-41658e5c57e7/AppIcon-0-0-1x_U007emarketing-0-8-0-0-85-220.png/512x512bb.jpg,1.5.5,2025-02-02,2025-09-29,0.0,2025-03-10
ios:id6746482627,AppStore,id6746482627,guided-meditation-zenforge_appstore,Guided Meditation - ZenForge,Radha .,Lifestyle,0,4.71429,42,0.0,0.0,Free,"Forge inner peace, clarity, and balance – one session at a time. Welcome to ZenForge, your guided meditation companion designed to help you grow, heal, and find calm in the chaos.

Explore powerful paths to transformation, guided by soothing voiceovers, daily affirmations, and your own personal AI chat guru.

Our Key Features:

- Eight Transformational Paths: Choose from guided journeys including:

- Mindfulness & Awareness
- Stress & Anxiety Relief
- Emotional Healing
- Spiritual Healing
- Meditation for Beginners
- Focus & Productivity
- Personal Growth
- Advanced Meditation

- Chat Guru: Ask questions, get insights, or receive personalized guidance through your spiritual journey – anytime anywhere.

- Explore Meditations: Find instant calm with purposeful meditations you can do anytime during your day.

- Daily Affirmations: Fuel your mindset with powerful, uplifting affirmations to start and end your day with intention.

- Daily Reminders: Stay consistent and centered with gentle nudges that keep you aligned with your wellness goals.

Whether you're a beginner or a seasoned practitioner, ZenForge offers guided meditation tailored to your journey.

Download ZenForge now and discover the peace waiting within you!

Privacy Policy: https://sites.google.com/view/zenforge/privacy-policy/
Terms & Conditions: https://sites.google.com/view/zenforge/terms-conditions/
Support or Contact: https://sites.google.com/view/zenforge/support/",https://sites.google.com/view/zenforge/,https://apps.apple.com/us/app/guided-meditation-zenforge/id6746482627?uo=4,https://is1-ssl.mzstatic.com/image/thumb/Purple221/v4/0a/c3/a7/0ac3a7c6-0c3f-0f93-6200-0c25e66f3738/AppIcon-0-0-1x_U007epad-0-1-0-85-220.png/512x512bb.jpg,1.4,2025-03-06,2025-07-29,0.25,2025-03-10
cws:hgledomnjnainmhjejcepomfflgficml,ChromeWS,hgledomnjnainmhjejcepomfflgficml,focus-by-mds_chromews,Focus by MDS,Non-traderThis developer has not identified itself as a trader. For consumers in the European Union,Extension,30000,4.1,51,0.0,0.0,Free,"OverviewStreamline your workday with integrated task management and focused work sessions, all within your browserFocus by MDS is a Chrome extension designed to enhance your productivity. It combines a to-do list with a Pomodoro timer, helping you manage tasks efficiently while maintaining focus. Beautiful wallpapers add an aesthetic touch, creating a motivating and visually pleasing workspace in every new tab. Features: 1/ Timer Feature with Breaks: - Set precise work intervals to maintain focus. - Automatically transition to rest periods after work intervals to prevent burnout. - Customize timer settings for personalized productivity sessions. - Timer works even if your tab is closed. 2/ Fluid To-Do List: - Organize tasks with subject categorization for better project management. - Break down tasks into sub-tasks for detailed planning and execution. - Easily manage and track your progress on complex projects. 3/ Stunning Wallpapers: - Enjoy beautiful, carefully curated wallpapers with every new tab. - Transform your browsing space into a source of inspiration and motivation. - Select from a variety of visually pleasing backgrounds to enhance your workspace.See less",,https://chromewebstore.google.com/detail/hgledomnjnainmhjejcepomfflgficml?hl=en,https://lh3.googleusercontent.com/6wyhRK5eMdDrxMpKKmnAPsfJQPuJxBAqw-Novb-B0_7j2XEvKxoIwPNuhF3_ngB9Oy0nXHWv52uaniEjmvZGBYXYb_c=s128-rj-sc0x00ffffff,"UpdatedMay 14, 2024",,,0.75,2025-03-10
cws:jpafaidkicnfcohbcfegbokibbghpnee,ChromeWS,jpafaidkicnfcohbcfegbokibbghpnee,mobicip-parental-control-with-screen-time_chromews,Mobicip Parental Control with Screen Time,TraderThis developer has identified itself as a trader per the definition from the European Union and committed to only offer products or services that comply with EU laws.,Extension,2000,3.1,52,0.0,0.0,Free,"OverviewCreate a safe experience for your family using Mobicip's powerful parental control software with internet filter and screen time.Mobicip is the most popular Internet filter and screen time parental control software for families to enjoy a safe and secure experience on Chromebook. With Mobicip, parents can: - Filter the internet & block objectionable content - Limit screen time - Monitor browsing history & online activity - Use intuitive web portal or mobile app in Parent Mode, 24x7 on the go Take charge of your family’s digital experience! Enjoy quality family time with Mobicip, the perfect app for today’s “constantly connected” digital family. 1. Set daily screen time limits on your child’s Chromebook to ensure healthy levels of digital immersion and manage bedtime and family time; or set recurring weekly screen time schedules. 2. Block websites, keep a watchful eye and draw a healthy boundary around the web. Stay on top of the usage/browsing history to spot online threats. Block pornography, gambling, violence and other inappropriate web content. 3. Instantly lock all devices for dinnertime or family-time. 4. Check your kids' browsing history on the go or set up weekly or daily reports to see a snapshot of their browsing trends. 5. Invite another parent to help manage and be informed of your kids' digital experience and ensure digital safety. 6. Keep track of the entire family's devices through an intuitive dashboard on the web or mobile 24x7 on the go. FAMILY TIME Family Time allows parents to lock down all the family devices instantly with a single touch for a certain period. Now family meals, bedtimes, family interactions and outdoor time can be completely device-free & without distractions! CROSS-PLATFORM PROTECTION As your children and teens move across a wide variety of devices, Mobicip allows you to monitor and control all such devices irrespective of the platform or OS. “Mobicip is designed for the modern multi-device family, and its range of supported platforms is impressive” - PCMag. PRICING PLANS Parents can choose from our annual pricing bundles: $49.99 for 5 devices, $89.99 for 10 devices, $124.99 for 15 devices, & $159.99 for 20 devices. As an introductory offer, the 5-device plan is offered at $39.99 per year. HELP & SUPPORT Please visit our helpdesk (www.mobicip.com/support) for how-tos, videos, and articles. For additional assistance, contact us at support@mobicip.com.",,https://chromewebstore.google.com/detail/jpafaidkicnfcohbcfegbokibbghpnee?hl=en,https://lh3.googleusercontent.com/xyZduROCg08Hybsk3KifP0SpPEqcnuhIiNWIkApcg7i2FPYdc6mR5AkJIMNIPg9Znryx0Il4vdppeAMTdMiPgEqWTtc=s128-rj-sc0x00ffffff,"UpdatedMarch 12, 2025",,,0.875,2025-03-10
cws:pappcjmimkmjekiaiedkhfogpclanicb,ChromeWS,pappcjmimkmjekiaiedkhfogpclanicb,call-timer-for-meet_chromews,Call Timer for Meet,Non-traderThis developer has not identified itself as a trader. For consumers in the European Union,Extension,70000,3.8,53,0.0,0.0,Free,OverviewThis extension adds a timer to your Meet calls.Allows you to check how long you've been on a Meet call.,,https://chromewebstore.google.com/detail/pappcjmimkmjekiaiedkhfogpclanicb?hl=en,https://lh3.googleusercontent.com/a0-F_B2uxLC8OD9wMMZnEaKV6TIOC8ZTP7HESaKagSUaWSU846n_XV9s1xOnElJb8C8uggGq9QU5ABD3q8R09ijc1TI=s128-rj-sc0x00ffffff,"UpdatedMarch 13, 2025",,,0.25,2025-03-10
ios:id6469043032,AppStore,id6469043032,focus-screen-time-control_appstore,Focus - Screen Time Control,LILUCAT LTD,Health & Fitness,0,4.73684,57,0.0,0.0,Free,"Focus App is the ultimate solution to help you regain control over your digital life and reduce screen time. With Focus App, you can break free from the addictive grip of your devices and cultivate healthier habits, allowing you to reclaim your time and focus on what truly matters.

With its intuitive interface and powerful features, Focus App empowers you to block specific apps for designated periods, ensuring that you stay productive and focused on your goals. Whether you need to concentrate during work hours or simply want to create space for meaningful activities, Focus App has got you covered.

Key Features:

App Blocking: Select and block specific apps that tend to consume your time and attention. Customize your list to include social media, entertainment, or any other apps that distract you.

Scheduled Blocking: Set specific time intervals during which Screen Free will automatically block the apps you've chosen. Establish daily routines or create dedicated windows for work, study, or personal time.

Instant Blocking: Tackle entire categories of apps with a single tap. Block all social media or gaming apps with ease, ensuring that you stay on track without wasting valuable time.

Usage Insights: Gain valuable insights into your app usage patterns and screen time habits. Stay informed about how much time you spend on different apps, helping you make informed decisions and prioritize your digital well-being.

Motivational Reminders: Receive gentle reminders and notifications to encourage you to take breaks, step away from your screen, and engage in other fulfilling activities. Get inspired to explore new hobbies, read a book, or connect with loved ones.

Take the first step towards a more balanced and fulfilling life with Focus App. It's time to reclaim your time, boost productivity, and create space for the things that truly matter.

* Focus App offers Lilucat Pro which is an annual service that costs 29.99$. Payment will be charged to iTunes Account at confirmation of purchase and auto-renews at the same price unless disabled in iTunes Account Settings at least 24 hours before the end of the current period. Your subscription can be managed in your iTunes Account Settings. Any unused portion of a free trial period, if offered, will be forfeited when you purchase a subscription.

Links
Terms of Service: https://focus.lilucat.com/legal/terms
Privacy: https://focus.lilucat.com/legal/privacy",https://lilucat.com/,https://apps.apple.com/us/app/focus-screen-time-control/id6469043032?uo=4,https://is1-ssl.mzstatic.com/image/thumb/Purple221/v4/26/8a/26/268a26e8-826c-6c40-e7fd-13521c17d824/AppIcon-0-1x_U007ephone-0-0-85-220-0.png/512x512bb.jpg,1.1.2,2023-12-10,2024-07-09,1.0,2025-03-10
cws:ofmanejijbcohgebmdfacglmhemiifca,ChromeWS,ofmanejijbcohgebmdfacglmhemiifca,screentime_chromews,Screentime,Non-traderThis developer has not identified itself as a trader. For consumers in the European Union,Extension,20000,4.0,60,0.0,0.0,Free,"OverviewTo keep track and manage your time on sites that reduce productivity. You can set the number of minutes you want and time framesThe extension allows you to control how much time you spend on popular social media sites and entertainment sites. You can specify how many minutes in a day you want to use on each site and once you've gotten to the limit, you won't be able to access the site. Time frames can be specified for when you want the sites to be inaccessible for each day of the week. You can also add or remove sites.",,https://chromewebstore.google.com/detail/ofmanejijbcohgebmdfacglmhemiifca?hl=en,https://lh3.googleusercontent.com/48vFMur5qQQxtAEIak4uEp9qt5ZSxc1eFom3bOq54yt2YOMoisZBtphSFykDq-ZiUpSFtr4CthRDDTKQZyAwZ2V_OA=s128-rj-sc0x00ffffff,"UpdatedDecember 11, 2023",,,0.125,2025-03-10
play:org.name.shimmerapp,PlayStore,org.name.shimmerapp,shimmer-adhd-coaching_playstore,Shimmer: ADHD Coaching,shimmer.care,Kids,5000,4.3,61,100.0,344.99,$139.99 - $344.99 per item,"Shimmer provides 'bite sized' ADHD coaching to people with ADHD or executive function challenges. Shimmer was born from a group of ADHD coaches, psychiatrists, doctors, and engineers to create a personalized, ACTION-oriented playground for you and your coach to explore. We're not another list, calendar, or app: we're REAL human interactions paired with expert strategies and experimentation, so that you can make real changes in your life. Oh, and we also have ADHD too! Shimmer is for people with ADHD or struggling with executive function challenges. We’re for those who are ready to make a change and take real action to reach their goals. We’re for those ready to put in the work. Typically our members fall into 3 categories:1. are newly diagnosed or looking to understand their ADHD better: we provide psycho-education and guidance for you to understand ADHD & how it impacts your life2. have concrete executive function skills they’d like to improve on and are looking for guidance to follow through: we provide the critical knowledge, resources, guidance, support, and accountability so that you actually implement the changes (routines, skills, tools) that will help you reach your goals3. know they can achieve more and aren’t living at their potential: we use an ACT-based methodology to help you identify your values and help you live in line with themOur ADHD coaches partner with you to co-design a plan to achieve your goals. You'll experiment with strategies on a weekly basis to implement a routine fit specifically for YOU. Our program has been designed off science-backed methods in partnership with NYU, UC Berkeley, and UCSF.- Attend weekly 1:1 check-ins with your coach- Personalized plan each week catered to you- Experiment with tailored skills, strategies, and routines- Text-based accountability check-ins throughout the week from your coach- Learn ADHD skills and tips through bite-sized learning modulesThe biggest value we’ve heard from our members are: - An expert ADHD coach that knows ADHD inside out and understands them- An accountability partner to hold them to what they said they’d do- Someone to help them break down big tasks to feel less overwhelmed- Guidance to navigate the sea of content and resources out there- Personalized positive reinforcement, support and celebration of the little things- Weekly cadence to make baby steps for changes in their life- An affordable alternative to traditional ADHD coaching that fits into their lifeOur coaches are specialized in taking an ADHD-adapted approach to coaching and are skilled at helping you navigate life’s ups and downs. Not sure if you’re in the right place? Our members come to use and are working on: - Understanding their ADHD- Feeling they’re not living up to their full potential- Goal setting & habit building- Creating routines & schedules- Feelings of overwhelm, paralysis, and inability to turn brain off- Issues with self-esteem and negative self-talk- Inability to focus during working hours- Holding themselves accountable to changes, challenging “excuse” thoughts- Task initiation- Being more productiveMost of our members have ADHD but you don’t need to be formally diagnosed to use Shimmer. We help all sorts of individuals with ADHD-related symptoms like executive function challenges, goal-setting, and living a fuller life! We offer a promotional discount on your first month with three auto-renewing subscription options:- Standard ($229.99/month): 30 min weekly meetingsNote: The listed subscription package prices are for US customers. Pricing in other countries may vary and charges may be converted to your local currency depending on your country of residence.",https://shimmer.care,https://play.google.com/store/apps/details?id=org.name.shimmerapp&hl=en&gl=US,https://play-lh.googleusercontent.com/ERrd68e5MvoGULX6-PYbR2MjzcMXTXfdI3hgRr02_SBrMrdToiq7F8Dx6InRyPUMl3Lh=w240-h480-rw,3.1,2021-07-14,2025-09-23,0.25,2025-03-10
cws:gefaddaengbodpiobpbgblajdboalmgc,ChromeWS,gefaddaengbodpiobpbgblajdboalmgc,just-focus_chromews,Just Focus,Non-traderThis developer has not identified itself as a trader. For consumers in the European Union,Extension,10000,4.6,78,0.0,0.0,Free,"OverviewBlock Distracting Websites. Unleash Productivity.Unleash productivity. Block distracting websites and pages in just a few clicks. Just Focus is a free chrome extension that helps you avoid distractions and enables you to focus on your real work. Simply add a website to your block list and hit ""Start Focusing"" - you’ll increase your working efficiency and get more done. We waste hours a day scrolling through social media… Just Focus helps you get your time back. Completely free! Works on the latest versions of chrome.",,https://chromewebstore.google.com/detail/gefaddaengbodpiobpbgblajdboalmgc?hl=en,https://lh3.googleusercontent.com/YGcy6rUr4WAJbJ6fJdNVe23gP5k7vHqlqi_r5lBk1o6hKKMcqbPDnalMx4YwmDbtOSJKjg9YuqpgfL2Ju3XFyWTv=s128-rj-sc0x00ffffff,"UpdatedMarch 6, 2025",,,1.0,2025-03-10
ios:id6670452224,AppStore,id6670452224,timmy-app-blocker_appstore,Timmy: App Blocker,FocusPledge LLC,Productivity,0,4.86076,79,0.0,0.0,Free,"Focus better at work, school or at home!

Tired of endless scrolling? Timmy is the app designed to help you effortlessly manage screen time and block distracting apps. Take control of your digital habits with quick, intuitive tools and track your progress to build a healthier relationship with your phone.

Designed by digital wellness experts and loved by thousands of users worldwide, Timmy helps you focus on what truly matters – whether it's work, studies, hobbies, or simply enjoying real-world connections.

And now, you can tackle digital distraction with powerful new features!

Block Any App, Anytime: Instantly silence notifications and block access to any distracting app with just a few taps. Create custom schedules or block on demand for ultimate flexibility.

Set Healthy Screen Time Limits: Define daily limits for individual apps or entire categories. Timmy gently reminds you when you're approaching your limit, helping you stay mindful.

Track Your Progress & Celebrate Wins: See your screen time habits evolve over time with insightful reports and graphs. Celebrate your achievements as you reduce usage and increase focus.

Whether you're looking to boost productivity for work, concentrate on your studies, improve your sleep, or simply be more present, you'll love taking control with Timmy.

Why Timmy?

- Timmy is Smart and Effective. Intuitive controls and powerful blocking features keep you motivated to build solid habits for reduced screen time and increased focus.
- Timmy Works. Designed by digital wellness experts, Timmy has a science-based approach proven to foster long-term behavioral change and break the cycle of phone addiction.
- Track Your Progress. Work toward your focus goals with encouraging insights and achievements when you make mindful screen time a daily habit!
- Join a Growing Community. Stay motivated with personalized challenges as you improve your digital well-being.
- Unlock Your Focus – Absolutely Free. Manage your phone addiction, block distracting apps, and track your progress without any cost.

If you like Timmy, try Timmy Pro for 7 days free! Unlock advanced features like unlimited custom schedules, detailed historical data, and priority support. 

*All features described above require a subscription.*

Terms of Use: https://timm.so/terms
Privacy Policy: https://timm.so/privacy",https://timm.so,https://apps.apple.com/us/app/timmy-app-blocker/id6670452224?uo=4,https://is1-ssl.mzstatic.com/image/thumb/Purple211/v4/99/61/cd/9961cd31-be0b-41da-72f0-9803ae6e8931/AppIcon-0-1x_U007epad-0-1-0-85-220-0.jpeg/512x512bb.jpg,5.0.2,2024-08-10,2025-08-27,1.0,2025-03-10
cws:kniediipngcpmbmpeacaoinhoeipfina,ChromeWS,kniediipngcpmbmpeacaoinhoeipfina,website-blocker_chromews,Website Blocker,Non-traderThis developer has not identified itself as a trader. For consumers in the European Union,Extension,20000,4.7,82,0.0,0.0,Free,"OverviewStay focused with WebsiteBlocker! Block websites, URLs, and domains, customize your blocklist, and protect with a password.Web Blocker Chrome Extension is a productivity tool that helps users stay focused on their work by blocking unproductive websites. This extension offers a user-friendly interface for blocking a website, selecting blog type, and easily managing a block list for adding or removing sites. In addition, the extension features a permanent block and an attempt-wise block, which limits the number of attempts to access a blocked site and timewise block which limits the time of hour or minute to access a blocked site, encouraging more productive behavior and Exact URL meaning that the selected URL is exactly the same as all tab URLs and Contains URL meaning that the selected URL is included in exactly all tab URL. • A simple and easy-to-use Chrome extension that acts as a website blocker, effectively blocking distracting websites. • Ability to add sites to the block list with a single click. • Permanent block: Permanently block a site so it will always be inaccessible. • Attempt-wise block: Option to limit the number of attempts to access a blocked site, encouraging more productive behavior. • Time-wise block: Option to limit the hour or minute of times to access a blocked site, encouraging more productive behavior. • Exact: This means that the URL must be exactly the same as all tab URLs. • Contain: This means can have additional parameters, subdomains, and protocols that match with all tab URLs. • Offers a user-friendly interface for adding or removing sites from the block list. The Website Blocker Chrome extension is designed with ease of use and a hassle-free solution for managing online distractions. The interface is intuitive and user-friendly, making it easy to add or remove sites from the block list with just a few clicks. With its user-friendly interface and comprehensive features, anyone can increase productivity and minimize distractions in no time. Additionally, this extension serves as a versatile URL blocker and domain blocker, effectively managing online distractions to help users stay on task.See less",,https://chromewebstore.google.com/detail/kniediipngcpmbmpeacaoinhoeipfina?hl=en,https://lh3.googleusercontent.com/i91bf8BIozk5TgMRwr5fF4VY24nZemZ1SSA_fxvKz_BzcXhzoY1FGoarYIIyBTqgWKM0g-hnzb14Y5bh9sv22Fl7=s128-rj-sc0x00ffffff,"UpdatedJuly 2, 2025",,,1.0,2025-03-10
ios:id6747120789,AppStore,id6747120789,fitphone-earn-screen-time_appstore,FitPhone: Earn Screen Time,Sven van der Zee,Productivity,0,4.77647,85,0.0,0.0,Free,"Getting fit and reducing screen time has never been easier. Do pushups, squats or planks to earn screen time!

1) select apps or websites to block

2) select daily time limit per app, the required exercise and the required reps

3) do your selected exercise to unlock the apps or websites

Upgrade to Pro to unlock unlimited custom block settings and add skips.

TERMS: https://fitphone.playstudioapps.com/terms.txt

PRIVACY: https://fitphone.playstudioapps.com/privacy.txt",https://fitphone.playstudioapps.com,https://apps.apple.com/us/app/fitphone-earn-screen-time/id6747120789?uo=4,https://is1-ssl.mzstatic.com/image/thumb/Purple221/v4/d6/eb/04/d6eb0447-c5e1-7e50-13c0-9bcd17155ae0/AppIcon-0-0-1x_U007ephone-0-1-85-220.png/512x512bb.jpg,1.5,2025-06-30,2025-09-30,0.375,2025-03-10
play:com.hopemindfulness.hopemindfulness,PlayStore,com.hopemindfulness.hopemindfulness,hope-mindfulness-prayer_playstore,Hope Mindfulness & Prayer,Hope Mindfulness & Prayer,Kids,10000,4.0,89,9.99,39.99,$9.99 - $39.99 per item,"Hope Mindfulness & Prayer is the best way to find peace, happiness and calm right where you are! Combining the proven techniques of Mindfulness meditation with Christian scripture, our fun and inviting style makes meditation easy; covering everything from sleep and happiness, to stress and anxiety. Let Hope be your bible gate way to connect with Jesus. There is no time to dwell on the negativity around you, use Hope as your daily devotional app.We offer our 12 foundational meditations for free which are great for christian meditation and sleep. Also a portion of every subscription benefits The Bible Project.Learn to live a life of intention, not just reaction and experience God’s love in your life. Like an audio daily devotional or a guided prayer, our meditations help you find peace. Our free 12-day Foundation package will teach you the basics of Christian Mindfulness and how to implement this new skill in your day-to-day life. Whether you are struggling to sleep at night or just need a little help winding down at the end of the day, Hope can help! We have mediations on just about everything! Our Premium christian meditation topics include:Stress, Anxiety, Disappointment, Finding Your Purpose, Sleep, Loneliness, Self-Esteem, Happiness, Relaxation, Dieting, Depression, Chronic Illness, Being Single, Marriage Problems, Healing a Broken Heart, Creativity, Balance, Energy, Productivity, Forgiveness, Kindness, Love, Patience, Divorce, Fathers, Mothers, Life Delays, Public Speaking, Talking to a Crush, Test Taking, Fear of Flying, Exercise Motivation, Sports Training, Bedtime Stories, & Mindfulness Meditation Mastery Practice. WHY HOPE?- Get the physical benefits of meditation, with the added benefit of growing your faith. We will be your christian mindfulness coach.- A welcoming and inviting meditation style that is accessible to both devout Christians and those who are spiritually seeking or curious- Taught by a professional meditation expert who has years of experience both practicing and teaching many different forms of meditation- Easier to fit into a schedule than reading a daily devotional. It just takes one second everyday to remember to pray.- Access to meditations for a specific emotion or life experience- Sleep better & live a happier, more fulfilled life- Makes connecting daily with God a fun, easy, & accessible experience- Create a new healthy habit- Different mediation style than any other app on the marketCONNECT WITH US!Instagram - hopemindfulnessHope Blog - hopemindfulness.com/blogFacebook - hopemindfulnessFacebook User Group - Hope Together!Pinterest - hopemindfulnessTwitter - hopemindfulnessSUBSCRIPTION PRICING & TERMSHope Mindfulness & Prayer offers two auto-renewing subscription options:- $70 per year- $10 per monthRemember, each subscription includes a donation to The Bible ProjectOur 12 Foundation meditations are always free - no subscription required*These prices are for United States customers. Pricing in other countries may vary and actual charges may be converted to your local currency depending on the country of residence.Your Hope subscription will automatically renew unless auto-renew is turned off at least 24 hours before the end of the current period. You can go to your iTunes Account settings to manage your subscription and turn off auto-renew. Your iTunes Account will be charged when the purchase is confirmed.Our terms and conditions can be found here:  http://www.hopemindfulness.com/terms.htmlNew features coming soon that will include a bible verse of the day and a daily motivational quote for women or men. We include scripture plus motivational christian quotes to grow your relationship with Jesus. Get your headspace right with Jesus calling.",https://hopemindfulness.com,https://play.google.com/store/apps/details?id=com.hopemindfulness.hopemindfulness&hl=en&gl=US,https://play-lh.googleusercontent.com/gAZp0DrzC8JEeVx7wwO9EefSj7HV6BSIY0Y7Mn-WUmx5T1CAfGVf0C9i_MxkQ_VvM9_b=w240-h480-rw,2.1.5,2019-09-01,2024-04-20,0.25,2025-03-10
ios:id1545816867,AppStore,id1545816867,milki-pomodoro-study-timer_appstore,Milki - Pomodoro Study Timer,Christopher ODonnell,Productivity,0,4.85437,103,0.0,0.0,Free,"Study timer with custom targets that will end your procrastination forever! Pomodoro time tracking with targets is your answer to getting more done. How much does it suck pulling an all nighter because you left your study to the last minute. Or the disappointment of your side project losing momentum.

With Milki, you can set variable daily targets for each activity and track against them over a defined period e.g. 2 weeks or 2 months. The Actual vs. Target (worm) chart is incredibly powerful at keeping you on track, you can visually track your performance over the period. No other focus timer app does this, so I had to create one that did haha. 

Milki also uses the Pomodoro productivity hack of 25 minute intervals. With the combination of the Pomodoro technique & Actual vs. Target tracking, you will be shocked at the improvement for your study, work or side projects. 

CUSTOM TARGETS
• Set variable daily targets for each activity e.g. Study or Side Project.
• Actual vs. Target chart, the ultimate way to stay on track. 
• See how you are tracking against your targets over the defined period.

FOCUS TIMER
• Perform focus timer intervals. 
• Utilizes the Pomodoro Technique.
• Short & long breaks between sessions. 

SYNC MULTIPLE DEVICES
• One account for all your devices.

ACTIVITIES
• Create activities like Study, Work, Side Project, Life Admin or Chem 101.
• Quickly switch between activities.
• Charts and metrics for each activity. 

CLEAN & BEAUTIFUL DESIGN
• Incredible design & animations.
• Miki is seriously cute.

CHARTS
• Actual vs. Target charts, track your performance over time. 
• Charts for each activity, quickly switch between tasks / activities.  
• Daily, weekly, monthly charts for each activity e.g. Physics 101. 

STATUS LEVELS
• As you do more sessions, you will climb the status levels and unlock more features!
• Status Levels including NOOB, BRONZE, SILVER, GOLD & PLATINUM. 
• Gain access to exclusive features and benefits at each status level increase. 

LEADERBOARD
• Streak leaderboard.
• Daily, weekly, monthly & lifetime leaderboards!

FEATURE REQUESTS
• Email me directly if you have feature requests, at hello@milki.app

LANGUAGES
• English
• Turkish
• French
• German
• Italian
• Brazilian Portuguese
• Malay

SAY HI
My name is Chris, I developed Milki & I’m from Brisbane, Australia.
I’m actively building features for Milki! Let me know if you have feature requests or suggestions. 
I will reply to your email ridiculously fast (if I am awake, Australia time zone).
Email: hello@milki.app

MILKI PRO
• Sync multiple devices.
• Customize session time.
• Customize alarm sounds.
• Customize long breaks.
• Combined weekly & monthly charts.
Milki offers auto-renewing subscriptions:
• $11.99 billed annually.
The subscription will automatically renew unless it is canceled more than 24 hours in advance of the period. Your account will be charged the subscription price within 24 hours of the period ending. To manage your active subscriptions, go to App Store settings. You can only get the introductory price once. The price above is in USD, prices may vary between countries & with local exchange rates.
To read our policies, go to:
	• Terms & Conditions: https://www.milki.app/terms
	• Privacy Policy: https://www.milki.app/privacy-policy",http://www.milki.app,https://apps.apple.com/us/app/milki-pomodoro-study-timer/id1545816867?uo=4,https://is1-ssl.mzstatic.com/image/thumb/Purple116/v4/6d/82/a6/6d82a669-3180-0e14-28fb-f857b9c282f8/AppIcon-1x_U007emarketing-0-7-0-0-85-220.png/512x512bb.jpg,2.3.1,2021-03-14,2023-01-31,1.0,2025-03-10
play:com.llamaapp,PlayStore,com.llamaapp,llama-life-adhd-routine-task_playstore,Llama Life ADHD Routine & Task,Llama Life,Kids,10000,4.0,110,5.99,38.99,$5.99 - $38.99 per item,"Hey friend! Welcome to Llama Life! Llama Life is designed to help you focus on ONE thing at a time (single-tasking), and to provide just a liiitle more structure (but not too much) to get things done.We know you’ve been waiting (thank you!) and we’re super excited to bring our community the mobile app, to help you get through your tasks in the fun, whimsical way, that you know and love. It’s the same tool as the desktop version but adapted for mobile so you can have Llama Life on the go.HOW DOES LLAMA LIFE WORK?If you’re new here, a big warm hug! (Anddd, where have you been?!)Llama Life let’s you set a countdown timer on *every* task. This concept is called ‘timeboxing’, and the idea is to create a (positive) constraint around the time we have to do something. The goal is to try and give a task 100% of our attention, until the timer runs out. This helps to increase focus, and gives us the mental space to think about ONE thing at a time.Llama Life also let’s you know your total List Time, and the estimated finishing time, so you can be more aware of time passing, and plan your day.We also love celebrating the wins, big or small, so very importantly, you get confetti (woo hoo!) when you finish a task. You can also personalize with color and emoji to get lots of variety and keep things fresh!Llama Life offers a 7-day free trial, with a Monthly or Annual subscription.We’re so glad you’re here, and are rooting for your success!Let’s go!Your Llama Life team, and productivity besties,Marie, Nhi & Guille",https://llamalife.co/,https://play.google.com/store/apps/details?id=com.llamaapp&hl=en&gl=US,https://play-lh.googleusercontent.com/iCOSf11hUv-DRPU-eI2OQDPqLUN96INrqHHjaQXs7LgEUFWbpvJTf90quIk4uqYguGQ=w240-h480-rw,2.17.131,2024-07-17,2025-08-01,0.625,2025-03-10
ios:id6741067501,AppStore,id6741067501,website-blocker-block-sites_appstore,Website Blocker - Block Sites,Atmana Tech - FZCO,Productivity,0,4.4878,123,0.0,0.0,Free,"Struggling with reducing your daily screen time? Website Blocker is here to help you take control and boost productivity effortlessly. Trusted by teams like Google’s design innovators and Netflix’s strategy experts, Website Blocker provides tools to restrict your phone time limit and achieve better focus.

Transformative User Experiences
""Cutting my phone time limit by two hours daily has been life-changing – a design revolution at Google.""
""Website Blocker helped me focus by restricting the time I spend on my phone – Highlighted by Instagram.""
""Managing my daily screen time has never been this easy – Marketing at Twitter.""

Why Choose Website Blocker?
94% of users report fewer distractions.
93% say their productivity soared with our focus tools.
90% experience better mental well-being.
79% save at least one hour daily by restricting the time spent on their phone.
Core Features
Website Blocker: Easily block distractions and manage screen time for adults.

Privacy and Security
Website Blocker values your privacy. All data is processed directly on your device, ensuring your browsing habits stay secure. Whether you’re a professional looking for screen time solutions for adults or a student managing distractions, Website Blocker protects your digital well-being.

Take back control of your phone use with Website Blocker. Whether it’s managing your phone time limit, blocking distractions, or staying productive, Website Blocker empowers you to reclaim your day.

Terms of Use: https://accounts.blockerx.net/atmana/terms-of-usage/Website%20Blocker
Privacy Policy: https://accounts.blockerx.net/atmana/privacy-policy/Website%20Blocker",https://blockerx.net/,https://apps.apple.com/us/app/website-blocker-block-sites/id6741067501?uo=4,https://is1-ssl.mzstatic.com/image/thumb/Purple211/v4/d8/b8/3c/d8b83ca0-dfe1-1b64-afd4-20cce4e667ef/AppIcon-0-0-1x_U007emarketing-0-11-0-85-220.png/512x512bb.jpg,2.8,2025-01-29,2025-11-07,1.0,2025-03-10
ios:id6608976383,AppStore,id6608976383,website-app-blocker-atten_appstore,Website & App Blocker | Atten,Third Tech Ltd,Productivity,0,4.72441,127,0.0,0.0,Free,"9 out of 10 users reduce unwanted screen time in the first week
Users save an average of 90+ minutes daily
Conquer distractions, master your focus, and build healthier digital habits.

Whether you need to ace your exams, achieve deep work, or simply be more present, Atten is your all-in-one tool to take back control of your time.

Block Apps, Websites & Social Media to Reclaim Your Time!

Atten helps you block distracting apps and websites, manage your screen time, and build a healthier relationship with your phone. Join thousands of users who are reducing distractions and boosting their productivity in just a few taps.

Why Atten?

▶ App & Website Blocker: Instantly block any app or website that pulls you away from your goals. Your perfect social media blocker, distraction blocker, and dopamine detox tool.
▶ Customizable Limits & Schedules: Set daily app timers or schedule blocks for specific times. Automatically enforce focus during work, study, or bedtime routines.
▶ Unbreakable Strict Mode: Stay committed to your goals by making your schedules and limits impossible to bypass.
▶ Seamless Multi-Device Sync: Sync all your blocks, limits, and schedules across your iPhone, iPad, and Mac. Maintain focus and consistency, no matter which device you're using.
▶ Powerful Parental Controls: Easily set up Atten on your child's device. Block apps, limit screen time, and lock the settings with a passcode to ensure they stay protected and focused.
▶ Usage & Progress Tracking: Monitor your daily, weekly, and monthly app usage with our screen time tracker. Visualize your progress and stay motivated on your digital wellbeing journey.
▶ Home & Lock Screen Widgets: Activate blocks or view timers instantly from your Home Screen. Staying on track has never been easier.
For Students: A Distraction-Free Study Zone
Block distracting apps and sites to create the optimal study environment. Stop procrastination, improve concentration, and boost your academic performance.

For Professionals: Maximize Your Productivity
Eliminate digital noise during work hours. Protect your focus, get more done, and reclaim valuable time lost to mindless scrolling and notifications.

For Everyone: Build Healthier Habits
Atten is more than a blocker—it's a tool for digital wellbeing. Use it to:

Promote better sleep by reducing evening screen time.
Be more present with friends and family.
Support your mental health by creating space for mindfulness and relaxation.
Ready to take control? Download Atten today and start your journey to a more focused and productive life!

Terms of Service: http://www.atten.app/terms
Privacy Policy: http://www.atten.app/privacy-policy",http://www.atten.app,https://apps.apple.com/us/app/website-app-blocker-atten/id6608976383?uo=4,https://is1-ssl.mzstatic.com/image/thumb/Purple211/v4/32/3c/37/323c37e2-00bc-4d77-ad1a-4d5399026273/AppIcon-0-0-1x_U007epad-0-0-0-1-0-0-85-220.png/512x512bb.jpg,1.34,2024-10-20,2025-01-10,1.0,2025-03-10
play:com.chorefocus.app,PlayStore,com.chorefocus.app,chore-focus-adhd-task-manager_playstore,Chore Focus: ADHD Task Manager,Focus Forge,Kids,10000,4.0,137,3.49,29.99,$3.49 - $29.99 per item,"Chore Focus is a chore tracking app designed to help users stay organized and on top of household tasks. Whether you’re managing tasks as an individual, a couple, or within a family, Chore Focus offers tools to streamline your cleaning routine and keep your home running smoothly.Easily organize chores by room, assign tasks to household members, and track progress to make sure nothing gets missed. Gamified achievements and daily reminders motivate you by letting you know what needs to be done each day.With premium features like multi-user support and AI Quick Add, you can filter and manage chores for each person in your household and quickly add new tasks using natural language. Simply describe what needs to be done, and our AI will automatically parse and add it to your chore list.Whether you’re managing your own space or living with others, Chore Focus helps you boost productivity and stay in control of your home’s cleaning and organization.",https://chorefocus.com/,https://play.google.com/store/apps/details?id=com.chorefocus.app&hl=en&gl=US,https://play-lh.googleusercontent.com/NHv4lwYRg-P1eS9aZHXG-o6AhUGiy_rhvUdy4b1LNiRo_5W9o3PbHrPlBJF17P5tSw=w240-h480-rw,2.14.2,2023-06-10,2025-09-25,0.75,2025-03-10
ios:id1603024803,AppStore,id1603024803,ochi-block-websites-apps_appstore,Ochi: Block Websites & Apps,Tigas Industries Pty Ltd,Productivity,0,4.53793,145,0.0,0.0,Free,"“A great tool if you’re looking for a way to become more focused and less distracted.” - 9to5Mac, Chance Miller
“The design of the iPhone & macOS app is appealing, both simple and colorful.” - TechRadar, Daryl Baxter
“Ochi lets you create a more focused work environment.” - MacStories, John Voorhees
“Great for maintaining productivity so you never accidentally find yourself on Twitter.” - Matthew Cassinelli
“Ochi is great for when you want to focus on really specific tasks.” - Christopher Lawley

Ochi helps you block distracting apps and website on your device, putting an end to excessively bad Social Media habits.

Pick the apps and website you would like to block, set up the app & website blocking, and you're all good to go!

And, if you'd like to block things during particular days, create a schedule to automatically restrict content.

Features;
• Block iOS apps (and Mac apps too with Ochi for Mac)
• Block websites and categories of websites
• Enable filters that run all day, or timed filters that cannot be stopped for a period of time
• Temporarily pause filters if you need to urgently access particular apps
• Schedule filters to block social media distractions during the day, and at bed time
• Lock filters to prevent making changes during moments of impulse
• Control Center widgets to control blocking from the Control Center or from the adjustable Lock Screen controls
• Integrate with Shortcuts to automate your productivity workflow
• Sync filters between iPhone, iPad, and Mac
• Handy widgets to quickly enable filters

If you have any questions, please reach out to ochi@michaeltigas.com.au

Privacy Policy: https://ochithe.app/privacypolicy/
Terms of Use: https://ochithe.app/termsofuse/",https://impresskit.net/ochi,https://apps.apple.com/us/app/ochi-block-websites-apps/id1603024803?uo=4,https://is1-ssl.mzstatic.com/image/thumb/Purple221/v4/04/48/98/04489878-0998-44e8-8a8e-c0c1c9137f43/AppIcon-0-0-1x_U007epad-0-1-85-220.png/512x512bb.jpg,1.7.2,2022-01-02,2025-02-06,1.0,2025-03-10
ios:id1621897751,AppStore,id1621897751,pomodoro-timer-one-thing_appstore,Pomodoro Timer: One Thing,Deokhwa Lee,Productivity,0,4.72848,151,0.0,0.0,Free,"How many hours out of the 24 in a day are truly yours?

Dedicate just one hour each day to focus on a single task. Make it your time—just for you.

Whether it’s reading, studying, or exercising, any activity that helps you grow is perfect.

We’re here to help you stay focused",https://boiled-developer.blogspot.com/,https://apps.apple.com/us/app/pomodoro-timer-one-thing/id1621897751?uo=4,https://is1-ssl.mzstatic.com/image/thumb/Purple211/v4/08/7a/9a/087a9abd-2e77-0c71-ace1-512dc8e879b2/AppLogo_Default-0-0-1x_U007epad-0-1-85-220.png/512x512bb.jpg,3.16.0,2024-02-05,2025-09-29,0.625,2025-03-10
ios:id1055315077,AppStore,id1055315077,screen-time-parental-control_appstore,Screen Time Parental Control,Screen Time Labs Ltd,Lifestyle,0,1.46286,175,0.0,0.0,Free,"Screen Time Parental Control helps parents manage their children’s screen time and app usage. Set time limits, block apps during bedtime, reward them for chores and more.
Kids who have a smartphone spend an average of 7.5 hours on their devices per day. Screen Time was developed to help parents get their children to put their phones down and engage in outdoor activities, family chats at the dinner table, concentrate on their homework, and get a good night’s sleep.

The free version of Screen Time arms parents with information about their children's’ smartphone and tablet usage. With the free version of our screen time tracker, you are able to:

▪ Monitor your kids’ screen time
▪ View app usage - See which apps are being used and for how long
▪ Receive a notification when your kids try to install a new app
▪ Receive a daily summary of your kids app and web usage

If you decide you need to proactively manage your children's’ screen time on iPhone or iPad, our Premium version of our app gives parents greater control over their kids’ devices. 

With Screen Time Premium, you can:

▪ Set a specific daily time limit for your kids’ screen time
▪ Set schedules of when they can and can’t use their device
▪ Instantly pause your kids’ devices at the push of a button
▪ Block certain app activity during bedtime
▪ See exactly where your children are with GPS phone location tracking
▪ Get an alert when your child arrives or leaves a specific location
▪ Receive a daily email summary of your kids app and web usage
▪ Set tasks and chores for your kids to complete, allowing them to earn additional screen time when they’re done
▪ Use Free Play mode to temporarily override time limit settings, like during long trips
▪ Share app management with other adults in your kids’ lives
▪ Have up to 5 devices per account, so you can track multiple kids and devices

All new users will get a 7 day free trial of the Premium version of Screen Time. No credit card information is needed for this free trial, and you will not be automatically charged unless you decide to sign up for a membership.

Please note: Some of Screen Time’s free and premium features are unavailable for iOS devices due to Apple restrictions.

Feedback
If you have any problems please take a look at our help pages, or contact us via the contact page of our website.

Screen Time Parental Control App Help: https://screentimelabs.com/help
Screen Time Parental Control App Contact: https://screentimelabs.com/contact",https://screentimelabs.com,https://apps.apple.com/us/app/screen-time-parental-control/id1055315077?uo=4,https://is1-ssl.mzstatic.com/image/thumb/Purple122/v4/06/59/91/065991f7-0b50-ed4d-0857-ad370ed923d5/AppIcon-1x_U007emarketing-0-6-0-0-85-220.png/512x512bb.jpg,3.72,2015-12-15,2022-07-12,0.75,2025-03-10
play:com.motionapp.motionapp,PlayStore,com.motionapp.motionapp,motion-gamify-your-motivation_playstore,Motion: Gamify your Motivation,Motion Health,Kids,5000,4.2,176,12.99,314.99,$12.99 - $314.99 per item,"Gamify your fitness goals, to super-charge your motivation, and stay consistent for longer!Motion turns your weekly activity into a fun adventure, with personalised goals, social challenges, and adorable creatures called Motmots that grow as you take care of yourself. It’s fitness—but with fewer graphs, and more good vibes.# The Motioneers' AdventureThe Motmots are dying, and they need your help! These adorable creatures thrive on Healthy Auras, but today's bustling cities and modern habits have driven them to the brink of extinction.The Motioneers are dedicated organisation, committed to saving the Motmots. But, we can't do it alone - it's a team effort that needs as many people to get involved as possible. We are recruiting new members to adopt these precious Motmot eggs, promising to care for themselves, in order produce the Healthy Auras these mysterious creatures desperately need to grow.Join the Motioneers today and pledge to care for your health, nurture your very own Motmot, and help restore their numbers in the wild! Every step, stretch, and sweat brings your Motmot closer to a safe and thriving future.The more Motmots you save, the higher you'll rise through the Motioneer Ranks, unlocking access to rarer breeds and exciting mini-quests you’ll need to complete to save them! # MotionConnect all your workouts, steps, and fitness data from hundreds of trackers and wearables, and let Motion find the perfect weekly activity goal for you! Each week, your goal adapts to make sure it's always at the right level, to keep you progressing at a safe rewarding pace.- One-size doesn't fit all, that why Motion calibrates personal goals based on your data, and adapts to keep you at the right level- Rest-days are important, that's why Motion has weekly goals, so you won't break your streak for having a day off- Accountability increases your chance of success, that's why Motion lets you share your goals with others, so you can keep each other on track",https://motion-app.com,https://play.google.com/store/apps/details?id=com.motionapp.motionapp&hl=en&gl=US,https://play-lh.googleusercontent.com/0gr__VspGZg4tAv1LTPB52LeChIxjQPHissBPQex8cTJW4c4wxo9KPFH4irM1Hj_jwY8=w240-h480-rw,0.87.4,2021-05-17,2025-01-10,0.125,2025-03-10
ios:id1492424176,AppStore,id1492424176,focus-noodles-study-timer_appstore,Focus Noodles-Study timer,"ideaTiny Co., Ltd.",Productivity,0,4.74586,181,3.99,3.99,$3.99,"""Focus Noodles"" is a creative focus app. 2022 Apple Design Award finalist.

Focus is the key to a perfect bowl of noodles.

Place your phone screen down and start the timer. Focus on the task at hand and resist the temptation to touch your phone, or it will vibrate, flash, and make noises to remind you to put it down!

When the timer goes off, your noodles will be perfectly cooked, and you will have accomplished a meaningful focus session. As a reward, you'll receive a ""mind-expanding"" fairytale card to relieve the tension after your focused session and prepare you for the next one.

Your phone is like a Pandora's Box that once opened, can be difficult to close. You never know which tap will steal your attention next.

Focus Noodles hopes to help you put down your phone in a humorous and enjoyable way, to fight phone addiction, and to regain the most valuable resource of our time.

Where there is focus, there is productivity. Join us now and focus on cooking a bowl of noodles with hundreds of thousands of users worldwide!

App credentials:
·  Apple Design Awards 2022 Finalist.
· ""Best of March 2020 "" in China.
·  AppStore Editors‘ Choice.

(HealthKit integration available to sync focus time to ""Mindfulness Training"")

ideaTiny creates fun apps.
fb@ideatiny.com",https://www.ideatiny.com,https://apps.apple.com/us/app/focus-noodles-study-timer/id1492424176?uo=4,https://is1-ssl.mzstatic.com/image/thumb/Purple221/v4/8a/e8/8c/8ae88c1b-ab53-5d03-ed6e-c81014cf38fc/AppIcon-0-0-1x_U007emarketing-0-8-0-0-85-220.png/512x512bb.jpg,2.9.5,2020-02-25,2025-01-16,1.0,2025-03-10
play:com.thewayapp.mobile,PlayStore,com.thewayapp.mobile,the-way-meditation-path_playstore,The Way: Meditation Path,"The Way App, Inc.",Kids,10000,4.8,200,12.99,699.99,$12.99 - $699.99 per item,"THE WAY is a new kind of meditation app: a single path, led by an authorized Zen master, that guides you on a deep meditation training program. Study alongside Zen master Henry Shukman as you uncover the deep peace, love, insight and awakening that meditation can bring stress relief.The simple path to deeper meditation.With THE WAY, you will:*** Never feel overwhelmed by choice. The Way guides you step-by-step along a single, linear path through all the key areas of a deep and fulfilling meditation practice. You never have to worry about which meditation to choose with The Way.*** Experience real transformation and deep wellbeing. Progress along a proven pathway of meditation that helps you to awaken to the true nature of your mind, your self, and your relationship to the world. Explore Zen koans, non-dual awareness and other awakening techniques. *** Benefit from an authorized Zen Master as your guide with The Way. Study with a beloved teacher with over 35 years of meditation practice. Learn Henry Shukman’s innovative fusion of modern mindfulness, Jhana practice and Sanbo Zen teaching. HENRY SHUKMAN teaches mindfulness and awakening practices to a wide range of students from all traditions and walks of life. Henry is an authorized Zen Master in the Sanbo Zen lineage, and is the Spiritual Director of Mountain Cloud Zen Center in Santa Fe, New Mexico. His struggles and traumatic experiences as a youth, combined with a spontaneous awakening experience at 19, paved the way for Henry to develop a well-rounded approach to meditation. On the journey of THE WAY, you can learn to:*** Calm the nervous system, reduce stress on a daily basis and release trauma over time.*** Enjoy a stress free life with our daily guided meditation app, The Way.*** Prioritize mental health and get into a relaxation mode.*** Uncover previously unknown support and gratitude in our lives*** Access beautiful states of flow and absorption during meditation*** Get tastes and glimpses of awakening - insights into your own true nature, and discovering what non-duality really means, and the deep freedom and joy it can give.THE WAY works through a series of daily guided meditations and talks along a single path of practice. Through these calm guided meditations you will explore with Zen Master Henry Shukman: teaching from ancient Buddhist traditions, finding peace and unconditional wellbeing in the heart of our lives, learning how to sit with and process negative emotions, healing from past traumas, uncovering deep joy in the bare fact of being alive, discovering a deep and connected presence, understanding insights into non-duality and awakening to the true nature of reality. All grounded in modern mindfulness and ancient Zen wisdom. Experience Self-care, the sense of unwinding anxiety like never before with The Way.SUBSCRIPTION AND SCHOLARSHIPSTHE WAY is free to download and try out the pathway.You can manage your subscription from your Apple account settings. Payment will be charged to your Apple account.If you can’t afford the cost of the subscription, please let us know and we will arrange a free subscription to THE WAY for you through our scholarship program.Terms of service: https://www.thewayapp.com/legal/terms-conditionsPrivacy policy: https://www.thewayapp.com/legal/privacy-statement",https://www.thewayapp.com,https://play.google.com/store/apps/details?id=com.thewayapp.mobile&hl=en&gl=US,https://play-lh.googleusercontent.com/ogrrO2wlRBNb2oxPWSYrb4Udz1pK8ck_J4gF3oh78bASQCg_DHUnTnDL5SF4rtuLDXM=w240-h480-rw,1.15.1,2024-07-02,2025-09-25,0.0,2025-03-10
ios:id6477306136,AppStore,id6477306136,blokd-app-blocker_appstore,Blokd - App Blocker,Just Commit Inc.,Productivity,0,4.29208,202,0.0,0.0,Free,"Get your phone distractions Blokd. Blok is The Ultimate Solution for Digital Detox & Time Management.

Blok is the revolutionary device that helps you reclaim your time and focus. Combat digital addiction and distractions effortlessly with our innovative hardware. Blok empowers you to stay productive and enjoy more moments with hobbies, family, and friends.

How Blok Works:

	1.	Select: Identify the time-wasting apps you need Blokd.
	2.	Tap: Use the advanced Blok NFC device to instantly block them.
	3.	Place: Put Blok out of reach and enjoy your newly found free time.

Key Features:

	•	Customizable Blocking: Personalize which apps to block for a tailored distraction-free experience.
	•	Tap-to-Block Technology: Easily activate focus mode with a simple tap on the Blok device.
	•	Focus Modes: Create personalized schedules for work, study, or relaxation.
	•	Secure & Private: Your data and preferences are safely stored and protected.

Why Blok?

	•	Reclaim Your Time: Get Blok'd screen time and free up hours for what you love.
	•	Boost Productivity: Improve your work and study habits by minimizing distractions.
	•	Easy to Use: Quick setup and immediate benefits for saving time.

Download BLOKD Now!

Time is your most valuable asset. Download Blok today and start enjoying life beyond the screen. Join thousands who have transformed their lives with BLOKD.

Terms of Service & Privacy Policy

Terms of Service: https://www.apple.com/legal/internet-services/itunes/dev/stdeula/
Privacy Policy: https://blok.so/privacy",https://blok.so,https://apps.apple.com/us/app/blokd-app-blocker/id6477306136?uo=4,https://is1-ssl.mzstatic.com/image/thumb/Purple221/v4/02/10/d6/0210d6d0-a8af-0c5d-d369-ad309db754ba/AppIcon-0-0-1x_U007epad-0-1-85-220.png/512x512bb.jpg,2.7.7,2024-02-23,2025-09-30,1.0,2025-03-10
ios:id1542448354,AppStore,id1542448354,focusflow-focus-todo-habit_appstore,FocusFlow - Focus Todo Habit,世超 李,Productivity,0,4.61353,207,0.0,0.0,Free,"◆ Stay focused and develop habits.

Focusing makes us more efficient and good habits make our lives happier.

Whether at work or at school, when you want to improve efficiency, focus can often get half the result with twice the effort. Focusing on what you expect will certainly make a difference.

The reason why a person is excellent is because there are excellent habits behind it. Many times, we can't see how powerful the habits are, but at the critical moment we will understand the power of habits.

FocusFlow is carefully designed with focus, habit, and to-do modes, so you can see at a glance the daily focus, habit, and to-do situation, allowing you to develop focus and good habits in a more targeted way.

◆ What are the features of FocusFlow?

- Widgets: Support iOS 14 to add widgets to your desktop
- Focus: Create a focus plan with a frequency of daily, weekly, weekly x days, monthly x days
- Focus statistics: study, work, exercise, reading, different categories of clear focus time
- Focus countdown: choose a focus duration of 5-180 minutes and choose different sound scenes to start focusing
- Habits: create good habits to be cultivated with a frequency of daily, weekly, x days per week, x days per month cycles
- Habit statistics: the number of days each habit has been completed and the percentage of pie charts for each habit at a glance
- Habit log: you can choose different Emoji emoji and support uploading pictures
- Today's to-do list: You can create a to-do list with repeating frequency
- Customized bottom bar: Focus, Habits, and To Do bottom bar can be swapped
- Data backup: automatic data backup in the cloud, multi-device synchronization
- Focus/habit reminder: Timed reminder according to the created reminder time
- Privacy protection: Password lock to protect your private data

◆ My website

Code Power Studio: https://www.maliquankai.com 
(Occasionally share various resources of product/design)
Code force all open resource site: https://design.maliquankai.com
(Product/designer/independent developer's resource library)

◆ Contact me

Your suggestions are vital to us, any questions and suggestions, write in the comment section or contact me.

E-mail: larry@maliquankai.com
Microblog: @Larry_Dev
Zhihu: @Larry
Twitter: @Larry

About the subscription service of FocusFlow Premium

The service is a subscription-based fee service, you can choose to use the service on a yearly or buyout basis.

The premium version (per year) is a subscription-based fee service, which means you will pay in advance for future subscription usage. Currently you can choose to use the service on a yearly basis. Towards the end of each subscription cycle, your subscription will automatically renew by default, unless you cancel the automatic renewal yourself, or we cancel the service.

- Fees.
We currently offer a standard service price for the service of ￥18 per year with a ￥45 buyout, which is subject to change during promotional periods. When a price adjustment occurs, the new fee will be incurred on your next subscription cycle.

- Refunds.
Current subscriptions and one-time buyout fees will not be refundable. Please be sure to ensure that the feature service meets your needs.

- Cancellation of subscriptions.
To cancel a renewal subscription, please operate the cancellation at least 24 hours in advance. You can cancel by: Open System Settings - Click on Apple ID - Click on Subscriptions - Select FocusFlow Premium and cancel your subscription.

Terms of Use: https://www.maliquankai.com/habit-en
Privacy Policy: https://www.maliquankai.com/habit-privacy-policy-en",https://www.maliquankai.com,https://apps.apple.com/us/app/focusflow-focus-todo-habit/id1542448354?uo=4,https://is1-ssl.mzstatic.com/image/thumb/Purple211/v4/47/ef/c9/47efc96b-a7cd-6a85-9cc4-1135b316569e/AppIcon-0-0-1x_U007epad-0-1-0-0-85-220.png/512x512bb.jpg,2.1.2,2021-07-14,2025-09-22,1.0,2025-03-10
cws:aoabjfoanlljmgnohepbkimcekolejjn,ChromeWS,aoabjfoanlljmgnohepbkimcekolejjn,web-site-blocker_chromews,Web Site blocker,Non-traderThis developer has not identified itself as a trader. For consumers in the European Union,Extension,40000,4.7,210,0.0,0.0,Free,"OverviewEasy way to block distracting websites to prevent access while you workThe Web Site Blocker Chrome extension empowers users to permanently deny access to websites or implement scheduled restrictions. Safeguard yourself from distracting or harmful content or shield your children from inappropriate material. Key Features: - URL Blocking: Block distracting and harmful websites, including subdomains. - Keyword Blocking: Specify keywords or phrases; all websites containing these words will be blocked. - White List: Activate this option to block all websites except those included in the whitelist. - Redirect Option: Redirect blocked sites to any specified URL - Password Protection: Secure the options page with a password to prevent easy removal of blocked sites. - White & Black Time Configuration: Customize your daily schedule with the Scheduling feature, allowing you to set specific days and times for accessing certain sites. Stay focused and maintain daily routines effortlessly.See less",,https://chromewebstore.google.com/detail/aoabjfoanlljmgnohepbkimcekolejjn?hl=en,https://lh3.googleusercontent.com/FswNZRZTSl1iVF4ka6f7JXQwEutgG7Fq7gr07LC_SRwIO1vh6_uaddAjTWgNitf4hIAMFBrn3rO-o81HJ98nk0o0aw=s128-rj-sc0x00ffffff,"UpdatedAugust 21, 2025",,,1.0,2025-03-10
cws:jbojhemhnilgooplglkfoheddemkodld,ChromeWS,jbojhemhnilgooplglkfoheddemkodld,otto-pomodoro-timer-and-website-blocker_chromews,Otto: Pomodoro timer and Website Blocker,Non-traderThis developer has not identified itself as a trader. For consumers in the European Union,Extension,60000,4.5,213,0.0,0.0,Free,"OverviewOtto is a mindful focus timer and website blocker that helps you overcome procrastination and manage distractions while you work.Hello! 👋🏻👋🏻👋🏻 A timer that helps you reduce procrastination, friction and helps you be mindful while working and browsing the web. How to Install Otto? - Click on the “Add to Chrome/Brave” button. - Once installed, you’ll see a welcome page with an overview. - Be sure to pin the extension. This is important because the timer is displayed in the extension when you start a session. If you don’t pin it, you may not see it. Remember to ""pin it"" ✅ Features - Pomodoro/Focus Timer - Website Blocker - Scheduled Blocker (block websites during the day) - Task timer - Workflows - Autoblock - Analytics - Reverse Pomodoro Data and",,https://chromewebstore.google.com/detail/jbojhemhnilgooplglkfoheddemkodld?hl=en,https://lh3.googleusercontent.com/WJx0KjIB3LZauWob_75a1WQZz3znpc9zQXmHHv3j4L4gaQhgg8_rKKPQ_S8KCtO1GkARqTUufAjiDwIY-EqKbivRUA=s128-rj-sc0x00ffffff,"UpdatedOctober 2, 2025",,,1.0,2025-03-10
play:com.skillfoxapps.qhabit,PlayStore,com.skillfoxapps.qhabit,qhabit-daily-habit-tracker_playstore,Qhabit: Daily habit tracker,Skillfox apps,Kids,10000,4.3,224,1.49,27.99,$1.49 - $27.99 per item,"Qhabit: Your Personalized Habit Tracker for SuccessEmbark on a journey of self-improvement with Qhabit, your ultimate habit tracker companion. Uncover the power of visualization with captivating charts, diagrams, and tags that transform your progress into a compelling narrative.Organize Your Life, Achieve Goals, and Maintain RoutineQhabit seamlessly integrates into your daily rhythm, empowering you to cultivate positive habits and ditch unproductive ones. Whether you're aiming for fitness excellence, mastering mindfulness, or simply seeking a more structured lifestyle, Qhabit is your unwavering guide.Uncover Insights with Powerful AnalyticsDelve into the depths of your habits with Qhabit's robust analytics. Compare habits side-by-side, generate insightful performance reports, and uncover hidden patterns that will fuel your progress.Embrace a Night Owl-Friendly ApproachQhabit understands that not everyone adheres to a traditional 9-to-5 schedule. With its flexible start-of-day feature, Qhabit adapts to your unique rhythm, ensuring that your habit-tracking journey remains seamless and aligned with your preferences.Download Qhabit Today and Take Control of Your HabitsJoin the thousands of individuals who are transforming their lives with Qhabit. Download the app today and embark on a journey of self-discovery, growth, and unwavering success.Plus, with our Wear OS companion app, you can easily track your habits right from your wrist. Just glance at your watch to see your progress for the day. Our WearOS app also supports multiple tiles that you can add to your watch, so you can always see your progress at a glance.",https://qhabit.com,https://play.google.com/store/apps/details?id=com.skillfoxapps.qhabit&hl=en&gl=US,https://play-lh.googleusercontent.com/8aUqnvLUDv9xWgyju9WIxjffs9BnGqqAncAYWIo3gTdcDLHiCCrNv_h_nwt1TuguQgk=w240-h480-rw,Varies with device,2021-07-25,2025-09-28,1.0,2025-03-10
ios:id1365784521,AppStore,id1365784521,parental-control-app-kroha_appstore,Parental Control App - Kroha,MESH Ukraina TOV,Education,0,4.09483,232,0.0,0.0,Free,"The parental control app is created to protect kids and provides supervision to keep kids safe online. The app is a powerful child control app for screen time, tracking location, tracking application usage time, limit app usage, limit phone usage, website control, YouTube monitoring. You can block apps, set daily app time limit, limit screen time, block inappropriate content.

Install this application on your mobile device. The application supports only the parent mode. The child mode is not available for iOS devices.

The application has unique features such as monitoring social media chats and eyes protection. Use night mode and eyes protection features to form healthy habits for your kids’ eyes.

App lock & Phone lock:
• Block apps and block games
• Block social media apps
• Limit app usage time and limit usage time remotely
• Set schedules and limit phone usage for family time, bedtime and study time

Device screen time management:
• Screen time app shows a detailed view of the daily phone usage
• Set and manage a specific daily app time limit
• Screen time tracker allows you to monitor apps usage statistics

Social media chat monitoring:
• Monitoring messengers (WhatsApp, Viber)
• YouTube Monitoring

Eyes protection & Night mode:
• Use Night Mode to protect the child’s eyes from intense blue light in the evening
• Use eyes protection to keep your child’s phone screen at the correct distance from your eyes

Family Locator & GPS tracking:
• Monitor your child’s location on the map in real-time
• Set geo-zone and get notifications if a child leaves this zone

Block websites & Block Youtube videos:
• Monitor websites which your child visited
• Web filters allow you to safe kids from harmful sites and content
• Monitor YouTube videos which your child was watched
• Block YouTube videos and channels
• Turn on Safe Search function to protect your kid’s searches online

also app gives you an opportunity to:
• Monitor and manage your kid’s phonebook
• Monitor the latest kid’s photos
• Monitor the battery level of the kids’ phone

Please install this application on your mobile smartphone and then on your child’s one(s) to perform remote child control of a child’s device.
Link all your family devices to the account. Both smartphones should have network data capability, as the app uses data to send and receive configuration commands.

The application is designed exclusively for children's protection and child safety. If the application is used inappropriately, the company disclaims responsibility for the consequences.

Price for the one-year license includes controlling of five different family devices, which can be activated in any mode (Parent mode / Kids mode). 
Use one account for the whole family.

Check out the subscription price: https://parental-control.net

Feedback
If you have any issues or questions, you can always contact our support team: support@parental-control.net

Privacy Policy: https://parental-control.net/privacy-policy.html
Terms of usage: https://parental-control.net/oferta",https://parental-control.net,https://apps.apple.com/us/app/parental-control-app-kroha/id1365784521?uo=4,https://is1-ssl.mzstatic.com/image/thumb/Purple211/v4/ed/3c/13/ed3c1386-ecc6-b047-2416-289f2990db97/AppIcon-0-0-1x_U007emarketing-0-11-0-0-85-220.png/512x512bb.jpg,4.7.1,2018-05-31,2025-08-14,1.0,2025-03-10
cws:ncaaipdfhdijmfdfmeoagmogddhkfdec,ChromeWS,ncaaipdfhdijmfdfmeoagmogddhkfdec,self-control-block-sites-and-stay-focused_chromews,Self Control -- Block sites and stay focused,Non-traderThis developer has not identified itself as a trader. For consumers in the European Union,Extension,20000,4.0,243,0.0,0.0,Free,"OverviewA simple web site blocker to keep you focused and enhance your productivityv3.2.0 - Add feature to change message on block screen - Fixed ability to block x.com v3.1.0 - **Enhanced Performance:** Improved page blocking internals for a smoother browsing experience. - **Bug Fixes:** - Fixed scroll for block patterns. - Fixed bugs in focus mode where it didn't end on time. -- Self Control -- A simple app to keep you focused online by blocking sites that you spend way too much time on. Note that the app works by blocking patterns within the full url. For example if you were to block the pattern ""book"" the sites www.facebook.com and books.google.com would both be blocked. Focus free mode prevents you from removing block patterns from the app for a fixed amount of time. By default this is one hour, but it can be changed in settings. By default the extension is always running. To change this so that the extension only runs when focus mode is enabled, toggle 'Always on' in settings to Off.See less",,https://chromewebstore.google.com/detail/ncaaipdfhdijmfdfmeoagmogddhkfdec?hl=en,https://lh3.googleusercontent.com/AFPdjhuUEiHq8YaWvZJFEIzKtZBOpFBtvT1trWElyC0o5bKZEqdsHi6_8TN6avLipRGf8VDPzeYbqXlzbCBWUyaYSw=s128-rj-sc0x00ffffff,"UpdatedFebruary 5, 2025",,,1.0,2025-03-10
play:com.koala.hypnostories,PlayStore,com.koala.hypnostories,hypnu-sleep-relax-hypnosis_playstore,hypnu™: Sleep & Relax Hypnosis,Morpheus Hypnosis Ltd.,Kids,10000,4.2,245,8.99,109.99,$8.99 - $109.99 per item,"Fall asleep in moments, relax during your days and build your confidence or motivation using our professionally curated, thoughtfully created hypnosis sessions.hypnu™ is a project of The Morpheus Clinic for Hypnosis in Toronto, Canada. More than 50 sessions, many of them recorded by our own practitioners, are free forever, including:* Sleep better and naturally at night* Find relaxation and peace during your days* Pull yourself out of shame, anger, perfectionism, stress and more, in only five minutes* How to stop smoking and stay that wayOur Premium subscription gives you access to additional features and over 250 sessions and courses from world-leading hypnotists, including:* Autogenic training* Sleep stories* Courses to develop an abundant, success-focused mindset* An option to save recordings as FavouritesInstall hypnu™ today and experience the power of scientifically validated, professionally curated, thoughtful hypnotherapy!",https://www.hypnu-app.com,https://play.google.com/store/apps/details?id=com.koala.hypnostories&hl=en&gl=US,https://play-lh.googleusercontent.com/KQ7FwJZZNzqCWmEi0qTSAkUeJc2rJ83pZ97MKJ58JG2f6arD4g-u0PdjtUHX2xKCMZ4=w240-h480-rw,2.5.15,2020-09-04,2025-09-14,0.125,2025-03-10
ios:id6479611902,AppStore,id6479611902,superhappy-screen-time-blocker_appstore,Superhappy Screen Time Blocker,"Razzed, LLC",Productivity,0,4.62825,269,0.0,0.0,Free,"Superhappy combines the power of AI and mindfulness to help you reduce your screen time. Whether you need a cold turkey blocker for social media or a dopamine detox tool to reclaim your time, you're at the right place.

Here’s how it works:
- Block distracting apps and embrace a digital detox.
- Use intentional conversations with your AI coach to unlock apps mindfully.
- Set a time limit, and let your coach lock you out when time’s up.
- Soon, your mind will be rewired, and you'll find yourself saying ""lock me out"" in no time!
- Stay under your daily limits and keep a streak going.
- Block different apps at different times of the day with Sessions.

Superhappy is more than an app blocker tool — it’s your partner for building self control and learning to limit screen time. Our users have transformed their screentime, switching from aimless scrolling to purposeful focus.

It’s like having a dumb phone or focus lock when you need it, but smarter.

Premium subscription required for some features to support the Superhappy team.

Ready to focus? Download Superhappy now and see improvements today.

Terms, Privacy, and Conditions:
Terms: https://www.superhappy.ai/terms-of-service or https://www.apple.com/legal/internet-services/itunes/dev/stdeula/
Privacy: https://www.superhappy.ai/privacy",https://superhappy.ai,https://apps.apple.com/us/app/superhappy-screen-time-blocker/id6479611902?uo=4,https://is1-ssl.mzstatic.com/image/thumb/Purple221/v4/bc/dc/46/bcdc46a7-1625-15cc-02e6-1e583ea02258/AppIcon-0-0-1x_U007ephone-0-1-0-85-220.png/512x512bb.jpg,3.5.0,2024-12-05,2025-08-21,1.0,2025-03-10
play:co.thefab.sleep,PlayStore,co.thefab.sleep,lune-bedtime-sleep-routine_playstore,Lune: Bedtime Sleep Routine,TheFabulous,Kids,10000,4.2,272,7.99,59.99,$7.99 - $59.99 per item,"Better Sleep, Better LifeImagine drifting off easily each night and waking up rejuvenated each morning. Lune guides you to better sleep by reducing your screen time and making small adjustments to your daily routine. Less screen time at night means more calm and less stress. Plus, our sleep tracker helps you find what’s working in your daily routine and what’s not, so you can have better sleep. Better Sleep Science: Simplified!Sleep deprivation has a wide range of negative consequences that can affect your physical health, mental health, and daily functioning. Learn research-backed strategies for your bedtime routine to guide you to a calm mind and deeper sleep. Stress plays a major role in poor sleep. Find calm in the chaos with strategies anchored in Cognitive Behavioral Therapy for Insomnia (CBTi) and unlock better sleep tonight. What Works for YOUCustomize your relaxing nighttime routine and complete your streaks habit tracker each day. Track your sleep patterns and celebrate your journey to better sleep. A sleep tracker helps you choose programs based on your daily routine, unique needs, and your goals to improve your health. Your calming bedtime routine — free of social media screen time — will become the most anticipated part of your day. A Space for CalmMental chatter can make it hard to drift off. Let go of racing thoughts with premium content:  🕯️ Calm sleep meditations  🍃 Soothing nature sounds  📚 Relaxing bedtime stories  🧘 Yoga nidra meditations  🪷 Inspirational messages  🌀 Sleep hypnosis  📵 Screen time blocker  😴 And more! Better Nights Start With Your Daily RoutineUse our detailed sleep tracker to track bedtimes and wake times, as well as other habits and routines that can impact your sleep, such as exercise, light exposure, foods, and technology use. Track your habits to learn how your daily routine impacts your sleep at night. Earn streaks for completing your nighttime ritual every day. FeaturesM- Specialized screen time blocker so you can minimize distractions- Create your personalized sleep ritual, fully relaxing you at bedtime- A unique sleep journal to recall nighttime dreams- Dark mode to limit bright light emissions that keep you awake- Wind down with nightly content curated especially for you- A sleep tracker to gain insights into your sleep patterns Who We AreLune is brought to you by the creators of Fabulous, an award-winning app featured on Lifehacker, the New York Times, Self, Forbes, GirlBoss, and more. We've empowered over 30 million people worldwide to improve their lives through scientifically proven methods. Relax into Better SleepWake up feeling refreshed and ready to embrace each day. Download Lune now and unlock restful nights and brighter mornings. Read our full terms and conditions and our privacy policy at: https://www.thefabulous.co/terms.html",https://www.thefabulous.co,https://play.google.com/store/apps/details?id=co.thefab.sleep&hl=en&gl=US,https://play-lh.googleusercontent.com/54_B3UUT3p-yXRPZQYO1VLyCouDfiVXw-MTUFjk_yM-MMMiT9wiBhHkbS1cHfW0Y8ZjL=w240-h480-rw,14,2024-08-10,2025-02-10,0.75,2025-03-10
ios:id6736793117,AppStore,id6736793117,foqos_appstore,Foqos,Ali Waseem,Productivity,0,4.90714,280,0.0,0.0,Free,"Transform your phone into a distraction-free zone with just a tap or scan. Select which apps to block, place NFC tags or QR codes wherever you need focus, and tap or scan to instantly block distractions. It's that simple - choose your apps, tap or scan, and stay focused. Perfect for work, study, or any time you need to concentrate.",https://www.foqos.app/,https://apps.apple.com/us/app/foqos/id6736793117?uo=4,https://is1-ssl.mzstatic.com/image/thumb/Purple211/v4/1c/95/aa/1c95aac5-951e-590e-3caa-a74123ff6cf9/AppIcon-0-0-1x_U007ephone-0-1-85-220.png/512x512bb.jpg,1.23,2024-10-31,2025-09-22,0.875,2025-03-10
play:com.focus.productivity.elmnts,PlayStore,com.focus.productivity.elmnts,focus-timer-todo-time-block_playstore,Focus Timer & ToDo: Time Block,Simple things for life,Kids,10000,4.8,292,3.99,79.99,$3.99 - $79.99 per item,"Stop sabotaging your productivity. Focus Timer for study and work is what you need to improve your time management skills. Set daily goals. Use this focus keeper and stay focused and start getting things done. Benefit from time blocking for productivity of the highest level. 🔥 No more procrastination. Just focus. Just results. Key Time Management Features In Nutshell Lock in focus: Block distracting apps and stay on track.Focus keeper with visual progress: Cool stats to let you see your productivity grow.Exciting challenges: Challenge yourself, earn crystals and stay motivated.Simple To-Do lists: Plan tasks without stress.Focus sessions: Enjoy the deepest focus with a clear goal in mind.Focus timer for study and work sessions Focus sessions : Set the work or study timer and stay focused all the time. Complete the tasks without distractions.Lock screen notifications: Track your focus session progress right on the screen, without the need to unlock your phone.Time Blocking For Productivity And Maximum Focus Block time-wasting apps. Set limits with the screen time tracker and stop endless time-wasting scrolling!< h3>Simple Task ManagementTo-Do lists: Add tasks and daily goals and keep your day organized.Recurrent tasks: Create once, set repeats, and enjoy having your life better organized without hassle.No strict schedules: Just tasks, no pressure from time-bounding.Gamified Focus For Better Productivity Exciting time management challenges: Take and complete one of the provided challenges, earn crystals, and level up your focus.Rewards system: Stay motivated with visual progress tracking.Your Data is SafeWe don't collect any info. Your tasks and habits stay private.Make It YoursAdjust focus session lengths.Choose challenges that fit your goals.Personalize your productivity style with the work and study timer .Ready To Take Control Over Your Focus? Download Focus Timer for study, work, and other purposes. Stop wasting time but control your scrolling with this screen time tracker. Set daily goals and organize yourself with this great focus keeper. Get and stay focused. Your most productive self starts right here and right now!",https://elmnts.app/,https://play.google.com/store/apps/details?id=com.focus.productivity.elmnts&hl=en&gl=US,https://play-lh.googleusercontent.com/G6_9fQhFlGew27DrFS3xUbGUVaJtj3evnSl9xpk8pY4wAb1TV5eP2Sm5j4B3x5p0hCY=w240-h480-rw,1.75,2024-03-28,2025-08-19,1.0,2025-03-10
play:org.atmana.appblocker,PlayStore,org.atmana.appblocker,app-blocker-block-apps_playstore,App Blocker- Block Apps,Atmana Tech,Kids,10000,3.7,297,3.99,34.99,$3.99 - $34.99 per item,"App Blocker is a powerful app designed to help you block distracting apps, keeping you focused on what matters most. Take control of your screen time with just one click and experience enhanced productivity.Focus on your productive task and meet the best version of you.Why Choose App Blocker?📱 Focus Sessions: Restrict access to distracting apps while you focus on what matters🚫 App Blocklist: Restrict access to time-wasting apps with our blocklist.Maximize Productivity and Digital WellbeingControl your screen time and stay focused on your goals with App Blocker’s app blocking features. Achieve lasting productivity and form habits that truly transform your digital life.Boost Study Efficiency with App BlockerApp Blocker helps students/kids improve their focus and achieve their academic goals by creating a distraction-free environment.Private & SecureYour privacy is a priority. App blocker uses secure Android Screen Time Usage data to enforce time limits without compromising your personal information. System alert window: This app uses the system alert window permission (SYSTEM_ALERT_WINDOW) to show a block window over apps selected by the users to be blocked.Ready to Transform Your Screen Time?Download App Blocker today to restrict screen time, regain control, and achieve more. Embraced focus and productivity with App Blocker!",https://www.blockerx.net,https://play.google.com/store/apps/details?id=org.atmana.appblocker&hl=en&gl=US,https://play-lh.googleusercontent.com/wAAPgkQ8YsvfQAUJpmUM9UCKMG4Au6ktRGHh8r7vNPWDFtQpKz7DmQNzel6VIXk-zO4o=w240-h480-rw,1.0.04,2025-01-20,2025-02-13,1.0,2025-03-10
ios:id505410049,AppStore,id505410049,studyplus-record-study_appstore,Studyplus - Record study,Studyplus Inc.,Education,0,4.76412,301,0.0,0.0,Free,"Study SNS ""Studyplus"" is where anyone can continue studying happily by recording study and sharing it.

Togain achievement, it is necessary for us to study continuously, however it is difficult to do so.
Study SNS ""Studyplus"" will let you record and share your study log daily to help everyone study happily and continuously.

[Features]
*Lets you record study log

[Contact]
Please give us feedback on our app from the address below.

support@studyplus.jp

[Terms of service]
Studyplus
https://www.studyplus.jp/terms
Studyplus Pro
https://www.studyplus.jp/pro_terms",https://info.studyplus.co.jp,https://apps.apple.com/us/app/studyplus-record-study/id505410049?uo=4,https://is1-ssl.mzstatic.com/image/thumb/Purple211/v4/94/d9/fb/94d9fb50-4cb6-f429-6b40-e8bd707943a6/AppIcon-production-0-0-1x_U007emarketing-0-7-0-85-220.png/512x512bb.jpg,12.19.0,2012-04-04,2025-09-29,0.0,2025-03-10
cws:lebiggkccaodkkmjeimmbogdedcpnmfb,ChromeWS,lebiggkccaodkkmjeimmbogdedcpnmfb,block-site_chromews,Block Site,Non-traderThis developer has not identified itself as a trader. For consumers in the European Union,Extension,90000,4.4,302,0.0,0.0,Free,"OverviewA customizable, password-protected website blocker and redirector.*** Block Site is now on the safer manifest v3. Please report the compatibility bugs you are experiencing. You can export the current rules to a JSON file and send it to me to investigate. *** This extension will block access to websites of your choosing. A master password controls all customization options, as well as access to any blocked site. It's also possible to redirect navigation from one specific website to another. Features: 1. Block unwanted domains. 2. Prevent access to a range of websites using wildcard matching or regular expression matching. 3. Reverse mode allows access to only some hostnames and blocks access to all others. 4. Custom redirection; you can redirect a single blocked hostname to a new destination. 5. Display a custom message on blocked pages. 6. Time and date-based blocking. Only block access to the websites at specified times and dates. This feature can be configured per hostname. 7. Protect data leakage. This extension prevents certain hostnames from gathering network activity from your computer since blocking occurs before any network request is emitted to the server. 8. Auto-closes blocked tabs after some time. 10. Closes annoying pop-ups as soon as the opening request is received. 11. Pause and resume blocking from the right-click context menu of the toolbar button. 12.",,https://chromewebstore.google.com/detail/lebiggkccaodkkmjeimmbogdedcpnmfb?hl=en,https://lh3.googleusercontent.com/diW1cvRJE4aXNNrxeGmSvcg3dWLiZrn4xTHoaLqPBG07c8QFiLez7RYNNQCpbUYXJTRFShPHLXj1mVryoH_BG5es=s128-rj-sc0x00ffffff,"UpdatedJuly 15, 2025",,,1.0,2025-03-10
play:pps.android.yoodoo,PlayStore,pps.android.yoodoo,yoodoo-adhd-daily-planner_playstore,Yoodoo: ADHD Daily Planner,Yoodoo,Kids,10000,4.1,308,1.49,89.99,$1.49 - $89.99 per item,"YOODOO - THE ADHD-FRIENDLY DAILY PLANNER & PRODUCTIVITY SYSTEMWhether you struggle with procrastination, distractions, or time blindness, Yoodoo makes planning easy. It’s more than just a to-do list—it’s your daily planner, habit tracker, focus timer, and distraction blocker in one simple, ADHD-friendly app.Hey, I’m Ross. A professional app designer with ADHD, and I built Yoodoo because I was tired of juggling five different apps just to get through one day.Nothing stuck. Everything overwhelmed me.So I made the one tool I actually use.Yoodoo is already helping 50,000+ people a day, and we’re just getting started.It’s a modern productivity system built for ADHD minds, messy lives, and the chaos of real-world days.No fluff. No friction. Just tools that move fast, evolve constantly, and actually work.This isn’t just another to-do list.It’s a system, designed for chaos, built for follow-through.A planner. A habit tracker. A focus tool. An accountability buddy - you can share your day with friends. An ADHD day-saver.All in one place.A SYSTEM THAT GETS HOW YOUR BRAIN WORKSMost planners break when life gets messy.Yoodoo was made for messy.• Dump all your tasks and ideas into simple, flexible lists• Drop them into your Timeline with visual time blocks• Tap any task to start a focus session with a built-in timer (add app blocking if needed — PRO)• Run easy-to-follow routines with subtasks and step-by-step timers• Reschedule anything you didn’t finish — automatically• Loop in a friend and send them your daily plan, right from the app• Use AI to help you start — it’ll break things down and show you the first step (PRO)WHAT YOU GET (AKA EVERYTHING I WISH EXISTED IN ONE APP)• Smart to-do lists that don’t overwhelm• Visual timeblocking — drag. drop. done.• Focus timer + app blocker (PRO)• Daily and weekly routines with timed subtasks• AI that helps you start tasks by suggesting where to begin (PRO)• Built-in accountability tools — send your daily schedule to a buddy when you want to follow through• Auto-reschedule so nothing gets lost• Habit tracker with streaks, nudges, and “you got this” energy• Calendar sync with Google Calendar (PRO)• Color themes, widgets, reminders, backups, and moreBUILT FOR ADHD — BUT WORKS FOR EVERYONEIf you’ve got ADHD, executive dysfunction, or just a busy brain — this is for you.Yoodoo gives you:• Structure when you're scattered• Focus when you're distracted• Flexibility when plans change• Momentum when you're stuck• Support when you're doing it soloWhether you're managing work, school, parenting, freelancing, or just trying to hold it together — Yoodoo helps you build your day, your way.GO PRO TO UNLOCK:• AI that helps you start, not stare — suggests subtasks & kick-off points• Calendar sync• App blocking during focus sessions• Unlimited lists, habits, routines & backups• Custom themes, early feature drops, and PRO-only experimentsWHY YOODOO WORKS (WHEN OTHER PLANNERS DON’T)Most productivity tools expect perfect habits, discipline, and clean energy.Yoodoo expects chaos — and helps you move anyway.It doesn’t just tell you what to do. It helps you do it:• Brain dump fast• Schedule visually• Focus deeply• Adapt on the fly• Stick with it — even when your brain wants to nope outREADY TO FINALLY FEEL ON TOP OF YOUR DAY?Download Yoodoo and start your free 7-Day Focus Reset.You don’t need more pressure. You just need a system that helps you start.The tools are here. The plan is yours.Let’s build your day, and actually do it.Permissions required:• Accessibility API – To block the apps you choose.We do not collect or share any personal or sensitive information provided by the Accessibility API: https://www.yoodoo.app/privacy-policy🎥 See it in action: https://www.youtube.com/shorts/ngWz-jZc3gc",https://www.yoodoo.app,https://play.google.com/store/apps/details?id=pps.android.yoodoo&hl=en&gl=US,https://play-lh.googleusercontent.com/tzFnMydxz7E44vTk5PzLOy3AnSNI11hnlzl848W4A0KFi8che1wxVfnKawPNNQ3C234=w240-h480-rw,1.0.262,2023-02-01,2025-09-09,1.0,2025-03-10
ios:id6692626981,AppStore,id6692626981,parental-control-app-kidsee_appstore,Parental Control App - Kidsee,Alenrom sp. z o.o.,Lifestyle,0,4.76051,309,0.0,0.0,Free,"Kidsee is your trusted parental control assistant.

It is an innovative app designed to keep your children safe and in control of their mobile device usage. A handy screen time tracker that helps parents see how much time their child spends playing games, in apps and on social media. Kidsee allows you to set time limits for your kids on various apps and games.

Key features:
- Monitoring Multiple Devices: Now you can track screen time and digital activity for not just one, but multiple children simultaneously. Manage all your children's devices from one parent phone by creating individual profiles for each child and setting personalized limits for each device.
- Location Tracking: Monitor your child's real-time location and view their route history to ensure their safety.
- Device Synchronization: Connect your child's devices to yours to access the information they need. Create and edit their profiles to customize settings for each child.
- Set time limits: Define time limits for phone use by day of the week to keep a balance between fun and responsibilities.
- Block apps: Block unwanted apps so your child can focus on school and other important tasks.
- Usage Statistics: View detailed app usage statistics to understand your child's digital habits. Know which apps your child is using, at what time, and for how long.
- Motivational Tasks: Create useful tasks for your child — for example, do homework, clean their room or help a younger sibling. For completing tasks, kids get extra screen time, which helps form responsible behavior and encourages good habits.
- Push notifications: Receive notifications when usage time limits are reached to stay up to date with your child's activity.

Kidsee is your trusted assistant in creating a safe and balanced digital world for kids! Installing Kidsee is an important step toward fostering responsible technology users.

Download Kidsee and provide your children with a safe digital environment!

Welcome to Kidsee!

The app offers subscriptions
- Payment for the subscription will be charged to your Apple ID account upon confirmation of purchase.  
- Subscriptions automatically renew unless auto-renewal is turned off at least 24 hours before the end of the current period.  
- Your account will be charged for renewal within 24 hours before the end of the current period, at the rate of the renewal.  
- You can manage subscriptions and turn off auto-renewal after purchase by going to the App Store account settings.  
- Subscriptions can be canceled at any time in your Apple ID settings. All prices include applicable local sales taxes.  
- If a trial period is offered, after the 3-day trial, the subscription will automatically renew at the regular rate unless canceled before the end of the 3-day trial period.  
- Any unused portion of the free trial period, if offered, will be forfeited when purchasing a subscription.

If you have any technical issues, questions, or suggestions, you can always contact Kidsee support via email: support@kidsee.app  
Privacy Policy: https://www.kidsee.app/terms-and-conditions/privacy-policy  
Terms of Use: https://www.kidsee.app/terms-and-conditions/terms-of-use",https://www.kidsee.app/,https://apps.apple.com/us/app/parental-control-app-kidsee/id6692626981?uo=4,https://is1-ssl.mzstatic.com/image/thumb/Purple211/v4/31/b1/ff/31b1ff5a-eb6e-9e22-5003-f4868a74d2b8/AppIcon-0-0-1x_U007epad-0-1-0-85-220.png/512x512bb.jpg,13.2,2024-11-16,2025-09-25,0.875,2025-03-10
ios:id6443657745,AppStore,id6443657745,bb-screen-time-app-blocker_appstore,BB - Screen Time & App Blocker,Bruno da Rocha e Silva,Productivity,0,4.86348,315,0.0,0.0,Free,"Apps like social media use powerful psychological tricks to make you unable to stay away from them for too long. Burnout Buddy blocks these apps when you don't want to use them to help you break free and heal their impact on your mental health.

* Fight social media addiction
* Reduce screen time and improve your focus
* Multiple blocking mechanisms
* Completely free for most use cases
* No account creation or shady VPNs

Burnout Buddy is stronger than your iPhone's native Screen Time controls. Designed specifically with social media addiction and unhealthy work habits in mind, it offers a wider variety of blocking mechanisms and allows you to be extremely specific regarding how access to a specific group of apps and websites should be restricted. If you already use Burnout Buddy, keep an eye out for updates that add even more blocking mechanisms and customization points!

MAIN FEATURES

* Block indefinitely
* Schedule-based blocking
* Usage-based blocking
* Location-based blocking (via Siri)
* Focus Mode-based blocking (via Siri)
* Siri-based Blocking: Build your own custom blocking conditions by integrating BB with Siri and the Shortcuts app!
* Multiple Conditions: Configure multiple blocking conditions for a single group of content for maximum control of your habits.
* Multiple Configurations: Want to block a certain group of apps under certain conditions but also another group under other conditions? No problem!
* Strict Mode: Have the bad habit of ""cheating"" app blockers by snoozing them? Strict Mode bans you from updating/deleting schemas when they're active.
* Starter Schemas: Plug-and-play configurations that cover the most common reasons people use Burnout Buddy for.
* Widgets
• Custom App Icons
* Block Uninstall
* Block Screen Customization
• Push Notifications

• • •

Try Burnout Buddy for free and start taking control of your digital habits today.

Want to know more and see what's coming next? Check out BB at https://burnoutbuddy.io!
Questions or feedback? You can reach out to us on Twitter at @BurnoutBuddy.",https://burnoutbuddy.io,https://apps.apple.com/us/app/bb-screen-time-app-blocker/id6443657745?uo=4,https://is1-ssl.mzstatic.com/image/thumb/Purple221/v4/46/f7/fb/46f7fb3f-a307-bf42-c9df-ff47e3d1794e/AppIcon-0-0-1x_U007emarketing-0-8-0-85-220.png/512x512bb.jpg,1.3.2,2022-10-13,2025-03-04,1.0,2025-03-10
ios:id1571638750,AppStore,id1571638750,blankpage-stay-focused_appstore,BlankPage - stay focused,Kiyoshi Nakamura,Productivity,0,4.47634,317,0.0,50.0,Free,"By entering the URL of a site you don't want to see into BlankPage, you can prohibit access from Safari.
By blocking sites that interfere with your work, you can concentrate on what you need to do.

You can also use the schedule feature to block sites only when you want to concentrate on your work.

Another way to use this feature is to prohibit access to all sites during the time when you normally go to bed.
This can prevent you from surfing the net before going to bed and staying up late.

By using BlankPage, we hope to help you finish the work you need to do faster and gain more free time.",https://liberty-5f784.web.app,https://apps.apple.com/us/app/blankpage-stay-focused/id1571638750?uo=4,https://is1-ssl.mzstatic.com/image/thumb/Purple221/v4/dc/fe/ae/dcfeae11-7497-dbe1-2f69-60dd52383495/AppIcon-0-0-1x_U007emarketing-0-8-0-85-220.png/512x512bb.jpg,1.9.0,2021-12-06,2025-09-17,0.5,2025-03-10
play:io.zario,PlayStore,io.zario,zario-track-limit-app-usage_playstore,Zario: Track & Limit App Usage,"Zario: Track, Limit App Usage Cold Turkey Appdetox",Kids,10000,4.1,359,1.99,299.99,$1.99 - $299.99 per item,"Zario is your ultimate solution to track app usage, limit screen time, and improve your digital wellbeing. Trusted by thousands, Zario helps you regain self-control, supercharge your motivation, and boost productivity by focusing on what truly matters.Key Benefits:Cold Turkey Mode: Enforce strong limits and break phone addiction instantly with our cold turkey feature. Employ the appdetox tools to run effective cold turkey sessions.Achieve a Dopamine Detox: Practice a dopamine detox and break phone addiction. Experiment with dopamine detox through our innovative app limiter and force close app features.Track and Limit App Usage: Track app usage and gain insights with our app usage tracker. Set custom limits to effectively limit app usage.Select and Track Distracting Apps: Pinpoint your most distracting apps and track your screen time.Mindful Pause: A short mindful pause before opening distracting apps helps you reconsider if you really need to use them.Custom Screen Time Limits: Set personalized screen time limits for your distracting apps and monitor it throughout the day.Create Focus Schedules: Design specific focus schedules where opening distracting apps becomes more difficult. Our keep me out app feature ensures important tasks are not disrupted.Focus Timer: Block all apps during crucial periods to ensure you stay productive. The app limiter with cold turkey mode provides the ultimate focus.Force Close Distracting Apps: Boost productivity by using our focus timer and limit app usage for distractions. Employ the force close app tools to effectively minimize distractions and enhance productivity.Transform Digital Wellbeing: Overcome procrastination with enhanced focus and mindfulness using our app limiter. Use our appdetox feature to maintain healthy usage.Awards:Voted Best Mobile Apps for Good on Google Play Store#1 App of the Day on Product HuntProven Results: A research project at Maastricht University has shown Zario is significantly more effective at reducing screen time and improving digital wellbeing compared to standard digital detox methods.Features:📱 Custom App Limits: Set personalized goals to track app usage and minimize distractions. Keep a close watch on your habits to understand and manage your digital wellness. Track app usage patterns and limit app usage effectively.🔋 Focus Timer: Enhance productivity by closing and blocking distracting apps. Ideal for those needing a keep me out app solution. Try our app limiter to act as a reliable keep me out app, using the force close app feature to block distractions.📈 App Usage Insights: Analyze your phone habits and optimize your screen time. Track app usage patterns and identify areas for improvement to limit app usage effectively.🌱 Mindful Pause and Schedule: Use the mindful pause feature to reconsider unnecessary app usage and create effective focus schedules. Our appdetox and cold turkey tools make sure you stay disciplined.⏳ Session Timers: Manage time effectively by setting limits and enforcing force close app sessions. Monitor your usage and use the force close app sessions to stay focused. The app limiter ensures essential tasks receive your full attention.Join the Zario Community:⭐️ 5-Star Ratings: Your feedback fuels our mission to help more users like you limit app usage and improve digital wellbeing. Rate us on Google Play!User Testimonials:""Zario helped me be more focused and limit bad app usage!"" - Alissa""I never thought changing my bad social media habits could be so easy."" - Mark""I loved the dopamine detox feature!"" - MelissaReady to break phone addiction and embark on a motivational journey?Get Zario today and take the first step towards a happier, more focused you. Break phone addiction more effectively with appdetox, dopamine detox, and cold turkey sessions.",https://meetzario.com,https://play.google.com/store/apps/details?id=io.zario&hl=en&gl=US,https://play-lh.googleusercontent.com/NKziqinun2JI4uhl8SLrPDnIQvEP2vr-BROrxUKek_og7uLCcHEBIY4L48UAIxoN-YlM=w240-h480-rw,3.2.9.2,2022-03-14,2025-01-28,1.0,2025-03-10
cws:eoagmdboiealblmpaahjlhajggndaahi,ChromeWS,eoagmdboiealblmpaahjlhajggndaahi,productivity-owl_chromews,Productivity Owl,TraderThis developer has identified itself as a trader per the definition from the European Union and committed to only offer products or services that comply with EU laws.,Productivity Owl,6000,4.0,374,0.0,0.0,Free,"OverviewWant to be productive? Let the Productivity Owl guide you to accomplishment.*** WARNING: This extension is very annoying. The owl is flying across your pages, annoying you, criticizing you, giving you psychological exercises, and closing your tabs. If you are not serious about being productive, this extension may not be for you.*** August 2025 - Upgraded to Manifest Version 3.0 ================================================================= Do you need a new boss when working from home? Meet the Productivity Owl. The owl is very strict. He will berate and mock you. You'll be forced to complete tasks to earn break time. If you do consistent work, use the timeboxing scheduler for work/vacation, and complete the owl's psychological exercises then you might be able to earn the owl's respect. Just like the first version, the owl has 3 types of websites: Allowed, Blocked and Countdown. If a website is not on the allowed/blocked lists, you'll get a certain amount of time to get the information you need before the owl closes the tab. You can still use the scheduler to schedule free-time, and now you can also schedule work time. Version 2.0 introduced a task manager, and you get rewarded break minutes for each task you complete. There are also psychological interventions and browsing statistics in this version. Although it is technically possible to earn the owl's respect - it's highly unlikely. The owl is very judgmental. It may take years before anyone earns the owl's ""ultimate respect."" Of course if you uninstall the extension or disable it, all respect is lost. *************** APACHE 2.0 LICENSE OPEN SOURCE *************** Since this extension is on every webpage you visit, I wanted to let everyone know there are NO TRACKERS or DATA COLLECTORS in the owl. The owl is 100% open source. You can view the source code on Github: https://github.com/mrieck/productivityowl *Thanks to everyone who has been using the Productivity Owl over the years. He's been helping me be productive for the last 15 years. Hope he can help you too.See less",,https://chromewebstore.google.com/detail/eoagmdboiealblmpaahjlhajggndaahi?hl=en,https://lh3.googleusercontent.com/xK30Tlz_Uu9TfiuJXkM5t5mwTltG7L77QcrartGh-bvuGxcZAy-MRZPtwyFzf7kHz5hnESZHI92Iat2BFOn2fu2WRg=s128-rj-sc0x00ffffff,"UpdatedAugust 10, 2025",,,1.0,2025-03-10
ios:id1624890673,AppStore,id1624890673,adhd-lifehacks-for-adults-pro_appstore,ADHD Lifehacks For Adults Pro,"Mindist, Inc.",Health & Fitness,0,4.46316,475,0.0,59.99,Free,"1 ADHD tip/day. Simple as that. No overwhelming distraction.

Reddit user went through 700 Reddit comments and collected ADHD pro-tips. And we created an app because love it. 

u/beatadhd:
""So there was that awesome Reddit thread with a bunch of ADHD'ers sharing real tips that have changed their life.
I thought it was a great change from most advice on the internet which is written by non-ADHD'ers (and it's painfully obvious that it is).
I read through the 700+ comments and paraphrased, merged, and categorized all the tips.

The 131 tips are split into the following categories:
- General
- Cleaning
- Memory
- Time Blindness
- Distractions
- Getting Things Done
- Emotional Dysregulation
- Sleep
- Relationships
- Work
- School
- Executive Function
- Nutrition/Medication
""

More coming soon
- What is the best organizer, planner, timer, and tracker to use? 
- Tips for family and kids
- ADHD Test",https://numo.so,https://apps.apple.com/us/app/adhd-lifehacks-for-adults-pro/id1624890673?uo=4,https://is1-ssl.mzstatic.com/image/thumb/Purple221/v4/27/e3/e6/27e3e66c-0643-7b7a-48fb-328fa8ced1ed/AppIcon-0-0-1x_U007emarketing-0-6-0-85-220.png/512x512bb.jpg,3.1.7,2022-05-26,2025-08-09,0.375,2025-03-10
ios:id1389900237,AppStore,id1389900237,habit-tracker-productify_appstore,Habit Tracker - Productify,"DEDUCTIFY, LLC",Productivity,0,4.44123,485,0.0,0.0,Free,"- 2025 BEST HABIT TRACKER APP! -

Transform your routine with the Productify - Habit Tracker app, the ultimate tool to effortlessly track and improve your habits.

- Why ""Productify"" Feels Like Home. We get it.
Building habits and hitting goals isn’t just about checking boxes, it’s about creating a life you love. That’s why PhiFlow is designed to feel personal, encouraging, and uniquely yours. Here’s what makes us stand out:

● Goals That Light You Up
Set specific, measurable goals like “Walk 12,000 steps daily,” “Drink 8 glasses of water,” or “Meditate for 10 minutes.” PhiFlow tracks your progress and celebrates every milestone to keep you motivated.

● Intuitive Progress Tracking
Watch your streaks and goals grow with our vibrant, easy-to-read stats. Celebrate every step forward, from daily wins to monthly milestones, with visuals that spark joy.

● Your AI Progress Coach
Meet your virtual accountability partner! Our AI Progress Analyser Coach offers tailored insights, celebrates your wins (big or small!), and nudges you with personalized tips to keep you on track. Think of it as a friend who’s always rooting for you.

● Robust Data Privacy
Your data stays only on your phone. PhiFlow stores all your habits, goals, moods, and progress locally on your device—no iCloud, no servers, no sharing. Your journey is yours alone, and we keep it that way.

● Predefined & Custom Habits
Jump in with ready-to-go habits like “Walk 12,000 steps” or ”Meditate for 5 minutes” or create your own, like “Call My Friend every Sunday.” Your goals, your way.

● Live Activity Support
Track habits and goals in real-time with iOS Live Activities.
Start a timer for your yoga session or monitor your step count right on your lock screen.

● Mood Tracker for a Happier You
Your habits, goals, and emotions go hand in hand. Log your mood alongside your progress to uncover patterns and boost your well-being. Feeling energized after crushing your 12,000-step goal? We’ll help you see why!

● Widgets for Instant Motivation
Stay connected to your habits and goals with customizable home and lock screen widgets. Glance at your iPhone to see your step count, streak progress, or next habit reminder—no need to open the app!

● Apple Watch Companion
Take PhiFlow on the go with seamless Apple Watch integration. Track your habits, monitor your 12,000-step goal, or start a timer right from your wrist. Perfect for staying on top of your routine during a busy day.

● Ad-Free, Distraction-Free Zone
No annoying ads here, just a clean, focused space to help you stay in the zone and make progress that matters.

● Smart Scheduling
From daily check-ins to monthly overviews, our detailed statistics and streak tracking give you a clear picture of your growth.

● Data Export Made
Simple Save your progress as a CSV file to reflect on your journey or share it with a coach or friend.


-- Premium Subscription --

Unlock the full potential of Habit Tracker with a Premium Subscription, including:

● Unlimited Habits
Create as many habits as you need.

● CSV Export
Back up your habit data in CSV format for easy access.

● Extra Reminders
Set multiple reminders per habit for enhanced flexibility.

● Passcode lock
Secure your data with a passcode for added privacy.

Apple Health Integration (Optional)
Habit Tracker offers optional integration with Apple Health to track activities like walking, running, push-ups, biking, or exercise time. Data remains secure on your device and is never shared externally. Access to Health data is only required if you enable this feature.

- Terms of use: https://docs.google.com/document/d/1ri9tRzQbrfe8HPLds1NAoIZhasJJuPBi19X8pfGYXdg
- Privacy policy: https://docs.google.com/document/d/17QmrQKYYz2WasbGYevM4cILrR2oePCeHppHUJnieHhI",http://deductify.org/blogs.html,https://apps.apple.com/us/app/habit-tracker-productify/id1389900237?uo=4,https://is1-ssl.mzstatic.com/image/thumb/Purple211/v4/2d/c8/3b/2dc83b76-e056-04e8-62e4-de8690a81327/AppIcon-0-0-1x_U007emarketing-0-11-0-85-220.png/512x512bb.jpg,5.27.9,2018-06-26,2025-02-10,1.0,2025-03-10
ios:id719462746,AppStore,id719462746,flat-tomato-time-management_appstore,Flat Tomato (Time Management),健 卜,Productivity,0,4.59999,520,0.0,0.0,Free,"Flat Tomato is an application for time management, to help people improving productivity by keeping away from distraction and tracking the time spends on each activities. It has Launched App Store featured page as Editors Choice hundred of times and Top 10 productivity app in different territories. Over 1,000,000 users' choice.

Mac OSX version with full task management and statistics features is available on Mac App Store.

Support connect to Todoist, Evernote.
Apple Watch Complications. 

The growth of Flat Tomato is also dependent on users’ feedback.  
If you need any support please contact support@flattomato.com and follow.
Bug reports and feature ideas are always welcome! 

Terms of Service
https://www.flattomato.com/document/eula.html",https://vimeo.com/231567785,https://apps.apple.com/us/app/flat-tomato-time-management/id719462746?uo=4,https://is1-ssl.mzstatic.com/image/thumb/Purple122/v4/a5/8d/30/a58d3035-6c05-d4d9-db72-e298a9250c1d/AppIcon-1-0-0-1x_U007emarketing-0-0-0-10-0-0-sRGB-0-0-0-GLES2_U002c0-512MB-85-220-0-0.png/512x512bb.jpg,18,2013-10-18,2022-01-07,0.5,2025-03-10
play:tech.miidii.offscreen_android,PlayStore,tech.miidii.offscreen_android,offscreen-less-screen-time_playstore,OffScreen - Less Screen Time,Miidii Tech,Kids,100000,3.4,555,2.99,2.99,$2.99 per item,"OffScreen helps you track phone usage and keeps you stay focus. With OffScreen, you can:- Track screen time• Set up your screen time goal, get daily insight.• See screen time activities: Pickups, Checking Every, Walking Life, Stationary Life, Last Pickup, First Pickup, Best Break and Sleep Time• Read sleep data from Health app- Focus Mode• Supports three modes: pomodoro, countdown and time accumulation• Support lock screen and flip screen focus• If you need to use your phone to look up a dictionary or use other applications during the concentration process, you can set a concentration app whitelist• Categories your focus sessions by tag• Pause at any time when you need the phone to help you study or search while you're in focus mode- Visualize and share your data.• View data in week/month/year view.• Well-designed share card is ready for you.- Breaking digital detox challenges• Screen time challenge• Pick up challenge• Sleep challenge",http://www.miidii.tech/,https://play.google.com/store/apps/details?id=tech.miidii.offscreen_android&hl=en&gl=US,https://play-lh.googleusercontent.com/z2yoGUB9ePT7pg6XN4hOzY1NOM55afpZfTGt6Whm2BV3h7v5sBaYd_sMq0IQU2VkW9Q=w240-h480-rw,1.2.2,2021-12-01,2024-08-27,0.75,2025-03-10
play:org.leadmenot,PlayStore,org.leadmenot,leadmenot-app-porn-blocker_playstore,LeadMeNot: App & Porn Blocker,"CJ2 Solutions, LLC",Kids,100000,4.0,625,4.99,899.99,$4.99 - $899.99 per item,"Discover a new era of digital wellness with LeadMeNot, your partner in fighting destructive digital habits. Blending accountability, introspection, and deep personalization, LeadMeNot is more than just a website blocker or porn blocker—it's a path to digital freedom. Whether you're looking to block websites, app block, or manage screen time control, LeadMeNot has you covered.Choose between automated blocking or human accountability for the support that meets your needs, whether it's to stay focused or quit porn.Current use cases address Unwanted Sexual Behavior (e.g., quit porn, explicit or implicit sexual content) & Unhealthy Digital Usage (e.g., social media overuse) with comprehensive parental control and screen time blocker features.How LeadMeNot WorksBlock or Monitor: Set boundaries with our automated blocker and get real-time alerts sent to you and your accountability partner(s). Set either Standard Rules or Custom Rules.Standard Rules: We maintain a standard set of keywords and websites for the Unwanted Sexual Behavior use case to either be Blocked or Monitored or both.Customizable Trigger Rules: Define the apps, websites, or activities that pose challenges. For example, ""No more than 30 minutes on Facebook"" will either Block Facebook, or send an alert to your Accountability Partner(s).Parental Control: Become an accountability partner on your child's devices and receive alerts whenever they cross pre-set digital boundariesPrivacy Matters: Maintain control with exclusions and secure data handling.Self-Reflection for Growth: Daily journaling prompts help you understand your journey.FeaturesBlocker/Filter to prevent you from going beyond your digital boundaries.* Customize real-time alerts for personalized intervention.* Partner with accountability allies on your journey to digital wellness.* Enhance self-awareness with reflection and journaling.* Protect sensitive data with encrypted transfers and selective monitoring.* Enjoy seamless support across unlimited Android devices.* Access comprehensive support (online, email, chat, phone).* Online, email, chat, and phone support for technical questions (845-596-8229)Permissions and Technical detailsLeadMeNot makes use of the following permissions for key functionality:Accessibility ServicesLeadMeNot uses the Accessibility Services permission. This allows us to record activity on your device including the names and titles of apps used, as well as in-app activity. We will either block this activity if you activated the Blocker functionality, and/or share these details with your selected Monitoring with accountability partners when your digital boundaries are crossed. You can choose to exclude specific apps and websites from having their activity collected.Device AdministratorLeadMeNot uses the Device Administrator permission to ensure that the app is not bypassed or disabled. We don't use this for anything else.",http://leadmenot.org,https://play.google.com/store/apps/details?id=org.leadmenot&hl=en&gl=US,https://play-lh.googleusercontent.com/uALiTjBGtBeJe6azMDhYNp5mR0XMyw6V6r8v4htow7s8M29O2VQI4Kbf4YQYQZXdL0vi=w240-h480-rw,1.1.22,2021-02-18,2025-09-13,1.0,2025-03-10
ios:id1292587933,AppStore,id1292587933,lojong-meditation-relax_appstore,Lojong: Meditation & Relax,"UNISOLLUS CONSULTORIA, LDA",Health & Fitness,0,4.95097,673,0.0,0.0,Free,"• Learn how to meditate with hundreds of guided practices
• Reduce anxiety and improve your daily life
• Mindfulness for relaxation and stress-reduction
• Animated videos about meditation
• Cultivate Emotional Intelligence and Balance
• Track your journey with statistics and a meditation log
• Hundreds of inspirational quotes

Meet the Lojong app! Learn how to meditate, relax and cultivate genuine happiness with just a few minutes per day. Get access to hundreds of practices that can bring countless benefits, such as:

• Relief from anxiety
• Stress management
• More focus, concentration and productivity
• Better relationships
• Improve your sleep quality, with good sleep
• Happiness
• Gratitude
• Less anger
• More calmness
• Relaxing the mind

These practices are intended to develop mindfulness, concentration, focus, compassion and gradually help us reduce the impact of stress, insomnia and anxiety.

Join thousands of people who are getting better sleep, feeling less stress and anxiety and more happiness with our guided meditations practices and mind-trainings.

The Sleep Well program features a variety of meditations designed to improve sleep quality, as well as ambient sounds that will help you relax and sleep better. After a difficult day we all want to go to bed and have a restful night of sleep.

Lojong is the perfect mindfulness app for beginners, helps you stay resilient during tough times. Try the app for exercises to help control anxiety, relieve stress, improve focus and sleep, and live a happier, calmer and more focused life.

By downloading the app, you get free access to:
• Gratitude journal
• Several mind-training programs
• Free relaxation meditation
• Guided gratitude meditation
• Free soothing meditation
• Guided loving-kindness meditation
• Free body scan meditation
• Free meditation in English
• And much more!

You can also support us and become a Premium user to get full access to:
• Hundreds of guided meditation practices
• Download the practices and listen offline
• Create a playlist of your favorite meditations
• Several mind-training programs
• You will also be helping people who can't afford a subscription get free access to Lojong Premium
• Anxiety and stress reduction program
• Program to increase calmness, focus and concentration

Lojong is recommended and developed with love and compassion by instructors, therapists and mental health experts in order to benefit as many people as possible.

* App compatible with Apple Health Kit.

Privacy Policy and Terms of Use: https://lojongapp.com/privacy/",https://lojongapp.com,https://apps.apple.com/us/app/lojong-meditation-relax/id1292587933?uo=4,https://is1-ssl.mzstatic.com/image/thumb/Purple221/v4/bf/e6/22/bfe622f7-4c69-fd5f-1add-27a3e28f4324/AppIcon-0-0-1x_U007emarketing-0-8-0-85-220.png/512x512bb.jpg,6.7.4,2018-03-20,2025-09-19,0.75,2025-03-10
play:app.stacked.routines.habits.stacking.productivity.goals,PlayStore,app.stacked.routines.habits.stacking.productivity.goals,stacked-routine-stack-habits_playstore,"Stacked: Routine, Stack Habits",Tip Tap Apps,Kids,10000,4.6,778,3.99,29.99,$3.99 - $29.99 per item,"Transform your productivity and stay on track with Stacked, the all-in-one habit tracker and task manager designed to help you build powerful daily routines. Whether you’re focusing on self-improvement, establishing new habits, or just wanting a more organized to-do list, Stacked gives you the structure and motivation you need to reach your goals.Key Features	1.	Create Routines with Ease	•	Combine tasks and habits into customized routines, perfect for morning rituals, fitness plans, study sessions, or healthy lifestyle changes.	2.	Step-by-Step Guidance	•	Start your routine with a single tap. Let Stacked guide you through each step with clear instructions and timed tasks to keep you on schedule.	3.	Habits & Tasks in One App	•	Track everything in one place—daily chores, recurring habits, personal growth goals, or work deadlines. Stay organized and never miss a thing.	4.	Flexible Task Types	•	Easily add simple tasks or set up timed tasks to boost concentration and prevent procrastination. Tailor each task to match your workflow.	5.	Powerful Progress Tracking	•	Check off completed items in real-time and watch your progress grow. Stay motivated by celebrating small wins on the path to bigger achievements.	6.	Custom Notifications & Reminders	•	Get smart reminders for upcoming tasks or habits. Stay focused and effortlessly manage your to-do list without missing important deadlines.	7.	Built-in Habit Stacking Technique	•	Apply the proven habit stacking method: link new habits to existing routines and watch consistency become second nature.	8.	User-Friendly Interface	•	Intuitive design makes it easy for anyone to get started. Seamless navigation helps you organize routines with zero hassle.Why Choose Stacked?	•	Boost Productivity: Focus on what matters most by creating structured routines.	•	Enhance Time Management: Timed tasks help you stay on track and meet goals.	•	Foster Healthy Habits: Track progress in real-time and watch your success grow.	•	All-in-One Planner: Tasks, habits, and routines in one place—say goodbye to juggling multiple apps.	•	Stay Motivated: In-app reminders and progress tracking keep you moving forward.Break free from cluttered to-do lists and scattered habit trackers. With Stacked, you’ll discover an easier way to stay organized, prioritize your tasks, and build habits that last. Download now and take the first step toward a more productive, balanced, and fulfilling life!",https://heystacked.app/,https://play.google.com/store/apps/details?id=app.stacked.routines.habits.stacking.productivity.goals&hl=en&gl=US,https://play-lh.googleusercontent.com/3mENUsxKi1TD3MmaXLFg0BWovwoVYq7p65WeeM6BqWtZ4S9yahuY1Vjuo1QbnE4uD0M=w240-h480-rw,1.0.4,2025-07-01,2025-08-21,1.0,2025-03-10
play:com.gravitywell.adhdlove,PlayStore,com.gravitywell.adhdlove,dubbii-the-body-doubling-app_playstore,dubbii: the body doubling app,ADHD Love,Kids,100000,4.6,798,5.99,35.99,$5.99 - $35.99 per item,"Tackle difficult, mundane tasks with fun, friendly support at any time!dubbii has helped over 300,000 people with household chores, self care routines, admin tasks, and more. Having somebody body double you alongside any tricky or daunting job can really help, especially if you have ADHD. We’ve taken the most requested tasks and created videos to help get you started and finished, working alongside as your body doubles.LIVE BODY DOUBLING• We host daily live body-doubling sessions to keep you focused and on-task• Join our community of body-doublers for a productive power-hour every weekday• Get motivated, stay focused and inspire othersBODY DOUBLING• Follow along with videos of Rich & Rox from ADHD Love• Tackle loads of tasks, with more being constantly added• Break down everyday tasks into micro-steps to reduce overwhelmNUDGES• Schedule one-off and recurring prompts to remember to tackle those daily tasks at the right moment• Pick nudges for dubbii tasks or create your own• Tick off nudges on your personal to-do list• PDA mode - demand avoidant? Whatever you do, don’t tap that button!BADGES• Collect awards to see your progress over time• Missed a day? No worries - streaks never reset. We all need a break sometimes!• Share your badges online and be part of the global #dubclubFREE PREVIEW• Choose one from any of the available tasks to try out body doubling with Rich & Rox for free• Create unlimited nudges to help you organise your tasks - whenever you need themWHAT'S INCLUDEDdubbii subscribers can access the full list of tasks, body doubling sessions, create unlimited nudges, and track your progress to unlock badges by purchasing a dubbii subscription. We believe in avoiding the ADHD tax that comes from setting up payments and only remembering when the time comes to renew. Annual subscribers will be reminded ahead of their automatic renewal date and, if you haven’t used the app for a while, we’ll ask in advance if you still want to keep it active.TASK LISTBedroom• Making the bed• Changing the sheetsCleaning • Kitchen clean• Bathroom clean• Bedroom clean• Lounge cleanKitchen• Unloading the dishwasher• Washing the dishes• Taking the bins outSelf care• Starting your day• Bedtime routine• Teeth cleaning• Showering• Breathing exercisesDecluttering• “Room of doom” clearout• Clearing doom piles• Sorting your wardrobeAdmin• Paying bills• Replying to a text• Making a phone call• Post & paperwork• Email clearanceStudying• Preparing your workspace• StudyingHoliday• Packing• Unpacking",https://www.dubbii.app/,https://play.google.com/store/apps/details?id=com.gravitywell.adhdlove&hl=en&gl=US,https://play-lh.googleusercontent.com/OJm9WwUigNTxLgxHfqN7qA0v9nzk018t1xM_EuGwZwsXhyCbu60K4fJhhly8AlSPAphd=w240-h480-rw,1.50.0,2023-04-10,2025-04-09,0.25,2025-03-10
ios:id875252906,AppStore,id875252906,secureteen-parental-control_appstore,SecureTeen Parental Control,Infoweise Pty. Ltd.,Lifestyle,0,4.24376,841,0.0,0.0,Free,"Is it your child’ internet safety that keeps you on your toes? Are you looking for a parental control app to limit the screen time of your child? Then SecureTeen is your all-in-one solution to protect your kids from dangers of the digital age. With SecureTeen Parental Control app, you can keep an eye on your child’s online activities, manage their screen time through device schedules and stay one step ahead of them through location alerts.
Adolescence is a time when kids first become obsessed with the virtual world and absorb almost all the things that they learn there instantaneously. If they’re not protected from the pitfalls of digital space, then it can lead to serious complications and huge problems.
SecureTeen web control filters all the bad content across Safari and all other major browsers so that your kids can absorb only the good content found online.
Using SecureTeen parental control app, parents can configure and set rules for child devices as well, in case their children are using them other than the iOS devices. 
This parenting app also lets parents set time limits the on-screen time of children so that they can develop social skills and pay attention to other important things like homework, sports, etc. 
Here’s how SecureTeen delivers such amazing results: -
-Stay in the know about your child’s online activities 24/7 through SecureTeen web control
- Easily set a device schedule to control screen time 
-- Use Secureteen time scheduling feature to set a timer that lets you set a daily time limit on mobile and tablet usage.
-SecureTeen parental control app allows parents to track their kids’ movements and remain aware of their whereabouts, thus being able to get to them immediately in emergency situations
- Track all Facebook activity and get alerts for suspicious friends & posts with SecureTeen
-Take advantage of SecureTeen’s built-in categories for an extra blanket of security against disgusting online content
-SecureTeen offers keyword-based blocking which can help you shut harmful online content out completely. Use this along with white/black lists to keep your child secure
-Web history logs are created constantly so that parents can keep an eye on what their child is doing online
-Parents can use remote control options to not only keep their child safe but also enhance their device’s protection
-Once you install SecureTeen on your child’s device you will never have to bother them for it ever again. All the information and details gathered by SecureTeen are available for your perusal through an online dashboard
SecureTeen aims to facilitate parents in keeping their children safe with minimal supervision. The internet is the way of the future, and this app is the best choice you have to tackle these dangers.
You can remotely manage SecureTeen at any time by logging into your online dashboard at http://www.secureteen.com/login
Need help? Please call our Toll Free number 1-310-409-0451 or visit the support page at http://support.secureteen.com/
- 07-days free trial - free of charge; no commitment; cancel anytime
- Payment will be charged to iTunes Account at confirmation of purchase
- Subscription automatically renews unless auto-renew is turned off at least 24-hours before the end of the period
- Length of subscription:  one year.
- The account will be charged for renewal within 24-hours prior to the end of the current period, and identify the cost of the renewal
- Price of subscription:  one year - $49.99.
- Subscriptions may be managed by the user and auto-renewal may be turned off by going to the user's Account Settings after purchase
- Any unused portion of a free trial period, if offered, will be forfeited when the user purchases a subscription to that publication.
https://www.secureteen.com/privacy-policy.php
https://www.secureteen.com/terms-and-conditions.php",http://www.secureteen.com,https://apps.apple.com/us/app/secureteen-parental-control/id875252906?uo=4,https://is1-ssl.mzstatic.com/image/thumb/Purple211/v4/64/fb/fb/64fbfbcf-c2b1-e889-7141-73f73a9d0f27/AppIcon-0-1x_U007emarketing-0-7-0-85-220-0.png/512x512bb.jpg,273.1,2014-05-17,2024-12-17,0.875,2025-03-10
play:com.wallhabit.app,PlayStore,com.wallhabit.app,wallhabit-block-shorts-reels_playstore,WallHabit Block Shorts & Reels,Stomper,Kids,50000,4.6,850,1.99,59.99,$1.99 - $59.99 per item,"An app that blocks shorts and reels or entire applications, and serves as a commitment device allowing you to rid yourself of bad digital habits and be much more productive in just a few seconds:Welcome to WallHabit, the app designed to help you avoid distractions and use technology more intentionally. Do you ever find yourself mindlessly scrolling through apps, losing track of time? WallHabit challenges you to think before unlocking distracting apps.The Challenge:To unlock the app, you just need to hold down a button for a few seconds. This simple task makes you stop and think if using the app is really necessary. WallHabit encourages you to be more aware of your digital habits, helping you build a healthier relationship with technology.With WallHabit, you'll get things done: studying, sleeping at the right hour, and working will become easier in a matter of seconds. Join our community of users who have discovered how WallHabit can transform their daily routines.Why does WallHabit work?WallHabit works by using psychology to help you use technology more mindfully. Its unique feature, where you need to do something physical to unlock apps, is like a reminder to think before you use them. This is based on research showing that when there's a physical barrier, people pause and think more about what they're doing. It's called a ""commitment device,"" which means it helps you stick to your goals and resist temptations. Also, WallHabit can block certain parts of apps, like reels and shorts, to help you stay focused. The app is designed to be easy to use, so it can help you have a healthier relationship with technology.Why Install WallHabit?- 🚫 Stop Endless Scrolling: Say goodbye to wasting time endlessly scrolling through apps.- 🛑 Block Distractions: Block addictive features like reels and shorts, so you can focus on what's important.- 📱Use Social Media Wisely: Block only the parts of social media that distract you, while staying connected.- 📚 Improve Study Quality: Avoid doomscrolling and distractions during study time, leading to better concentration and learning outcomes.- 😴 Enhance Sleep Quality: WallHabit prevents those nights where you stay awake scrolling through your phone, ensuring you get the rest you need for a productive day ahead.App's key features:1. Customizable Challenge: Set your own unlock duration by holding down the button, making it a personalized experience to unlock distracting apps.2. Selective Blocking: Block specific distracting features within apps, allowing you to focus on what matters most.3. One-Time Setup: Set up WallHabit once and let it work in the background, eliminating the need for constant adjustments.4. Enhanced Habit Stickiness: Enjoy additional protection features that reinforce your habits, helping you stay on track with your goals.🎉 Join the WallHabit movement and see real changes fast. Say goodbye to distractions and hello to a more focused and intentional you. Your journey to a healthier digital life starts now! 🌟Join our community to share this journey and support each other along the way. Let's make positive changes and thrive together! 🌐Important permissions requested by the app:1. Accessibility Service (BIND_ACCESSIBILITY_SERVICE): This permission is used to block certain parts of applications, such as shorts or reels.",https://wallhabit.com/,https://play.google.com/store/apps/details?id=com.wallhabit.app&hl=en&gl=US,https://play-lh.googleusercontent.com/sDo7nEpEKT2rJspv3NLpU5f5nUPWnAAGZIeR4SDJQwJgPye4aY4zStyx-JixXi6gGQJu=w240-h480-rw,1.3.3,2024-03-31,2025-09-15,1.0,2025-03-10
ios:id1435127190,AppStore,id1435127190,flip-focus-timer-for-study_appstore,FLIP - Focus Timer for Study,Rinasoft Inc.,Education,0,4.52564,858,0.0,0.0,Free,"***Best study time management app recognized by users***
***FLIP can improve your study habits in a short period!***
 
Flip your phone over to measure your study time!
Need to Focus? Get FLIP now!
 
If you can't pay attention to your study, read, or work, use FLIP!
 
Focus level measure timer, FLIP!
 
 
■ Global Study Group : FLIP ZONE ■
You can meet study mates from all over the world!
Make friends and achieve your dream goal together!
 
 
 
- Does your smartphone disturb your study?
Don't worry!
With 'FLIP', make your own study goal and level up your focus.
 
- Accurate Time Measurement
You can measure your study time accurately by flipping your phone over.
 
- Do you want to know your Focus Level?
Studying long hours doesn't mean you have good concentration!
FLIP improves your concentration.
 
- Real-time study : LIVE!
How many people are studying now? Check out Live from measuring screen!
You can see who's studying in real time!
 
- Easy sharing of SNS
Organize your study time in dail, weekly, or monthly, and share on Facebook, Instagram and others with just one button!
 
- School Ranking
Register school in your profile, and check out the ranking of your school!
 
- Statistics
Check your weekly and monthly study time as well as today's.
 
- Timeline
The timeline shows you the goals you've measured today in chronological order.
 
- Timetable
Use the Timetable to automatically summarize today's measured goals!
You can see all of today's measured goals at a glance.
 
- Daily Report
FLIP shows you the details of your daily study.
 
- D-day
Set your D-Day!
You can see easily how many days are left before your due date.
 
- Study Schedule
Register your school timetable or your own study rountine!
 
- Global board; The FLIP TALK!
Talk with friends around the globe;
You can share your stories, encourage each other, and study together!

**FLIP Premium Service Ugrade**
- All functions unlimited (goals, groups, to-do lists, d-days, study schedules, themes, etc.)
- Timetable
- Weekly/Monthly Report
- Backup/Restore

Note: If you subscribe via Apple, payment will be charged to App Store Account at confirmation of purchase. Subscription automatically renews unless auto-renew is turned off at least 24 hours before the end of the current period. Account will be charged for renewal within 24 hours prior to the end of the current period at the rate of the selected plan. Subscriptions and auto-renewal may be managed by going to Account Settings after purchase.

Subscription Price(Based on USD) : Monthly ($0.99) / 6 Months ($4.99) / Yearly ($8.99)

EULA : https://www.apple.com/legal/internet-services/itunes/dev/stdeula/
Terms and Conditions : https://www.flipfocus.co.kr/etc/termsOfUse_EN.html?OSType=I
Privacy Policy : https://www.flipfocus.co.kr/etc/privacy_EN.html
 
 
FLIP uses pomodoro techniques, and determine the focus level according to the number of breaks compared to the focus duration.
When you need to focus on something, turn on the FLIP and flip your phone over!
 
Use FLIP to make smart phone even more useful.
 
--------------------
 
Contact Support
- [ FLIP > More > Help > Contact Support ]
- Email : support@rinasoft.co.kr",http://www.rinasoft.co.kr,https://apps.apple.com/us/app/flip-focus-timer-for-study/id1435127190?uo=4,https://is1-ssl.mzstatic.com/image/thumb/Purple211/v4/1e/d8/34/1ed83494-8ecd-1dd9-54a3-99877690e329/AppIcon-0-0-1x_U007emarketing-0-8-0-sRGB-85-220.png/512x512bb.jpg,1.8.22,2018-02-11,2025-09-09,1.0,2025-03-10
play:app.vinztech.tickit,PlayStore,app.vinztech.tickit,habit-tracker-tickoff_playstore,Habit Tracker - TickOff,vinztech.app,Kids,50000,4.4,859,0.99,7.99,$0.99 - $7.99 per item,"Habit TrackerLooking for a Habit Tracker App that simplifies building habits, tracking progress, and maintaining consistency? TickOff - Habit Tracker App is here to revolutionize the way you cultivate positive habits and manage your daily goals. Designed to be simple yet powerful, this Habit Tracker app offers all the tools you need to succeed, complete with a journal feature to record your journey along the way.Why Choose TickOff - Habit Tracker App?TickOff isn't just another Habit Tracker; it's your personal assistant for habit formation and self-improvement. Whether you're striving to develop a daily routine, achieve long-term goals, or stay motivated, TickOff's intuitive design and robust features make it the ideal Habit Tracker for everyone.Features Of TickOff Habit Tracker App- Simple and Intuitive to Use:TickOff is a Habit Tracker built for simplicity. Add habits effortlessly, track them daily, and stay focused on what matters most. The user-friendly interface ensures that even beginners find it easy to navigate and stick with their tracking routines.- Two Beautiful Home Screens:Choose how you view your habits! TickOff offers two stunning home screens:Streak View: Visualize your consistency with an interactive streak tracker. Stay motivated as you see your streaks grow with each completed task.List View: Organize and manage your habits in a neat list. Perfect for users who want a clean, streamlined view of their Habit Tracker progress.- Journey Logging:TickOff goes beyond basic habit tracking. With its unique journal feature, you can log your journey by adding notes and pictures for each habit. Whether it’s a milestone achieved or a reflection on your progress, TickOff keeps your memories safe and organized. All entries are displayed in an elegant timeline view, making it a one-of-a-kind Habit Tracker.- Automatic Cloud Backup:Never worry about losing your data. TickOff’s automatic cloud backup feature ensures your Habit Tracker data, journal entries, and streaks are securely stored and easily retrievable across devices.- Light Mode and Dark Mode:Customize your Habit Tracker experience with light and dark mode options. Enjoy a visually pleasing interface, whether you’re tracking habits during the day or late at night.Why a Habit Tracker Like TickOff Is EssentialA Habit Tracker is more than just a tool; it’s your partner in personal growth. By consistently tracking habits, you can:- Develop routines that lead to success.- Stay accountable and motivated.- Identify patterns in your behavior and make adjustments.- Celebrate progress, no matter how small, with visual streaks and milestones.- With TickOff, you have a Habit Tracker that goes the extra mile, offering not just tracking tools but also a personal journal to document your journey.Who Can Use TickOff - Habit Tracker App?TickOff is a versatile Habit Tracker designed for everyone:- Students: Track study sessions, assignment deadlines, and self-care habits.- Professionals: Build productivity habits, manage tasks, and track work-life balance goals.- Fitness Enthusiasts: Monitor workouts, diet, hydration, and sleep patterns.- Creative Individuals: Cultivate daily creativity, log progress, and track projects.- Everyone: From simple daily tasks to life-changing habits, TickOff adapts to your needs.How TickOff Stands Out Among Habit Tracker AppsUnlike generic Habit Tracker apps, TickOff focuses on delivering a comprehensive and customizable experience:Track habits with a clear, clutter-free interface.- Maintain your motivation with visual streaks and rewarding feedback.- Record your progress with notes and photos for a personal touch.- Access your data anytime with secure cloud backup.- Choose between light and dark modes for an optimal user experience.Download TickOff now and make habit tracking an enjoyable part of your life. Let TickOff help you tick off your goals, one habit at a time.",https://vinztech.app/tickoff,https://play.google.com/store/apps/details?id=app.vinztech.tickit&hl=en&gl=US,https://play-lh.googleusercontent.com/ULaUOon8JH3SGw4hqwoQapqNgSl0dY46FL-bISNURiwQ-xMZxH4f9eUz-C3IS4RlmQ89=w240-h480-rw,1.1.0,2024-04-12,2025-06-24,1.0,2025-03-10
ios:id1673743726,AppStore,id1673743726,unpluq-reduce-screen-time_appstore,Unpluq: Reduce Screen Time,Unplug Technology B.V.,Lifestyle,0,4.79277,859,0.0,0.0,Free,"""I have much better sleep, and slower mornings."" Sara P., Unpluq Customer
""I use the phone less during family rush hours (morning and evening), also to set a good example for them.""
“I've been present at dinner, I'm not using my phone while driving, and I'm not scrolling my phone in the middle of the night.” - Kim Trinh, Unpluq Customer
""I read an entire book on Sunday, went to hot yoga, made a mushroom and endive galette, and finished my vision board in the week since I started using Unpluq."" - Sarah S., Unpluq Customer

Unpluq helps you take control of your time, be mindful and digital detox from your phone. Turn your phone into a dumbphone when you want. By interrupting your automatic phone pickups, you'll recover time, focus, and attention by making a conscious choice to access apps. Use your phone on your terms. Unpluq customers save more than 1 hour and 26 minutes a day of screen time.* 

How does it work?
Select which apps to block, and when. If you need to access a blocked app, make a conscious choice to open it by passing through an Unpluq Distraction Barrier–a digital key that makes you think twice and ensure you really do want to open that app.

Use Unpluq to:
- Block distracting apps and notifications–by default
- Choose what times you want apps blocked
- Choose only the apps you want to block
- Unblock apps by making a conscious decision with an Unpluq distraction barrier 
- Select the distraction barrier you prefer, or go RANDOM to make it harder
- Choose how hard each distraction barrier is
- Block different apps on different schedules

Choose your distraction barrier:
- Shake your phone for some time
- Tap a random pattern of buttons
- Scroll through blank space
- Randomly pick one of the above barriers
- Scan a unique QR code
- Use your Unpluq Tag on your keychain

Block apps when you need to:
- Stay focused
- Focus during work
- Disconnect after hours
- Be present for family meals
- Avoid working on the weekends
- Study uninterrupted
- Be more mindful every day
- Sleep and rest well
- Stop phubbing
- Reduce stress
- Lower anxiety 

Use your newly recovered free time to:
- See friends
- Workout
- Side hustle
- Read books

Unpluq helps you focus on what’s important in your life, without phone distraction. No more meals with family and friends staring at your phones.

Unpluq Premium Subscription
With Unpluq Premium, you’ll save 2x as much time.
- Unlimited: block apps–as many as you like, up to 50 per schedule
- Unlimited: schedules–work schedule, weekend schedule, you decide what works best for you
- Whitelist contacts, so notifications from them always get through
- All Barriers: Use all the available barrier options, including the patented Unpluq Tag, the keyfob that keeps you focused, as well as Scrolling, Random, or QR code barriers.

Unplug Free: Available to Everyone
With Unpluq Free, get off your screen, and back into your life.
- Block 2 apps
- 1 Schedule–all the time, during work, on the weekend, or after hours–whatever time you choose
- 2 Barriers: Choose to tap buttons or shake your phone to unblock apps

The Unpluq Tag 
Do you have an Unpluq Tag? Pair your Tag with your Unpluq app anytime to save more time. The NFC powered yellow Tag fits on your keychain and works with your app. Science like Rational Override Theory shows that this physical ritual to get virtual control of your phone is the most effective way to change your screen time habits. 

*The average Unpluq customer in May 2023 saves 1 hour 22 minutes a day.

Privacy 
We care about your privacy and take steps to protect it. Unpluq does not sell or share your data–personal or not. Having our customer’s with privacy in mind and protecting them is one of our core values. See Privacy Policy: https://www.unpluq.com/privacy-policy 

Payments & Subscriptions Terms of Use
This app offers both in-app purchases as well as subscriptions. For the Terms of Use, please see https://www.apple.com/legal/internet-services/itunes/dev/stdeula/",https://www.unpluq.com,https://apps.apple.com/us/app/unpluq-reduce-screen-time/id1673743726?uo=4,https://is1-ssl.mzstatic.com/image/thumb/Purple221/v4/0d/e8/aa/0de8aa70-7155-015d-89c8-f8108cb462e2/AppIcon-0-0-1x_U007emarketing-0-10-0-sRGB-85-220.png/512x512bb.jpg,1.2.13,2023-07-04,2025-01-22,1.0,2025-03-10
ios:id1465713447,AppStore,id1465713447,declutter-the-mind-meditation_appstore,Declutter The Mind Meditation,Declutter The Mind Inc.,Health & Fitness,0,4.84068,885,0.0,0.0,Free,"Declutter The Mind offers guided meditation for mindfulness, sleep, anxiety, stress, work, and a lot more. In addition, Declutter The Mind offers 30-day courses that will teach you how to meditate, form the habit of a regular practice, and expand your mind through the teachings of mindfulness meditation.

This is all without positioning meditation as something mystical, spiritual, or supernatural for it to work for you. The science already shows that a regular meditation practice improves mental health and happiness. Let our app help you unlock these benefits without attaching it to something woo-woo.

Declutter The Mind offers a practical and easy approach to sitting down and observing the mind. With enough practice, you’ll start to have insights into your mind, how it works, and how busy it is. These insights can make you a calmer, less reactive, and happier person.

WHAT IS MEDITATION
If you want to understand the mind, sit down and observe it. Meditation is using a non-judgemental awareness to notice what thoughts, feelings, and sensations appear in consciousness. It’s about becoming aware of just how busy the mind is, and breaking away from that momentum. Buddhists call this the monkey mind, the mind that’s constantly busy and chattering, sometimes without us even fully noticing it. We can call this clutter, and this app will help you declutter the mind.

HOW IT WORKS
Meditation doesn’t require any special equipment, or crossing your legs in a particular way, or holding your fingers out. You just need a comfortable and quiet spot where you can remain undisturbed for 10 minutes. Once you’ve found your spot, choose the guided meditation that best suits your needs. If you’re unsure where to start, check out the Essentials category to find meditations for beginners. Choose the session, select your length, and follow the guided instructions.

WHAT’S IN THE APP
- Several categories of individual guided meditations
- Courses for new practitioners and experienced meditators
- A new guided meditation every single day with the Daily Guided Meditation feature
- 30-day mindfulness course for beginners
- 10-day loving-kindness course
- Theory included in each lesson, along with a guided practice
- Emergency category allowing you quick sessions in times of need
- Heart your favorites so they’re easy to find and return to later
- Set a daily reminder to meditate at the time you want with the built-in Push Notification Reminders
- Meditation timer for unguided meditation
- Dark mode and light mode
- Download play offline
- Different types of meditation: Mindfulness, Vipassana, Loving-Kindness, visualization, body scan
- Meditation and mindfulness articles to deepen your leaning
- Guided meditation led by a 15+ year practitioner

TOPICS INCLUDE
- Mindfulness
- Body scan
- Loving-kindness
- Breathing exercises
- Anxiety
- Stress
- PTSD
- Depression
- Sleep
- Relaxation
- Focus
- Concentration and clarity
- Morning and waking up
- Energy
- Cravings
- Anger
- Mental health
- Managing emotions

UPCOMING FEATURES
- Live guided meditations
- Track your minutes and time meditating using Mindful Minutes and Apple Health
- Track stats: total minutes meditated, number of days total meditated
- Selectable meditation length
- Group meditation sessions with friends and family
- Friends list
- Apple Watch integration

All guided meditations are free for life. Besides the guided meditations, the app includes meditation courses, which you can try the first 5 days for free. If you’d like to continue the courses, you can subscribe for $7.99 USD a month or $79.99 USD a year.

Need help? Visit help.declutterthemind.com for support, and head on over to declutterthemind.com for more information and free guided meditations you can try on our website.

Terms of use: https://declutterthemind.com/terms-of-service/
Privacy policy: https://declutterthemind.com/privacy-policy/",https://declutterthemind.com,https://apps.apple.com/us/app/declutter-the-mind-meditation/id1465713447?uo=4,https://is1-ssl.mzstatic.com/image/thumb/Purple221/v4/9f/24/59/9f24592d-c979-5c70-c36d-93dffe05346a/AppIcon-0-0-1x_U007emarketing-0-7-0-85-220.png/512x512bb.jpg,2.0.5,2019-07-19,2024-10-30,0.375,2025-03-10
cws:femnahohginddofgekknfmaklcbpinkn,ChromeWS,femnahohginddofgekknfmaklcbpinkn,one-sec-website-blocker-screen-time-digital-detox-adhd-block-websites_chromews,"one sec | Website Blocker, Screen Time, Digital Detox, ADHD, Block Websites",TraderThis developer has identified itself as a trader per the definition from the European Union and committed to only offer products or services that comply with EU laws.,Extension,30000,4.9,896,0.0,0.0,Free,"Overviewone sec gives you the chance to think twice – before you get sucked into an endless loophole designed to draw you in for hours.one sec forces you to take a deep breath whenever you open social media or other distracting websites. It’s as simple as effective: You will reduce your social media usage just by becoming aware of it. one sec is the focus app that tackles the problem of unconscious social media use at its root. It is designed to change your habits on a long-term basis. You just wanted to check that one message – and ended up scrolling for 30 minutes on Instagram? Social media companies use psychological traps to keep you hooked and spend as much time on their apps as possible. Time that could be spent so much better – with your family and friends, getting work done or for your hobbies and wellbeing. Many apps and tools block social media for a limited amount of time to help you focus. This might increase your productivity for the moment, but the real problem – your habitual urge to check apps and websites to get that dopamine boost – stays. The one sec Chrome Extension is designed from ground up to keep your information private and secure. All usage data is stored offline, on-device, and only you can access it. I make money selling apps and subscriptions, not your data! one sec is also available for iPhone, iPad, and Android Devices to block native apps and websites. More info on my website.See less",,https://chromewebstore.google.com/detail/femnahohginddofgekknfmaklcbpinkn?hl=en,https://lh3.googleusercontent.com/rRsHuhmYOSdY_KeT-QPerbwhkL24vWg4VydzP1gkw8mlQPGh5te1SRoDbFjevyeUV3lzjRrPTRFUh2P2NbPmXeeRs2o=s128-rj-sc0x00ffffff,"UpdatedAugust 18, 2025",,,1.0,2025-03-10
ios:id1479581895,AppStore,id1479581895,avocation-habit-tracker_appstore,Avocation - Habit Tracker,David Joech,Productivity,0,4.6463,933,0.0,0.0,Free,"Sticking to new habits or breaking old ones can be overwhelming and stressful. How about making it a fun experience? Yes, you’ve read it right. No more exhausting streaks, self-restrictions and unreachable goals. Avocation is your offline pocket growth assistant that will accompany you on your way to a better version of yourself. Our goal is to show you that it is all about small things that only take a few minutes of your time throughout the day. Sounds simple, doesn’t it? Have a look at what we prepared for you.
 
Plan your day with Avocation: create your habits and organize your daily routines. Habits are visualized in circles to give you a quick overview of your to-do list. Customize habit colors, icons, and routines. Need a reminder? That's not a problem, you can schedule an individual notification for each habit. All set up? Tap the habit circle after completing it and view your progress. You are fabulous!
 
Track your progress with Avocation: complete habits and view the statistics screen to get your daily and weekly progress overview. It is simple and intuitive: progress is represented by a water bottle that fills up with every tap of habit circles. Forgot to tap a habit yesterday even though it was completed? Don't worry, your statistics is safe. With out time travel feature you can return one day back and make sure all completed habits are marked.
 
Grow with Avocation: complete your first habit and start growing your baby plant. However, plants need water: the plant will not grow if your statistics bottle is empty!
 
Learn with Avocation: have a look at the collection of short and enjoyable lessons about habits that we created for you. You will discover the science behind habit formation and development, learn how to analyze and prioritize your goals, set your mind on smart, efficient changes and much more. Our Avocoach will assist you along the way. 
 
Your free account is waiting for you, no registration needed! Unlimited access to lessons, up to 3 habits, time travel, custom reminders and much more! We are constantly working on new features. If you feel like becoming a habit pro or simply enjoy our app, you can support the development by subscribing to our membership. We offer you more custom habit colours, unlimited habits and bonus karma points :) 
                                                                                                   
We designed Avocation with passion to create a unique and enjoyable experience for you. We are looking forward to your ideas and feedback and working hard on making the app better. Drop us a line hello@avocation.app

Check out our terms of use: https://avocation.app/terms/",https://avocation.app,https://apps.apple.com/us/app/avocation-habit-tracker/id1479581895?uo=4,https://is1-ssl.mzstatic.com/image/thumb/Purple126/v4/1a/cb/ea/1acbea33-b65d-78e3-4e68-4470eefa946e/AppIcon-0-0-1x_U007emarketing-0-0-0-5-0-0-sRGB-0-0-0-GLES2_U002c0-512MB-85-220-0-0.png/512x512bb.jpg,1.5.7,2019-12-19,2023-06-26,1.0,2025-03-10
ios:id1226900784,AppStore,id1226900784,mmguardian-parent-app_appstore,MMGuardian Parent App,Pervasive Group Inc.,Lifestyle,0,4.30602,964,0.0,0.0,Free,"**MMGuardian Parental Control app** helps parents keep their kids safe online, manage screen time, track location, block apps, and monitor kids phone usage. As a leading **parental control app**, MMGuardian gives you all the tools to protect your child from digital risks and guide them towards healthy device habits. It is also a robust alternative to Family Link, offering even more advanced monitoring and parental control features. But it can also be used together with family link since family link doesn't offer any child monitoring features. 

**IMPORTANT:**  
This app is for the **parent's phone**. You must install a separate MMGuardian child app on your child's phone ( iPhone or non-iPhones). Installing this app first will guide you to install the correct child phone app.

---

### Key Features of MMGuardian Parental Control:

**Monitor & Manage:**
- View your child's location, SMS text messages, app usage, call logs, and web seach and web browsing.
- Receive safety alerts when messages or searches indicate dangers such as sexting, drugs, cyberbullying, grooming, violence, or suicidal thoughts.
- Monitor phone calls: see who your child is calling and receiving calls from.

**Control Screen Time & Block Apps:**
- Set daily screen time limits.
- Block or allow apps easily with the built-in app blocker.
- Schedule when specific apps can be used to avoid distractions.

**Safe Browsing & Web Filtering:**
- Block inappropriate websites.
- Get alerts for harmful web searches.

**GPS Location Tracker & Family Locator:**
- Track your child's phone location in real-time.
- View location history and know where they have been.
- Use the family locator feature to find your child quickly.

**Remote Lock & Control:**
- Lock or unlock your child's phone remotely.
- Wipe the child's phone when it is lost
- Buzz the child phone even when it is on mute
- Prevent phone use during school, bedtime, or family time.

---

### Social Media Chat Monitoring:
MMGuardian monitors messages from popular social media apps:
- WhatsApp
- Kik
- Discord

[non-iphone child phone only]:
- Facebook Messenger
- Snapchat
- Instagram
- TikTok

Get alerts if a chat contains signs of sexting, cyberbullying, grooming, or dangerous behavior.

---

### Detailed Reports:
- Full reports of text messages, call logs, app usage, and web activity.
- Understand your child's phone habits with easy-to-read summaries.

---

### Why MMGuardian Parental Control App:
MMGuardian allows parents to:
- Monitor kids phone activity and ensure their safety online.
- Limit screen time and reduce excessive phone use.
- Protect against cyberbullying, grooming, and inappropriate content.
- Track phone location with GPS tracker and family locator.
- Control everything remotely from your phone.
- Enjoy a reliable family link alternative with customizable options.

---

### Free 14-Day Trial:
Use all premium features FREE for 14 days. After the trial, continue protecting your child by subscribing:
- $4.99/month or $49.99/year for one child phone.
- Family plans available for up to 5 child devices.

---

### Setup Notes:
- Both parent and child phones must use the same email address.
- Both devices need network data for communication.
- Compatible with  iPhone or non-iPhone child phones.

---

We encourage parents to openly discuss using a **parental control app** with their children. Explain how it helps protect them from risks such as screen time addiction, cyberbullying, sexting, and online predators, while teaching responsible digital behavior.",https://www.mmguardian.com/parent-app-iphone-ipad,https://apps.apple.com/us/app/mmguardian-parent-app/id1226900784?uo=4,https://is1-ssl.mzstatic.com/image/thumb/Purple211/v4/7d/a8/33/7da83353-eeee-2584-110a-a38c253a2a99/AppIcon-0-0-1x_U007emarketing-0-0-0-11-0-0-85-220.png/512x512bb.jpg,2.0.28,2017-12-06,2025-09-20,1.0,2025-03-10
ios:id1156285759,AppStore,id1156285759,safe-family-screen-time-app_appstore,Safe Family: Screen Time App,"McAfee, LLC.",Lifestyle,0,4.22653,980,0.0,0.0,Free,"Help your kids develop healthy habits online and make parenting in the digital age a breeze with McAfee Safe Family parental controls. Safe Family is now included with certain McAfee security products—visit mcafee.com to learn more.

McAfee Safe Family equips parents with easy-to-use tools needed to improve visibility and digital safety for their children, such as screen time management, app blocking, live location alerts and more. Shield your kids from dangerous and inappropriate content by monitoring their activities on their smartphones, tablets and PCs, instantly blocking apps you deem unsafe. Safe Family supports an unlimited number of devices, so everyone is covered.

Remember what family dinnertime was like before smartphones? Get that quality time back – digitally lock your kids’ devices (and maybe even your spouse’s) using our time-out feature.

No more worrying about your kids going to a friend’s house. Receive alerts when they arrive at or leave designated locations that you set like school, home or Amy’s house.

McAfee Safe Family includes:
• Screen Time Management
       – Control screen time and set custom time limits
• App Blocking
       – Block inappropriate or time-wasting apps
• Digital Time-Out
       – Lock devices on command until chores are done
• Website Filtering*
       – Automatically blocks inappropriate and dangerous websites
• Web and App Usage History*
       – See what your kids are up to on their devices
• Block In-app Purchases†
       – Stop unauthorized spending online
• Location Alerts
       – Get notified when your kids leave or arrive at designated locations
• Location Tracking
       – Monitor your kids’ location with device tracking
• Permission Requests*
       – Allows kids to request more screen time or to use a blocked app
• Uninstall Protection*
       – Prevents kids from deleting Safe Family without permission

Try our 30-day free trial – offers the full McAfee Safe Family experience for free. McAfee Safe Family supports an unlimited number of your kids’ devices, including smartphones, tablets and PCs. You have the option at the end of the 30-day free trial to sign up for a monthly or yearly subscription.

Payment info:
• Payment will be charged to your iTunes Account at confirmation of purchase
• Paid subscriptions automatically renew unless auto-renew is turned off at least 24-hours before the end of the current period
• Auto-renewal can be turned off by going to Account Settings after purchase
• Length of subscription: monthly and yearly
• Any unused portion of a free trial period will be forfeited when the user purchases a subscription

† Only available on iOS
* Only available on other operating systems

McAfee Safe Family is only available on smartphones, tablets and PCs (not available on Macs). For a full list of system requirements, please visit mcafee.com/systemrequirements.

Please visit our website family.mcafee.com to learn more about how we keep your family safe. Find support or give us feedback on Safe Family at service.mcafee.com.

View our privacy policy at mcafee.com/legal.",http://family.mcafee.com,https://apps.apple.com/us/app/safe-family-screen-time-app/id1156285759?uo=4,https://is1-ssl.mzstatic.com/image/thumb/Purple125/v4/04/4a/79/044a792e-9872-6604-15ac-62b6b3cee84c/AppIcon-1x_U007emarketing-0-7-0-85-220.png/512x512bb.jpg,2.9.4,2016-06-12,2021-02-09,1.0,2025-03-10
ios:id1563837295,AppStore,id1563837295,check-calendar-habit-tracker_appstore,Check Calendar - Habit Tracker,Naoki Otsu,Productivity,0,4.75889,983,0.0,0.0,Free,"Achieve Your Best Habits! Check Calendar is a powerful habit tracker that transforms your life.
With simple one-tap operation, it becomes your strongest partner in guiding you to your ideal self.

■ One Tap Changes Your Life
Check off on the calendar with just one tap! Small daily steps lead to great success.

■ Over 1000 Emojis for Fun Continuity
Make habit building enjoyable with motivating emojis! Create your own special calendar.

■ Visualize Success
Beautiful colors and graphs visualize your growth. See your progress at a glance and feel the achievement.

■ Powerful Report Function
Detailed graph analysis quantifies your efforts. The path to success becomes crystal clear.

■ Record Your Thoughts with Notes
Record daily insights and emotions. Reflection leads to deeper self-understanding and growth.

■ Unlimited Tabs to Manage Your Dreams
Manage all goals in one place - ""Workout"", ""Reading"", ""Meditation"" and more. Chase multiple dreams simultaneously.

■ Review Your Growth Journey
Complete record of what you achieved and when. Quickly look back on past efforts with fuzzy search.

■ Strengthen Habits with Notifications
Receive encouraging messages at your specified times. Keep your motivation alive.

■ Archive Function for Organization
Hide completed or temporarily unused tabs. Display only the information you need.

■ Biometric Authentication for Privacy
Supports Face ID and Touch ID. Protect your precious records securely.

■ CSV Export for Complete Management
Export all data in CSV format. Permanently save your growth records.

■ Dark Mode for Comfortable Use
Eye-friendly dark mode included. Manage habits comfortably day and night.

■ Automatic Backup for Peace of Mind
Cloud automatic backup ensures safety during device changes. Never lose your important records.

■ Multiple Checks for Flexibility
Check multiple times per day. Perfect management for frequent habits like hydration or medication.

■ Security First
Your data is completely private. No transmission to third parties whatsoever.

■ Start Immediately
No tedious login required! The moment you open the app, your journey to a new self begins.

■ Privacy Policy
https://checkcalendar.app/privacy-policy

■ Contact Us
We fully support your success.
info@naokiotsu.com

■ Our Promise
We continue to provide an app that makes you feel ""My life has changed.""
Get your best self with Check Calendar!",https://checkcalendar-lp.web.app/,https://apps.apple.com/us/app/check-calendar-habit-tracker/id1563837295?uo=4,https://is1-ssl.mzstatic.com/image/thumb/Purple221/v4/50/02/36/50023600-3df2-1d19-ec3b-007994bc981d/AppIcon-0-0-1x_U007epad-0-1-85-220.png/512x512bb.jpg,13.33.0,2021-04-27,2025-02-10,1.0,2025-03-10
ios:id1628994767,AppStore,id1628994767,numo-cringe-free-adhd-app_appstore,Numo: Cringe-Free ADHD App,"Mindist, Inc.",Health & Fitness,0,4.32451,983,0.0,0.0,Free,"ADHD app for tasks gamification & support. Bite-size educational content with memes. Social and ADHD-friendly to-do. Manage your symptoms in a fun, easy, and engaging way.

NUMO FEATURES

LEARN
* Learn new coping skills through unique content covering themes like ADHD Procrastination, Time management, Relationships, etc. 
* Those courses are made of short stories with text, images, gifs, voice-over, and interactive elements like polls, to keep you engaged and help you succeed.

BRAIN
* It's a gamified and to-do list with social accountability. 
* Add private or public tasks, and earn Karma points for their completion.
* Increase your level and turn your daily chores into a fun quest.

SQUAD
* Get support from other people with ADHD. 
* See what tasks others completed to get a motivation boost and leave a quick reaction to endorse and earn Karma by doing this.

HACKS
* Get a daily hand-picked tip or affirmations collected from the ADHD community and ADHD coaching.

SUBSCRIPTION PRICING AND TERMS

Numo offers an auto-renewing monthly subscription at $7.99/month to provide you with unlimited access to the app's features and content described above while you maintain an active subscription. All new customers are automatically eligible for a free 30-day trial to try the app during this period.

These prices are for United States customers. Pricing in other countries may vary and actual charges may be converted to your local currency depending on the country of residence.

The subscription will automatically renew unless turned off in your iTunes Account Settings at least 24 hours before the current period ends. You can go to your iTunes Account settings to manage your subscription and turn off auto-renew. Your iTunes Account will be charged when the purchase is confirmed. If you subscribe before your free trial ends, the rest of your free trial period will be forfeited as soon as your purchase is confirmed.",https://numo.so,https://apps.apple.com/us/app/numo-cringe-free-adhd-app/id1628994767?uo=4,https://is1-ssl.mzstatic.com/image/thumb/Purple211/v4/dc/c4/6b/dcc46b27-d227-97fb-e95f-cedc137b9d7d/AppIcon-0-0-1x_U007emarketing-0-8-0-85-220.png/512x512bb.jpg,9.14.5,2022-06-15,2025-09-30,0.0,2025-03-10
ios:id1303790148,AppStore,id1303790148,brightmind-meditation_appstore,Brightmind Meditation,Brightmind Community LLC,Health & Fitness,0,4.75351,998,0.0,0.0,Free,"**New Apps We Love** -- Apple

""The only meditation app I’ve stuck with, all others don’t even come close to this level of coaching and clarity.""

As Simple As Possible, But No Simpler

Brightmind’s motto is, “make it as simple as possible, but no simpler”. So Brightmind takes deep and transformative practices and explains them in practical ways. Making things as simple as possible—but not any simpler—leads to efficient and effective learning and growth.

Your One-Stop-Shop

In addition to daily award-winning guided meditations, Brightmind offers everything you need to maintain a life-changing practice.

Community Chat

Ask questions and share your experiences of practice with Brightminders from all over the world. Offer and receive support for any behavior change goal (diet, exercise, substances, etc.) in our Accountability & Support Groups.

Daily Sits

Meditating with friends is ten times easier and more fun than meditating alone. Join any of our four daily community sits! I (Toby) usually join the 12pm, ET sit : )

1-on-1 Coaching

Confused about something you learned in the guided meditations? Not sure what to do when this or that happens during your meditation practice? I got you.

I (Toby) make sure to set aside time in my schedule for one-on-one sessions. By offering information, accountability, emotional support, and inspiration, I’ll help you overcome challenges and take advantage of opportunities in your meditation practice.

Retreats

Retreats—more so than daily practice—change the way your mind works. Retreats really move the needle. They’re also a great way to connect with Brightmind’s global community of dedicated practitioners. We gather for four hours on the fourth Saturday of every month.

About Us 

Toby Sola 

Toby Sola is dedicated to helping you create a feedback loop between your meditation practice and your ability to make the world a better place. So the more you meditate, the more effective you are in the world. And the more effective you are, the deeper your meditation practice becomes.

Toby has been teaching meditation for two decades. His craft as a teacher has been refined through years of monastic training and close collaboration with the world-renowned teacher Shinzen Young. Toby is an award-winning designer and the founder of Brightmind.

Shinzen Young

Shinzen Young trained for a decade in monasteries in Asia, and has been teaching in the West for over 50 years. As the Co-director of the SEMA lab, he’s now at the forefront of contemplative neuroscience. So Shinzen is unique in that he brings together an authentic and deep understanding of meditation with the rigor and precision of modern science.

Shinzen likes to say of himself: “I’m a Jewish-American Buddhist teacher who got turned on to comparative mysticism by an Irish-Catholic priest and who has developed a Burmese-Japanese fusion practice inspired by the spirit of quantified science.” : )

---

You'll have the option to save your meditation sessions as Mindful Minutes in your Apple Health App.

SUBSCRIPTION PRICING AND TERMS

Brightmind offers one auto-renewing subscription:

$99.99 per year

This price is for US customers, and pricing in other countries may vary. The actual charges may be converted to your local currency depending on your country of residence.

If you select the auto-renewing subscription membership option, payment will be charged to your Apple ID account at confirmation of purchase and your Brightmind subscription will automatically renew in a year unless auto-renew is turned off at least 24 hours before the end of the current period; your credit card will be charged for renewal through your Apple ID account within 24-hours prior to the end of the current period. You can turn off an auto-renewing subscription at any time from your Apple ID Settings but refunds will not be issued for any unused portion of the term.

Terms & Conditions and Privacy Policy: https://www.brightmind.com/terms-and-privacy",http://www.brightmind.com,https://apps.apple.com/us/app/brightmind-meditation/id1303790148?uo=4,https://is1-ssl.mzstatic.com/image/thumb/Purple211/v4/ab/4f/e6/ab4fe6a4-ee0c-7d08-b2a2-4c693b759ea1/AppIcon-0-0-1x_U007emarketing-0-11-0-85-220.png/512x512bb.jpg,4.3.3,2017-11-19,2025-09-21,0.0,2025-03-10
ios:id1247478067,AppStore,id1247478067,hypnobox-hypnosis-sleep_appstore,HypnoBox: Hypnosis & Sleep,HypnoBox GmbH,Health & Fitness,0,4.71705,1085,0.0,0.0,Free,"Transform Your Mind, Transform Your Life

Imagine waking up full of confidence, self-love, and inner strength. HypnoBox, backed by neuroscience, helps you tap into your subconscious, releasing unproductive habits and fostering lasting calm in all areas of life.

Why Choose HypnoBox?

•	700+ Customizable Modules: Personalize sessions to fit your unique needs.
•	Voice & Sound Options: Choose between a soothing female or calming male voice, with customizable background sounds for a serene experience.
•	Import & Record: Add your own audio or record content for ultimate flexibility.
•	Works Offline: Access your sessions anytime, anywhere, even without internet.

Award-Winning Innovation

•	HYPNO-INNOVATION AWARD – International Hypnosis Congress Zurich
•	Voted Best Hypnosis App of 2023 by verywellmind.com.

What Makes Hypnosis Special?

•	Natural Relaxation: Hypnosis brings deep relaxation while keeping you fully aware and in control.
•	Targeted Change: It helps reprogram habits and behaviors on a deeper level than meditation.
•	Science-Backed: Proven to be effective for stress relief, habit change, and emotional well-being.

HypnoBox Sessions

Each session is like a playlist created just for you:

•	Introduction & Deepening: Guides you into a relaxed state for optimal effectiveness.
•	Suggestions: Focused on your specific goals.
•	Awakening: Gently brings you out of hypnosis (skip for sleep sessions).
•	Background Sound: Enhances immersion.

What Others Are Saying

""Incredible! You can customize everything!"" – Joko Winterscheidt (AWFNR Podcast)
""The most important app on my phone!"" – Judith Holofernes (Wir sind Helden)
""The app actually managed to silence the critic!"" – Business Punk Magazine

Start Your Journey for Free

Unlock the ""Free Box"" and enjoy 5 complimentary sessions, including topics like ""Relaxation,"" ""Better Sleep,"" ""Memory Boost,"" and ""Action Mode."" Plus, access 10 free suggestion modules and customize your experience by importing or recording your own audio.
Join thousands of users transforming their lives every day with HypnoBox.

Meet the Developer

Bernhard Tewes, the creator and male voice of HypnoBox, is a renowned hypnotherapist based in Berlin, combining traditional hypnosis with cutting-edge methods to create lasting change.

Subscription Details

Choose from 1-month or 12-month subscriptions to unlock all content and future updates. Subscriptions auto-renew unless canceled 24 hours before the end of the current period. Manage or cancel your subscription anytime in your iTunes account settings.
Have questions? Contact us at support@hypnobox.com. We value your feedback—don’t forget to leave a review in the App Store!

HypnoBox – Transform your mind, transform your life.",https://www.hypnobox.com/,https://apps.apple.com/us/app/hypnobox-hypnosis-sleep/id1247478067?uo=4,https://is1-ssl.mzstatic.com/image/thumb/Purple221/v4/a9/dd/05/a9dd050f-6343-4c80-ad46-926649b5c0dc/AppIcon-0-0-1x_U007emarketing-0-8-0-85-220.png/512x512bb.jpg,4.2.65,2017-08-17,2025-02-09,0.55,2025-03-10
ios:id1441909643,AppStore,id1441909643,ypt-study-group_appstore,YPT - Study Group,UnCheon Baek,Education,0,4.67555,1088,0.0,0.0,Free,"Study along with 5 million people all over the world. 

Studying is a marathon. Study together on YPT 
Record your study time and share it with friends. Get motivated with your friends and study together remotely.


1. Time tracking and todo
Tracking study time for each subject.

2. 10 minutes planner
Review your daily study logs. Check To-do for the day. 

3. Study groups
Create groups to check out friends' status and study activities. 

4. Realtime ranking 
Get to know your rank in the same study category. 

5. Study stats
Color gets deeper as you study more. Visualize your day/week/month study records.


[End User License Agreement | Privacy Policy | Terms of Service Use | Subscription Terms of Service]

▷ End User License Agreement (EULA) : https://www.apple.com/legal/internet-services/itunes/dev/stdeula/
▷ Terms of Service Use : https://yeolpumta.notion.site/eb3f7a2886ac42d1b9e629a9075c339d
▷ Privacy Policy : https://yeolpumta.notion.site/4bdcc3a5d7c34803ad49d05f7422aea0
▷ Subscription Terms and Conditions : https://yeolpumta.notion.site/87efb0d77a5b4a7bb6753a1653c3cb47

[ Customer Support ]

▷ E-Mail : pallo.ypt@gmail.com
Addr: 16, Teheran-ro 53-gil, Gangnam-gu, Seoul, Republic of Korea
Tel: 070-4571-4756",https://yeolpumta.com/en/,https://apps.apple.com/us/app/ypt-study-group/id1441909643?uo=4,https://is1-ssl.mzstatic.com/image/thumb/Purple211/v4/e9/23/46/e92346ea-dce7-3a2a-88a0-1461dcb5e786/AppIcon-0-0-1x_U007emarketing-0-11-0-85-220.png/512x512bb.jpg,800.2.70,2018-11-17,2025-09-29,0.05,2025-03-10
play:com.timetimer.android,PlayStore,com.timetimer.android,time-timer-visual-productivity_playstore,Time Timer Visual Productivity,Time Timer LLC,Kids,100000,4.3,1100,9.95,9.95,$9.95 per item,"Feel time move. Stay on track. Stress less.From the makers of the original red disk timer, the Time Timer® App transforms the powerful visual tool trusted by families, teachers, therapists, and productivity pros for over 30 years into a fully customizable experience on your device.Whether you’re helping students build focus, supporting kids through daily routines, or simply managing your own tasks without overwhelm—Time Timer makes time feel more tangible and manageable.What Makes Time Timer Different?Iconic Visual TimerWatch time disappear as the disk gets smaller—a simple, intuitive way to feel time passing, not just track it.Inclusive by DesignTrusted by people with ADHD, Autism, executive function challenges, or just a busy brain. Invented by a mom for her child, Time Timer has supported users of all abilities for decades.Flexible for Every RoutineUse it once or build structured sequences. Create presets for daily habits. Run multiple timers at once. Make routines visual and calm transitions.Trusted in Schools, Homes & WorkplacesFrom kindergarten classrooms to therapy sessions to boardrooms, Time Timer helps reduce resistance, improve focus, and make time awareness easier for everyone.Free Features Include:Create up to 3 timers Run multiple timers at onceUse the original 60-minute red disk — or choose any durationAdjust sound, vibration, and color with limited optionsPremium Features Unlock Even More:Unlimited customizationBuild routines with timer sequencing (morning checklists, therapy steps, work sprints)Organize timers with GroupsSync across mobile and desktop devicesQuick Set +/- buttons for fast adjustmentsCustomize disk size and detail levelUse Time Timer For:Morning and bedtime routinesHomework and study blocksTransitions between tasksWork sprints and focus sessionsTherapy, coaching, or classroom supportDaily life skills for kids, teens, and adultsWhy It WorksTime Timer® transforms time from something abstract and invisible into something your eyes can track and your brain can trust. That’s why it’s backed by research, loved by educators, and recommended by occupational therapists worldwide.Created for real life. Trusted for decades. Download Time Timer today and feel the difference.",https://timetimer.com,https://play.google.com/store/apps/details?id=com.timetimer.android&hl=en&gl=US,https://play-lh.googleusercontent.com/M_ERFz7xRcuvuX1Mb2arsPoHH37HFS4M9cBDIoF7LO3M94Ff6BO8n45XPjqKATiTUtk=w240-h480-rw,4.2.9,2012-02-08,2025-08-23,1.0,2025-03-10
ios:id1494584871,AppStore,id1494584871,adhd-organizer-daily-planner_appstore,"ADHD Organizer, Daily Planner","NOTA SYSTEMS, LLC",Productivity,0,4.81928,1151,0.0,0.0,Free,"Introducing Focus – a habit and activity tracker designed with ADHD in mind.



Structure your life and build sustainable habits. Never forget, never procrastinate, never lose sight…



Focus is not just another tracking tool - it's your companion in navigating adult ADHD.




[WHAT USERS SAY]


“ADHD approved

I have tried so many habit tracking apps and this is by far the best one. I love the way it looks (simple, sleek, minimalist, but customizable). It doesn’t overwhelm me looking at it. It also doesn’t send me unnecessary notifications”


-Cathryn0404



“Deleted my other Habit tracker apps



Aside from checking activities off your list, you can classify habits under “Goal” or “Limit”. That got me considering the things I should be cutting down on (like coffee intake).

What might be the most interesting aspect is the “Time Tracker” option. I deleted all the other Habit Tracker apps I had on my phone after playing around with this one… this app just seems more motivating.”



-AliKokua



“Truly checks all the boxes



Download this app immediately. Clean, intuitive interface. Tracks habit building and breaking. Daily task timer. It’s even become my to-do list and reminder app. Can’t speak highly enough of this app and the developer. I had nearly given up.”



-jajajoshua



[WHAT THE MEDIA SAYS]



Digital Journal: “a global habit tracker”



GQ: “zero distractions and ads”



Yahoo Finance: “habit tracking key player”


[HOW FOCUS CAN HELP]



1. Boost Reading Habits: Distracted easily? Use Focus to increase focus and read more books.


2. Enhance Physical Health: Keep track of your workouts and turn sporadic bursts of energy into a regular exercise routine.


3. Learn New Skills: ADHD is not a limitation - expand your skillset at your own pace.


4. Manage Side Projects: Keep your diverse interests under control, prioritizing and progressing each project effectively.


5. Regularize Self-care: From flossing your teeth to meditation - track and maintain those essential routines.


6. Habit Formation: Understand where your time goes and create habits tailored to your unique brain.


7. Minimize Destructive Habits: Smoke less, reduce alcohol, limit unproductive screen time - use Focus to manage impulsivity.



[WHY CHOOSE FOCUS FOR ADULT ADHD]



-> Individual Activity Trackers: Every activity you track is a step towards understanding and managing your ADHD better.


-> Visual Progress: Visual cues work wonders with ADHD. Watch your growth with beautifully designed statistics.


-> Motivating Reminders & Notifications: Just when you need a nudge, Timecap's reminders can help keep you on track.


-> Flexible Timeframes: Set daily, weekly, monthly, or yearly goals and limits - you're in control.



Unlike other habit trackers, Focus ensures you invest time in what truly matters. Streaks are meaningful and fulfilling. And if one breaks? That's okay - start over and strive to break your personal records.



[SUBSCRIPTION DETAILS]



Auto-renewing subscriptions will charge your iTunes account unless auto-renew is turned off at least 24 hours prior to the end of the current period. The renewal cost depends on your Subscription Plan and currency.



Subscriptions with a free trial period will automatically renew to a paid subscription. Manage your free trial's auto-renewal in your Account Settings after purchase. Cancellation will take effect 24-hours after the last day of the current subscription period, downgrading you to the free service.



We welcome questions or suggestions on improving the app at zigmars.dzerve@gmail.com



Privacy Policy: https://timecap.app/privacy 
EULA: https://timecap.app/terms",https://www.timecap.app/,https://apps.apple.com/us/app/adhd-organizer-daily-planner/id1494584871?uo=4,https://is1-ssl.mzstatic.com/image/thumb/Purple211/v4/de/9a/10/de9a10c2-fbd4-7807-177c-b36c5c7a2b1a/AppIcon-1x_U007epad-0-8-0-85-220-0.png/512x512bb.jpg,1.68.0,2020-01-13,2025-02-13,1.0,2025-03-10
play:com.mentallabs.mentalhealth,PlayStore,com.mentallabs.mentalhealth,mental-health-serene_playstore,Mental Health: Serene,Uprise Labs,Kids,50000,4.7,1170,4.99,79.99,$4.99 - $79.99 per item,"Your Personal Path to Better Mental Well-BeingAre you ready to take control of your mental well-being? Serene is your trusted companion, designed to provide you with the tools you need for emotional wellness. Whether you're struggling with stress, trauma, or simply want to understand yourself better, Serene offers a range of self-tests and courses tailored to your unique needs.Key Features:Self-Tests: Discover insights about yourself with assessments for ADHD, trauma, personality types, mood disorders, and more. Each test is designed to help you better understand your emotions, behaviors, and thought patterns.Personalized Courses: Grounded in evidence-based Cognitive Behavioral Therapy (CBT) approach, each course adapts to your specific challenges and goals—whether you're managing stress, building self-esteem, or improving your relationships. It’s therapy that meets you where you are.AI Journal & Mood Tracker: Reflect anytime with our AI-powered journal that not only listens but writes back with thoughtful prompts and insights. Track your mood over time, recognize emotional patterns, and gain clarity through guided reflections.Personal Insight: Each day, receive a meaningful insight thoughtfully tailored to your journey—helping you better understand yourself and grow over time.Explore a wide range of topics, from childhood trauma and personality traits to managing depression, stress, and burnout. Serene also covers lesser-discussed areas such as narcissism, procrastination, body image issues, and toxic relationships.Love and Relationship Guidance: Serene offers resources to improve your emotional connection with partners. Take the Love Language test to understand how you give and receive love, or explore courses on couples therapy, emotional intimacy, and conflict resolution.Explore In-Depth Courses:Overcoming Stress – Learn how to manage clinical stress, overthinking, and panic attacks through actionable CBT-based steps.Breaking the Cycle of Procrastination – Understand the psychological roots of procrastination and apply proven techniques to stay focused and productive.Healing from Childhood Trauma – Explore guided insights to help process early emotional wounds and build a healthier sense of self.Burnout Recovery & Dopamine Balance – Reclaim your energy by addressing burnout and learning how to reset your dopamine system for lasting motivation.Managing Depression – Discover the underlying causes of depression and develop resilience with supportive strategies.Heartbreak Healing – Navigate emotional pain with compassionate guidance designed to help you let go, grow, and move forward.Understanding Love Languages – Deepen your relationships by exploring how you and your partner express and receive love.Private & Secure:Your mental wellbeing journey is personal, and Serene is committed to protecting your privacy.Serene's Popular Tests Include:ADHD Self-Report Scale: Evaluate attention difficulties and hyperactivity levels.Attachment Style Test: Understand how you form relationships and emotional bonds.Personality Type Test (MBTI): Discover your personality traits and how they influence your life decisions.Narcissism Level Test: Gauge tendencies toward narcissistic traits and learn ways to manage them.Mood Disorder Test: Identify patterns of stress, depression, or emotional instability.Daily Affirmations:Start your day with positive affirmations designed to uplift your mood and boost your mental clarity.Disclaimer: Serene is designed to support your mental wellbeing journey through self-tests and personal therapy tools, but it is not a substitute for professional medical treatment or diagnosis. Always seek advice from a qualified healthcare provider regarding any mental health concerns.",https://www.upriseapps.com/,https://play.google.com/store/apps/details?id=com.mentallabs.mentalhealth&hl=en&gl=US,https://play-lh.googleusercontent.com/6x3fJ976cTr-NjBcMDcXqybJczAoxt1DlEi2FKUZ7Slhq8Yz1E1mcBHXfLo6Th-Pt2w=w240-h480-rw,1.1.39,2025-04-13,2025-09-30,0.175,2025-03-10
ios:id6446800962,AppStore,id6446800962,roots-screen-time-control_appstore,Roots: Screen Time Control,"Get Roots, Inc.",Productivity,0,4.78752,1266,0.0,0.0,Free,"Roots is the #1 screen time app.

Set boundaries with your phone, and unlock more time. 

Screen time has a major impact on our mental and physical wellbeing. We're here to help — with better app limits, digital downtime, daily intentions, balance score, and more. 

Join thousands of people using Roots to build a better relationship with their phone.  

WHAT TO EXPECT
- Better screen time management
- Unlock 2 hours per day
- Stop scrolling mindlessly
- Cure your phone addiction
- Detox from phone dopamine
- Find better balance
- Be more present 
- Stay focused

BLOCK NOW
- Start blocking apps at any time with one tap

BETTER APP LIMITS
- Block any app or website based on time limits or number of opens

SCHEDULE DOWNTIME
- Be intentional with ""mindful mornings"", ""evening wind down"", and more

PHONE DETOX CHALLENGES
- Personalized challenges to compete with yourself and friends
- Challenges with neuroscientist and Roots Chief Science Officer, Tj Power

BLOCK WITH ""MONK MODE""
- App blocking that doesn't let you unblock until tomorrow 

MONITOR DIGITAL DOPAMINE
- Not all screen time is equal, so we help you understand the impact of each app

DAILY GOALS
- Set goals for screen time and phone pickups, and track your daily progress

PERSONAL BALANCE SCORE
- Daily score helps keep you accountable with beautiful illustrations and visuals 

SCREEN TIME TRENDS
- View the progress and trends of your screen time journey

BUILD A STREAK
- Build a streak as you stay under limits, earn cheat days and custom app icons

BLOCK ADULT WEBSITES
- Keep yourself off adult websites once and for all


DON’T JUST TAKE IT FROM US

""We’re all guilty of being obsessed with our phones. Roots helps you break free."" -- Tj Power, Neuroscientist and Author

“It's beautiful, and it works” -- Jameston78 

“This app does what it says” -- Casper-F

“Worth every penny” -- Thehikingfool


PRIVACY GUARANTEED
We use Apple’s Screen Time API so all of your phone usage data stays on your phone.

TERMS & CONDITIONS
- Auto-Renewing Subscription Options: Roots Plus (Monthly or Annual)
- Terms: https://www.getroots.app/terms
- Privacy Policy: https://www.getroots.app/privacy-policy",https://getroots.app,https://apps.apple.com/us/app/roots-screen-time-control/id6446800962?uo=4,https://is1-ssl.mzstatic.com/image/thumb/Purple221/v4/62/fa/9c/62fa9c9e-cfae-806d-9f06-33134006dffb/AppIcon-0-0-1x_U007emarketing-0-11-0-sRGB-85-220.png/512x512bb.jpg,2.11.3,2023-08-28,2025-09-16,1.0,2025-03-10
ios:id1403517519,AppStore,id1403517519,habit-tracker-calendar-evoday_appstore,Habit Tracker Calendar: Evoday,Cosmic Taps SL,Productivity,0,4.76402,1284,0.0,0.0,Free,"Join 200K+ people building life-changing habits with Evoday! Track your progress on beautiful calendars and widgets, and stay motivated to achieve your goals.

Evoday helps you to build healthy habits, whether they are daily or weekly habits. To help you improve your life and keep you motivated, the app displays your progress on beautifully designed monthly and yearly calendars, either as grids or complete calendars (showing the months of the year). You’ll also be able to see a bunch of cool statistics for each habit, such as your current and longest streak and your yearly and all-time completion rates.

Any great new skill requires at least a few months of practice before you begin to see solid results: learning an instrument, getting back into shape, taking up a new language, etc. Focus on doing a little bit every day, log it in the app, and within a few months you’ll start to see incredible progress.

Build good habits, break bad habits, and achieve greatness!

• Practice Better
Evoday encourages you to practice better with its progress tracking feature. Giving up on your dreams will be harder to do when you see how long your current streaks are, and how much  practice you’ve put in so far. Visualize your progress on a yearly calendar and get reports for each habit with your current and longest streak, as well as your yearly and all-time completion rates. 

• Make your Home Screen shine with widgets
The app offer a wide variety of gorgeous widgets: weekly calendar, monthly calendar, last 3 months calendar, last 20 weeks grid, etc.

• Share Your Habits
Share your habits with friends, family, and followers - thanks to the beautifully designed,  pre-formatted calendar images.

• Get Your Dopamine Rush
Nothing quite hits like the dopamine rush you get when crossing off an item on a list. With Evoday, you can track your daily goals and feel that sweet sense of accomplishment when you reach them.

• Your Data Is Your Data
We care about your privacy. Your habits data never leave your phone or the iCloud backups of your phone. None of your habits data is ever sent to a server, except iCloud as part of your secure phone backups. When you get a new phone and restore from your previous phone (or your iCloud backup), your habits data will be there waiting for you, so you can jump right back in with ease. You can also export your data and save it wherever you want! (Files, Dropbox, Google Drive, etc.).

• Our App Is Made For Everyone
We’ve made the choice of offering most features of Evoday free of charge, forever. We want our app to be accessible to anyone and everyone, in the hopes of helping to improve your habits and your life. If you want to unlock some advanced features and track unlimited habits, an optional Premium Plan is available.

Privacy Policy: https://www.kevinquisquater.com/superhabit/privacy.html
Terms of Use: https://www.kevinquisquater.com/superhabit/terms.html


If you have any feedback or suggestions, then we’d be more than happy to hear them! Get in touch via the app and let us know how we’re doing. 

••• About Cosmic Taps •••
We are a tiny team building apps that we love to use. Check them out either by tapping on our developer name, by searching “Cosmic Taps” on the App Store, or by visiting www.cosmictaps.com

To a better you,
The team at Cosmic Taps",https://www.evoday.com,https://apps.apple.com/us/app/habit-tracker-calendar-evoday/id1403517519?uo=4,https://is1-ssl.mzstatic.com/image/thumb/Purple211/v4/86/ee/50/86ee5057-7438-1a56-dd8e-0fa01b1df642/evoday-appIcon-defaultIcon-0-1x_U007ephone-0-1-0-0-85-220-0.png/512x512bb.jpg,2025.15,2018-02-08,2025-09-30,1.0,2025-03-10
play:app.blissful.mood.tracker.journal.selfcare,PlayStore,app.blissful.mood.tracker.journal.selfcare,blissful-journal-mood-tracker_playstore,"Blissful Journal, Mood Tracker",Tip Tap Apps,Kids,50000,4.3,1350,1.99,29.99,$1.99 - $29.99 per item,"Introducing Blissful – a transformative mood tracking and daily journal app designed to elevate your emotional well-being. Journey through your day with an elegantly crafted interface that encourages reflection, emotional awareness, and personal growth.KEY FEATURES:Sophisticated Mood Tracking: Blissful’s nuanced mood tracking system lets you capture the essence of your emotions. Chart your feelings with ease and gain valuable insights into your emotional patterns.Personalized Daily Journal: Your thoughts, your way. Blissful’s journal feature is designed for ease and flexibility, allowing you to pen down your thoughts, experiences, and reflections in a way that feels most natural to you.Insightful Analytics: Understand yourself better with Blissful’s analytics. Track mood trends, journaling habits, and emotional triggers to gain a deeper understanding of your mental landscape.Customizable Prompts: Not sure where to start? Blissful offers a range of prompts to inspire your journal entries, helping you to engage in meaningful self-reflection and discovery.Reminders and Notifications: Stay committed to your mental well-being. Set reminders for mood tracking and journaling to maintain a consistent self-care routine.Homescreen Widgets: Quick access to your mood tracker and journal right from your homescreen. Stay connected with your emotional well-being throughout the day.WHY CHOOSE BLISSFUL?Blissful is more than just a mood tracker or a journal app; it's a companion on your journey to emotional well-being. By integrating mood tracking with daily journaling, Blissful offers a unique space for self-discovery and emotional growth.Join a community dedicated to nurturing their mental health. Download Blissful and embark on a journey to a more self-aware and emotionally balanced life.Privacy Policy: https://getblissful.app/privacyTerms of Service: https://getblissful.app/terms",https://getblissful.app,https://play.google.com/store/apps/details?id=app.blissful.mood.tracker.journal.selfcare&hl=en&gl=US,https://play-lh.googleusercontent.com/3cqp0zh_vL7eH8V8g_7bdtbCUIZdmLEP1K0ZJwos4vQNhCJwLnEMn1Oyh7UjXTVHgLfV=w240-h480-rw,1.0.10,2024-04-03,2025-08-21,0.175,2025-03-10
ios:id1239133490,AppStore,id1239133490,focus-timer-time-keeper_appstore,Focus timer - time keeper,翠玲 施,Productivity,0,4.60405,1427,0.0,0.0,Free,"Focus timer is a tomato timer based app that helps you concentrate on your work and study. When you want to start concentrating on, you can choose an environment, accompanied by beaches, trains, rainy days, bonfire, country cricket sounds, and you will be comfortable concentrating on.

Features:
- Tomato timer, break down work into intervals, traditionally 25 minutes in length, separated by short breaks.
- Support custom time, easy to set the focus time, rest time.
- Set the reminder after the end of the timer, a variety of sounds to choose from.
- Minimal interface design, timer display clear with flip animation
- Supports background running",https://focustodotimer.web.app,https://apps.apple.com/us/app/focus-timer-time-keeper/id1239133490?uo=4,https://is1-ssl.mzstatic.com/image/thumb/Purple211/v4/0a/d8/46/0ad84623-41ec-9433-1438-88be9bc04c32/LiteAppIcon-0-0-1x_U007emarketing-0-7-0-0-85-220.png/512x512bb.jpg,3.1,2017-05-23,2024-09-23,1.0,2025-03-10
play:com.unpluq.beta,PlayStore,com.unpluq.beta,unpluq-control-your-time_playstore,Unpluq: Control Your Time,Unpluq,Kids,100000,4.4,1490,6.99,59.99,$6.99 - $59.99 per item,"Unpluq helps you focus and feel better by recovering your time. Reduce your screen time by stopping your habit of picking up your phone–and stop scrolling. Recover your time, focus, and attention by making a conscious choice every time you want to access an app. The average Unpluq customer saves more than 1 hour and 22 minutes a day of screen time.* Try it free for a week and see how it changes your life!NOTE ON TRUST: The vast majority of free apps survive and pay for their costs (development and operations) by selling your data and showing you ads. Unpluq does NOT show you ads and it does NOT sell your data.  ⭐️7 Day Free Trial⭐️Unpluq Premium Subscription ⭐️Enjoy a 7 day free trial.Save 2x as much time with premium.- Unlimited: block apps–as many as you like- Unlimited: schedules–work schedule, weekend schedule, you decide what works best for you- Whitelist contacts, so notifications from them always get through- All Barriers: Use all the available barrier options, including the patented Unpluq Tag, the keyfob that keeps you focused, as well as Walking (Steps), Scrolling, Charging, Random, or QR code barriers.Block Apps 🚫 When You Need To- Stay focused- Focus during work- Disconnect after hours- Be present for family meals- Avoid working on the weekends- Study uninterrupted- Be more mindful every day- Sleep and rest well- Reduce stress- Lower anxietyUse Unpluq To 🎯- Block distracting apps and notifications–by default- Choose only the apps you want to block- Unblock apps by making a conscious decision with an Unpluq distraction barrier- Select the distraction barrier you prefer, or go RANDOM to make it harder- Choose how it is to access your apps- Block different apps on different schedules- Track your progress and understand your screen time❓How Unpluq WorksSelect which apps to block, and when. If you need to access a blocked app, make a conscious choice to open it by passing through an Unpluq Distraction Barrier–a digital key that makes you think twice and ensure you really do want to open that app. To open blocked apps, you need to take a walk, shake your phone, follow a random pattern by tapping, charge your phone, or use the Unpluq Tag keyfob (the most effective barrier). Choose Your Distraction Barrier 🚧 –and make it as hard as you want- Take a walk/steps- Shake your phone- Tap a random pattern of buttons- Scroll through space- Random barrier- Scan a unique QR code- Use your Unpluq Tag on your keychainUse Your Newly Recovered Free Time To 🚀🏄👭🎾👪📈- See friends- Workout- Side hustle like a boss- Spend time with family- Learn a new languageThe Unpluq Tag 🟨Already have an Unpluq Tag? Pair your Tag with the app. The NFC powered yellow Tag fits on your keychain and works with your app. Science like Rational Override Theory shows that this physical ritual to get virtual control of your phone is the most effective way to change your screen time habits.*The average Unpluq customer in March 2023 saves 78 minutes a day.Unpluq vs Opal Unpluq is different from Opal: our focus is habit change to reduce screen time instead of only helping you focus.  Our unique barriers that are different than Opal, like steps, or the physical Unpluq Tag-- it taps into the science behind habit change, and is the most effective way to reduce screen time.Unpluq vs AppBlockUnpluq is different from AppBlock: free and paid subscriptions have different limits, app blocking uses different unblocking options, including the physical Unpluq Tag patented by Unpluq. Different from Appblock, the Tag taps into habit change to stop scrolling.Privacy🔒We care about your privacy and take steps to protect it. Unpluq does not sell or share your data–personal or not. Having our customer’s with privacy in mind and protecting them is one of our core values. See Privacy Policy: https://www.unpluq.com/pages/privacy",https://unpluq.com/,https://play.google.com/store/apps/details?id=com.unpluq.beta&hl=en&gl=US,https://play-lh.googleusercontent.com/p6LWrUhE0OKoZaUGnId-BbgGz65wuL6g_zhZ0Ph418QQLmjJ4_Lmro_-GgcbBSbdNVo=w240-h480-rw,2.4.5,2021-11-22,2025-08-13,1.0,2025-03-10
ios:id1423210932,AppStore,id1423210932,flow-focus-pomodoro-timer_appstore,Flow - Focus & Pomodoro Timer,Yugen GmbH,Productivity,0,4.7744,1547,0.0,0.0,Free,"Join hundreds of thousands of happy users who enjoy this simple way to stay focused and productive. Use Flow to get things done.

Flow is a tiny but mighty app that helps you work on a task, study for school or simply stay focused without being distracted for a certain amount of time. Flow divides your workflow into sections with defined breaks, making it easy to stay focused. This method has been scientifically proven to be an effective way to increase your concentration and motivation while reducing your stress levels. The use of a Pomodoro timer can be a huge boost to your productivity.

Use Flow to ...
... concentrate
... work on a task
... study for school
... code all night
... work from home

Benefits of this technique
• Improved focus and motivation
• Increased productivity
• Less stress and better health
• Better management of interruptions

Features
• Pomodoro timer with work intervals and breaks
• Statistics to keep track of your completed sessions
• Notifications to remind you of short breaks
• App and web blocking to combat distractions
• Commitment mode for self-control
• Inspirational quotes for motivation
• Metronome for deep focus
• Multiple duration options
• Custom session title
• Apple Calendar sync
• Apple Health sync
• iCloud sync of stats
• Home & Lock Screen Widgets
• Support for Live Activities & Dynamic Island


YOU MATTER TO US

We want to make Flow even better! Please give us your honest feedback in order to help us fix bugs and improve the app. We will regularly update Flow based on your feedback. Thank you!


ABOUT US

Yugen is a small independent developer studio based in Frankfurt, Germany. Our team is devoted to making great apps that we want to use ourselves. We strive to create products that help people in their everyday life with intuitive user experiences and minimalistic design.


QUESTIONS?

If you have any questions or problems, feel free to email us. We provide awesome support and love to help!

www.flow.app
support@flow.app
Twitter: flow__app
Facebook: flowapp.info
Instagram: flowapp.info

FLOW PRO

Subscriptions will automatically renew unless canceled within 24-hours before the end of the current period through your iTunes account. For more information, see our Terms of Use at flow.app/legal.",https://www.flow.app,https://apps.apple.com/us/app/flow-focus-pomodoro-timer/id1423210932?uo=4,https://is1-ssl.mzstatic.com/image/thumb/Purple211/v4/15/5e/af/155eafdf-108f-eeaa-935e-cbec496f07d4/AppIcon-0-0-1x_U007epad-0-0-0-1-0-0-85-220.png/512x512bb.jpg,4.4.0,2018-07-10,2025-02-10,1.0,2025-03-10
ios:id975017240,AppStore,id975017240,focus-timer-for-productivity_appstore,Focus - Timer for Productivity,Meaningful Things GmbH & Co. KG,Productivity,0,4.39757,1572,0.0,0.0,Free,"Join hundreds of thousands of happy users who stay focused and productive with Focus – a beautifully simple yet powerful Pomodoro productivity timer for all your Apple devices.

Focus helps you actually get your work done by breaking it into Focus Sessions – short, structured intervals that keep you focused and on track. This proven technique boosts concentration, reduces stress, and keeps you motivated throughout the day. Regular breaks help you recharge, so you can stay sharp and avoid burnout.

Give it a try: Just add your tasks, start your timer, and make steady progress – one session at a time!


“[…] a tool that can genuinely make people more productive"" – MacStories.net

“[…] a must-have for anyone who finds themselves easily getting distracted or forgetting to take occasional breaks."" – iDownloadBlog.com

======================

FEATURES

======================

FOCUS TIMER

Focus comes with a fully customizable productivity timer that supports you in working efficiently. Focus for 25 minutes, then get reminded to take a short break to relax your mind. After four sessions, take a longer, 15 to 20 minute break. This method maximizes energy, stimulates creativity, and promotes a sense of achievement.

TO-DO LISTS

Create unlimited tasks and track your time on each task. By working on one task at a time, you reduce distractions and can put all your attention toward completing your goals. That way you’ll be perfectly organized on your path to success.

IN-DEPTH STATISTICS

Check in with your progress! Focus keeps track of your focused time and offers in-depth and motivating statistics. See your daily, weekly and monthly activity, discover productivity patterns and build a habit of concentration – with daily goals and focus trends.

FOCUS EVERYWHERE

Sync Focus across your iPhone, iPad, Apple Watch, Apple Vision Pro, and Mac for a seamless experience. With built-in iCloud sync, your sessions and tasks are always up to date, where and when you need them! 

WIDGETS

Start your Focus timer right from your Lock Screen, Home Screen, or Control Center. Widgets make it easy to see your most important info at a glance, while Live Activities show your session’s progress in real time, so you’re always in the loop and never miss a break.

FOCUS ON APPLE WATCH

Using Focus on your wrist is a natural fit. The independent Apple Watch app is made for easy and lightweight interactions letting you control sessions and track your progress throughout the day. 

CLEAN DESIGN

The name says it all: Focus draws your attention to the most important things. It’s designed to be unobtrusive, accessible and easy-to-use. You’ll intuitively master its collection of features in no time.

=====================================

SUBSCRIPTION PRICING - ALL PLATFORMS, ONE PRICE

=====================================

Focus requires a subscription that unlocks all features on iPhone, iPad, Apple Watch, Apple Vision Pro, and Mac.
Subscriptions can be shared with Family Sharing.

$39.99/ year (USD)

$4.99/ month (USD)


TRY IT FOR FREE

Try everything free for 7 days with the yearly plan. If you cancel before the end of the trial, you can still access the app for 7 days, but you will not be charged for the subscription.

SUBSCRIPTION TERMS

Payment will be charged to your Apple ID account at the confirmation of purchase or after the free trial period if offered.

Your subscription will automatically renew unless it is canceled at least 24 hours before the end of the current period. Your account will be charged 24 hours prior to the end of the current period.

You can manage and cancel your subscriptions by navigating to your account settings in the App Store after purchase. 

======================

CONTACT

======================

If you have any questions or suggestions, please write us at support@meaningful-things.com

https://meaningful-things.com/

Privacy Policy: https://meaningful-things.com/privacy
Terms of Service: https://meaningful-things.com/terms",https://meaningful-things.com/focus,https://apps.apple.com/us/app/focus-timer-for-productivity/id975017240?uo=4,https://is1-ssl.mzstatic.com/image/thumb/Purple211/v4/3e/77/5d/3e775dbc-1e46-b2db-3aa5-67b2a9c73874/AppIcon-0-0-1x_U007epad-0-0-0-1-0-0-sRGB-85-220-0.png/512x512bb.jpg,2026.0.1,2015-04-14,2025-09-18,1.0,2025-03-10
ios:id6480042457,AppStore,id6480042457,habit-tracker-daily-goals_appstore,Habit Tracker - Daily Goals,Uniqo Lab FZC,Productivity,0,4.83406,1579,0.0,29.49,Free,"No ads & no subscription.
Habit Tracker is an app designed to help you build positive habits and achieve your goals. Reminders, tracking statistics, habit analysis with charts, and motivation on your path to success - all in one app.

Useful Features:

Two Types of Habits: Build good habits and eliminate bad ones.
Goal Units: Track habits not only by ""done/not done,"" but also by volume and units.
Powerful Statistics: Detailed information to evaluate your results.
Habit Reports: Weekly, monthly, and yearly reports.
Reminders: Timely reminders.
Repeated Reminders: Set multiple reminders for each habit.
Habit Ideas: Discover new habits worth trying (regularly updated).

With Habit Tracker, your daily routine will become simpler, your mind clearer, your goals more achievable, and your life better. Download now and start changing your life!",https://99apps.me,https://apps.apple.com/us/app/habit-tracker-daily-goals/id6480042457?uo=4,https://is1-ssl.mzstatic.com/image/thumb/Purple211/v4/a2/ab/fb/a2abfb73-11b7-f68b-2e3a-7d386abc064e/AppIcon-0-0-1x_U007epad-0-1-0-85-220.png/512x512bb.jpg,1.0.7,2024-06-18,2025-09-17,1.0,2025-03-10
ios:id1471458198,AppStore,id1471458198,focus-tomato-let-s-focus-now_appstore,Focus Tomato - Let's focus now,CHIH-SHAN LIU,Productivity,0,4.89606,1597,0.0,0.0,Free,"## App Of The Day - Apple
## New Apps We Love - Apple
## Try These Out - Apple
## Student App of the Month - The App Brewery (London)



Focus Tomato is a serious tomato helping you stay focused. 
Cheer you up when you succeed.



—— Recommended consuming order ——

Step 1: Goal setting
If the goal is too big, break it down.

Step 2: only focus for 25 minutes
* Only focus on one thing
* Avoid distraction; make efforts to keep the Tomato running (ex. if someone hits you up, tell him/her getting back to you shortly!)
* Better to watch the timer counting

Step 3: Rest for 5 minutes
* Not suitable for mental consuming tasks
* Light activities that are good for your mind and body
* Pause your work momentarily can help you view things from another perspective and avoid couldn't see the forests for the trees. 

Step 4: Repeat 4 times, then take a more extended rest for 15 to 30 minutes
Repeat the previous two steps for 4 times, and take a 15 to 30 minutes long rest



—— After taking it, you can gain the following benefits on top of straight As —— 
* Prevent distracting and stay focused more easily: counting down timer brings good stress
* Reduce interruptions: postpone other tasks; most things can wait for 25 minutes
* Avoid procrastinating: when the timer is running, it means the declaration of a focused time frame
* Endure longer: with adequate rest, you can run further 



—— Features of “Focus Tomato” ——

Based on the Pomodoro method with new spice-ups and improvements.

* Do not force stop; keep the flow
Classical Promodoro clock asks you to stop working asap when time is up; Focus Tomato only notifies you with sound and does not force you to stop. You can keep staying in the zone and running the timer.

* Fractional time is allowed
Classical Promodoro clock requires to maintain 25 minutes duration. Focus Tomato freely lets you count the fractional time as long as it starts running.

* Modifiable Timeline
It is usual to forget to stop the timer. Focus Tomato allows you to modify the Timeline and make adjustments afterward.

* Do Not Disturb mode is available
Distracted by too many notifications? Do Not Disturb mode can be enabled when Focus Tomato is running.

* Integrate smoothly with other work methods and/or apps
Because the app only applies the timing part of the Promodoro technique, in addition to the original Promodoro method, you can also use the Reminder, Trello, or physical notebooks along with it.



Good tomato, why not eat it?",https://claushuang.com/focusTomato/,https://apps.apple.com/us/app/focus-tomato-lets-focus-now/id1471458198?uo=4,https://is1-ssl.mzstatic.com/image/thumb/Purple211/v4/85/70/7d/85707d8d-092d-daff-b86a-c5268ed6d21f/AppIcon-0-0-1x_U007emarketing-0-11-0-0-85-220.png/512x512bb.jpg,5.3.2,2019-03-09,2025-08-17,1.0,2025-03-10
cws:dpfofggmkhdbfcciajfdphofclabnogo,ChromeWS,dpfofggmkhdbfcciajfdphofclabnogo,block-site-site-blocker-focus-mode_chromews,Block Site - Site Blocker & Focus Mode,Non-traderThis developer has not identified itself as a trader. For consumers in the European Union,Extension,100000,4.7,1600,0.0,0.0,Free,"OverviewBlock sites, protect your time with site blocker! Website blocker and password protection help you stay focused.Block Site is one of the best productivity tools available to help people procrastinate less, become more productive and reach their life goals. You’ll never have to worry again about how to stay focused at work. Block disturbing websites easily and Stay focused. This Block Site & Stay Focused extension allows you to block any website. Please note that, the extension blocks the whole domain. When you want to take a break you may deactivate the blocking easily for all blocked sites. Want to know how to block a website? We’ve got you covered! Just add websites to your block list and we’ll do the rest, we’ll even throw in some really funny images if you try and go on the sites while they’re blocked Stay Focused Extension You can now remove all distracting and harmful websites from your life by blocking them while you need to stay in the zone and be productive. You can even set yourself a focus timer and make sure you keep on track throughout the day while at work or school. Focus Mode The focus mode timer feature enables you to control your schedule via the Pomodoro technique timer. Break down your tasks into intervals, traditionally 25 minutes followed by a short break. With ‘Focus Mode’ you can set times when to disable websites and when to browse freely - no willpower necessary. Block by words Keyword Blocker that allows you to define a list of forbidden words that, when used, will block the content (discussion, comment, poll, etc.) This extension will soon be able to be used for blocking triggers or avoiding spoilers. Password Protection If you’ve blocked an app or a website you can unlock it with a passcode of your choosing, making it that bit harder to procrastinate. You can also password protect the options page to keep you from easily removing sites from your list. Adult Content Ever wondered how to block adult content on your device? Well now you can...easily! With the built in adult blocker that blocks all known adult sites by default making sure that you don’t see any inappropriate content. Site blocker may also come in handy if you don`t want to be annoyed by a certain website. In that case you just block site and forget about it. The extension is a real productivity tool that denies access to websites you don`t want to see. Surf the internet safely! Safer browsing and digital protection just got stronger with our brand new dashboard. Track all things internet safety in one place. Sites Blocker extension is going to help you increasing your productivity at workplace. BlockSite easy to install, easy to use and absolutely free extension specially for you! Don't hesitate, install Free Site Blocker & Focus Mode and feel the improvement.See less",,https://chromewebstore.google.com/detail/dpfofggmkhdbfcciajfdphofclabnogo?hl=en,https://lh3.googleusercontent.com/5FaaHnPzyF1m75JSsdWC3Jx6lYsC8efsiPoJhGkhBFdUhz9jp0JiyXmV28JQZmgRVvv6KjRaf4-PKh-Gu2WanAbhcQ=s128-rj-sc0x00ffffff,"UpdatedJanuary 20, 2025",,,1.0,2025-03-10
ios:id1347447233,AppStore,id1347447233,timefinder-time-blocking_appstore,TimeFinder: Time Blocking,"TimeFinder, LLC",Productivity,0,4.66986,1669,0.0,0.0,Free,"Your to-do list is about to get done! Join 200,000+ people who've found a planning app that finally works with your brain, not against it. Perfect for anyone who needs better structure, especially if you have ADHD or executive function challenges.

""Honestly love this app so much... Apple Calendar is just too intense for me. TimeFinder lets me plan but still adapt when things change. Plus the colors really help break up my day visually!"" - jhonnny.doe (US App Store)

PLANNING THAT ACTUALLY WORKS
- Drag & Drop Magic: Move tasks freely between lists and schedule
- Flexible Time Blocks: Plan in 5-60 minute chunks that match your real life
- Visual Planning: Color-code your way to clarity
- Task Bucket: Drop in your daily tasks without stressing about exact times

""Get this if you're time blind! Map out your morning realistically: travel time, pack, dress, hair, makeup, coffee, wake. Things always take longer than you think!"" - Texmomof1

WORKS WITH YOUR FAVORITE APPS
- Calendar Sync: Your events from Apple Calendar, Google & Outlook appear automatically
- Reminders Sync: Use Siri, share lists with family & friends
- Home Screen Widgets: See your schedule at a glance
- Everywhere Access: iPhone, iPad and Mac

LIFE HAPPENS
- Schedule Shift: Plans change? Adjust your entire day with one tap
- Task Roll-Over: Roll over unfinished tasks (no guilt!)
- Quick Changes: Update your schedule without starting over
- Clean & Simple: No overwhelming options—just what you need

""I used to get overwhelmed with my endless to-do's but now, every day is planned and I'm productive. Plus, a HUMAN responds quickly when you need help!"" - ReggiesRanch

MAKE IT YOUR OWN
- Beautiful Colors: Create your perfect planning palette
- Save Your Routines: Template your common days
- Make Plans Stick: From to-do to done

TRUSTED BY THOUSANDS
- Direct support from Luke, our founder
- Share ideas at feedback.timefinder.app
- 4.7/5 stars from 2,000+ reviews
- Regular updates based on your feedback

Ready to turn chaos into plans you actually follow through with? Download TimeFinder today and see why 200,000+ people are sticking to their plans.

Note: Some features require TimeFinder Premium. Try all features free for 7 days.",https://timefinder.app/,https://apps.apple.com/us/app/timefinder-time-blocking/id1347447233?uo=4,https://is1-ssl.mzstatic.com/image/thumb/Purple211/v4/e1/2e/de/e12ede91-05dd-4f08-a3f8-dbdfde98ca17/AppIcon-0-0-1x_U007epad-0-1-85-220.png/512x512bb.jpg,8.8.2,2018-03-03,2025-06-16,0.425,2025-03-10
ios:id1405229961,AppStore,id1405229961,ad-remover-ad-blocker_appstore,Ad Remover - Ad Blocker,Browsetech LLC,Productivity,0,3.68662,1854,0.0,0.0,Free,"Are you tired of seeing annoying ads?

Are you suspecting someone is taking your personal information without your consent?

Ad Remover will block unsolicited ads and malicious trackers, giving you the control back over your privacy. But not just that! You'll have faster-loading sites, saving you Internet data and headaches!

Try Ad Remover Today and Be Ready to Live Ad-Free!

——

Subscription Details:

Try it Free for 14 days! You won’t be charged until the trial period ends.

Upon conclusion of the 14-day trial, your paid plan will automatically renew at $39.99 per year unless auto-renew is turned off at least 24 hours before the end of the current period. A payment of $39.99 will be charged to your iTunes account at confirmation of purchase and each year, subsequently until you cancel. Your account will be charged for renewal within 24 hours before to the end of the current period. Any unused portion of a free trial period, if offered, will be forfeited when you purchase a subscription. You can manage your subscriptions and turn off auto-renewal by going to Account Settings after purchase.

Terms of Service: https://www.adremover.org/terms/ 
Privacy Policy: https://www.adremover.org/privacy/",https://www.adremover.org/,https://apps.apple.com/us/app/ad-remover-ad-blocker/id1405229961?uo=4,https://is1-ssl.mzstatic.com/image/thumb/Purple112/v4/08/32/38/08323834-39e0-446b-dbe5-38c3b96d8c0a/AppIcon-0-1x_U007emarketing-0-7-0-85-220.png/512x512bb.jpg,2.0.5,2019-02-02,2022-06-21,0.425,2025-03-10
play:inflow.adhd.productivity,PlayStore,inflow.adhd.productivity,inflow-adhd_playstore,Inflow ADHD,Get Inflow,Kids,100000,3.9,1860,22.49,199.99,$22.49 - $199.99 per item,"Inflow is designed by people with ADHD, for people with ADHD. We’re not a glorified pomodoro timer or calendar. We’re a science-based digital program, here to help you manage your ADHD/ADD.Do you struggle with focus? Organization? Procrastination? What about attention, hyperactivity, and anxiety? Is your calendar, planner, habit tracker, or timer still not helping you organize or get things done? Is your to do list just not cutting it?Your ADHD/ADD diagnosis doesn’t have to hold you back. Inflow can help.Inflow is based on the principles of Cognitive Behavioral Therapy (CBT), proven to be effective in the management of ADHD/ADD (Attention Deficit Hyperactivity Disorder).Many people see ADHD/ADD as just a deficit or disorder. But the key to thriving with ADHD starts with understanding and embracing your unique ADHD brain.Start focusing, meet your goals, kick the distraction habit, and start creating a daily structure that works for you. Spend less time planning to be productive, and more time getting things done.Improve your skills in these areas:- Focus and Concentration- Attention and Hyperactivity- Goal Setting and Consistency- Mood and Emotional Regulation- Distraction Reduction- Cyber Addiction- Creating a Routine- Sticking to a Schedule- Organization- Time Management- Impulsivity- Depression and Anxiety- Procrastination- Medication and Treatment Options- Mindfulness- Nutrition...all without an ad in sight.Inflow provides the tools you need to focus on strategies in your everyday life. We help you build a daily routine habit by habit, a day at a time.It’s time to tackle your to do list with ease, whether that’s studying for an exam, organizing your home more effectively, improving your focus, or simply scheduling more time for self-care. Concentrate on what matters most and organize your daily life.Inflow also sets you up for success with:- Daily activities and visual reminders integrated easily into your daily life- Challenges to put what you learn about ADHD/ADD into practice- Daily focus feature so you can prioritize more effectively- A stigma-free and supportive ADHD/ADD community to motivate you- Personalized journal to understand your behavior habits- Live events with a psychologist, counselor, ADHD coach, home organizer and moreWhatever your goals may be — stronger organization skills, building a more effective to do list, preventing procrastination, improving attention, reducing hyperactive traits, focusing on others, or simply coping with an ADHD/ADD diagnosis — Inflow can help.ADHD/ADD can be challenging, but that doesn’t mean accessing support should be! If you’re tired of the day-to-day stress of managing ADHD/ADD, we’re here for you.You don’t need to have a formal diagnosis or evaluation to use Inflow!Reminder: While we are an ADHD/ADD app first and foremost, we cover numerous executive function skills, which can be applicable to autism (ASD), OCD, depression, dyslexia, dyspraxia, and more.Questions or feedback? Shoot us an email! [hello@getinflow.io](mailto:hello@getinflow.io)The subscription will automatically renew unless turned off in your account settings at least 24 hours before the current period ends. If you subscribe before your trial ends, the rest of your trial period will be forfeited as soon as your purchase is confirmed.Terms of Service: https://getinflow.io/terms/Privacy Policy: https://getinflow/privacy-policy/",http://getinflow.io,https://play.google.com/store/apps/details?id=inflow.adhd.productivity&hl=en&gl=US,https://play-lh.googleusercontent.com/dJ1rIZmvEy049twcXo32EIWs90T6hkjc3vmlJ9CmoeUsrAl4Wti3f0g1gHCHgiM8iUXg=w240-h480-rw,3.0.7,2021-10-03,2025-11-09,1.0,2025-03-10
ios:id6476824223,AppStore,id6476824223,hellohabit-habit-tracker_appstore,HelloHabit - Habit Tracker,"RightLife, Inc.",Productivity,0,4.88992,1926,0.0,0.0,Free,"Simple habit tracking, made easy. HelloHabit helps you set goals, build habits, and achieve success. Read the full feature set below:

HABIT TRACKING
Custom Habits: Personalize your routine with habits like exercise, run, steps, read, meditate, drink water, wake up early, sleep early, journal, brush teeth, cook, quit smoking, quit drinking, quit social media, quit skin picking, and more.
Suggestions: Explore hundreds of habit ideas for your list, including fitness, health, productivity, and wellness goals.
Goals: Set daily, weekly, monthly, or yearly targets to achieve your desired outcomes.
Reminders: Set up multiple reminders per habit to stay on track and build consistency.
Activity Entries: Log unlimited activities for past or current dates to monitor your progress.
Streaks and Stats: Track your progress with detailed streaks, statistics, and records to stay motivated.
Timers: Stay focused with stopwatch or countdown timers for time-bound habits.
Health Sync: Automatically sync health-related habits with Apple Health for comprehensive tracking.
Quit Trackers: Monitor the duration since quitting habits to celebrate milestones.

JOURNAL
Detailed Notes: Record insights and progress for each habit to reflect on your journey.
Rich Text Editor: Customize notes with formatting and styles for better organization.
Centralized View: Access habit activity and notes in one place for easy reference.
Filtering: Organize journal entries by habit to review specific areas of focus.
Bookmarking: Mark important notes for quick reference and easy access.

SCHEDULE
Reminder Options: Set one-time, daily, weekly, or monthly reminders to keep your habits top of mind.
Unlimited Reminders: Add as many reminders as needed for each habit to stay consistent.
Calendar View: Check your schedule in daily, weekly, or monthly formats to plan ahead effectively.

PLATFORM
Dark Mode: Try out a sleek, dark interface for comfortable nighttime use.
Customization: Personalize various settings to suit your preferences and needs.
Sync Across Devices: Access your data seamlessly on all your devices for convenience.
Customer Support: Get help via an in-app chat feature for quick assistance.

HelloHabit offers all features for free within the following limits:
- 5 total active habits
- 1 reminder per habit
- 3 journal notes per day

HelloHabit Premium offers unlimited access. Start a free trial for an ongoing subscription or make a one-time payment for lifetime access. Country-specific pricing is visible within the app!

Terms of Use: https://hellohabit.com/terms
Privacy Policy: https://hellohabit.com/privacy",https://hellohabit.com,https://apps.apple.com/us/app/hellohabit-habit-tracker/id6476824223?uo=4,https://is1-ssl.mzstatic.com/image/thumb/Purple211/v4/34/1a/8b/341a8bf9-4d58-a2b8-74bb-e9b6222200f8/AppIcon-0-0-1x_U007epad-0-1-85-220.png/512x512bb.jpg,2.9.5,2024-02-28,2025-03-10,1.0,2025-03-10
ios:id1547137474,AppStore,id1547137474,onrise-habit-tracker-focus_appstore,Onrise: Habit Tracker & Focus,Maximilian Munker,Productivity,0,4.84163,1989,0.0,0.0,Free,"Onrise helps you to build beneficial habits, provides a Pomodoro timer to work more effectively and increase productivity, and a journal to keep track of everything. Standing on the latest research about behavior design and productivity, Onrise is your guide to achieving your goals. Give it a try and become the person you aspire to be!",https://onrise.me,https://apps.apple.com/us/app/onrise-habit-tracker-focus/id1547137474?uo=4,https://is1-ssl.mzstatic.com/image/thumb/Purple126/v4/1b/74/fa/1b74fa97-7c18-77eb-98fb-02fa358ae455/AppIcon-1x_U007emarketing-0-5-0-85-220.png/512x512bb.jpg,1.1.6,2021-03-01,2023-02-07,1.0,2025-03-10
ios:id670870972,AppStore,id670870972,productivity-daily-planner_appstore,Productivity - Daily Planner,"Success Wizard, Inc.",Productivity,0,4.70038,2026,0.0,0.0,Free,"YOUR PRODUCTIVITY DAY PLANNER & STRUCTURED TASK LIST MANAGER

Productivity Wizard is a powerful “get things done” (GTD) day planner that will help you plan, focus and create the results you want in any area of your life or business.

It includes a structured and comprehensive set of effective and productive tools that will boost your productivity and help you accomplish your most meaningful objectives and routines.

The user friendly interface makes it simple and intuitive to use while you stay productive, get things done and complete your daily tasks.

Productivity Wizard will help you:

*  Set weekly objectives, productive goals, and daily routines

*  Develop your personal action plan and task list

*  Create an effective and balanced daily routine & morning routine

*  Boost your productivity and get things done

*  Manage your tasks, track your time, and achieve your most important goals




FEATURES AND BENEFITS


-->  Effective time tracker & task manager help you get things done ( GTD )

-->  Morning routine gets you focused, ready and prepared for a productive day 

-->  Daily Routine scheduler to structure and balance your daily tasks

-->  Lists and Notepad to record all your ideas, questions, notes, etc. 

-->  Time and Routine Tracker to record your daily progress

-->  Daily and weekly reflections to keep you focused and on target

-->  Share your plans, tasks, and lists with your friends or colleagues 

-->  Sync among all your devices and web program

-->  Use the daily planner app even when you are offline, where there is no network connection



Today is the best time to re-shape your future, make real progress and get things done consistently and efficiently. 

Download this powerful app and bring DIRECTION, FOCUS and RESULTS into your LIFE!

Be Productive – Get It Done …

#####

Productivity Wizard is free to download and use. The Productivity Pro upgrade gives you access to enhanced functionality in the iOS app. The Pro upgrade let you accomplish even more by allowing you to set your own custom categories, manage unlimited goals and set unlimited routines. You will also be able to export your data to a pdf or Excel file. 

Productivity Pro subscription is available through an auto-renewing subscription.
Subscription will be charged to your iTunes Account at confirmation of purchase. Your subscription automatically renews unless auto-renew is turned off at least 24-hours before the end of the current period. Your iTunes account will be charged  for renewal within 24-hours prior to the end of the current period. Subscriptions may be managed by the user and auto-renewal may be turned off by going to the user's iTunes Account Settings after purchase.  No cancellation of the current subscription is allowed during active subscription period.

Our Terms of Use: https://successwizard.com/terms
Our Privacy Policy: https://successwizard.com/privacy",https://successwizard.com,https://apps.apple.com/us/app/productivity-daily-planner/id670870972?uo=4,https://is1-ssl.mzstatic.com/image/thumb/Purple221/v4/61/01/41/6101411b-1df7-0f4c-74cf-44de7d720ad1/PW-AppIcon-0-0-1x_U007emarketing-0-8-0-85-220.png/512x512bb.jpg,8.4.3,2013-07-16,2025-06-22,1.0,2025-03-10
ios:id982502810,AppStore,id982502810,3-minute-mindfulness_appstore,3 Minute Mindfulness,Zenco Limited,Health & Fitness,0,4.6558,2086,0.0,0.0,Free,"Featured in over 30 countries, including the United States and United Kingdom.

Feel happier, calmer and more at peace in just 3 minutes.

The quick meditations and breathing exercises help you deal with stress, anxiety, overwhelm, sleep and more.

3 Minute Mindfulness has been seen in The Huffington Post, The Telegraph, Mashable, Gizmodo and more. 

""3 Minute Mindfulness is a wonderful addition, and it helps me on a daily basis. The app reminds me to stop and breathe no matter what situation I find myself in."" - Karla, App Review


What actually is Mindfulness?
Mindfulness is defined as paying attention in the present moment, without judgment. Put another way, Mindfulness is about noticing what is happening around you right now.


How do you practice Mindfulness?
There are many ways to practice mindfulness and bring yourself into the present moment, including meditations, breathing exercises, feeling for sensations and more!
For example, try taking a deep breath in through your nose... And breathe out through your mouth. Congratulations! You just did a Mindfulness exercise. In that moment you paid complete attention to your breath, without any judgments.


How will Mindfulness help?
Research has shown that mindfulness can help you:
- Improve sleep
- Reduce stress
- Relieve anxiety
- Increase number of positive feelings
- Calm your mind
- Increased focus

App Features:
- The 7 Days of Mindfulness course. Learn practical mindfulness exercises that can be applied to your day to day life. There are 7 lessons, spread out over 7 days. Each lesson is approximately 3 minutes short!
- Guided meditations to help you reduce stress, relieve anxiety and even help you sleep. All in just 3 minutes!
- A range of breathing exercises that each have different benefits. They include Square Breathing (great for taking control of your mind), 4-7-8 Breathing (this has been called a natural tranquilliser, making it perfect for getting to sleep), and more! You can even create your own breathing exercises.
- Create your own reminders to be mindful

Connects to the Health App
3 Minute Mindfulness connects with the Health app to save all the time you spend being mindful.


Subscription Pricing and Terms
The app offers three auto-renewing 'Premium' subscription options which unlocks everything in the app:
Monthly: $6.99 per month
Semi Annually: $24.99 per 6 months
Yearly: $39.99 per year

These prices are for United States customers. Pricing in other countries may vary and actual charges may be converted to your local currency depending on the country of residence.

Subscription automatically renews unless auto-renew is turned off at least 24-hours before the end of the current period. Payment will be charged to iTunes Account at confirmation of purchase. Account will be charged for renewal within 24-hours prior to the end of the current period, at the price you purchased the subscription for.

Subscriptions may be managed and auto-renewal may be turned off by going to your iTunes Account Settings after purchase.

You can turn off auto-renew at any time from your iTunes account settings.

Any unused portion of a free trial period, if offered, will be forfeited when you purchase a subscription, where applicable.

Read more about our privacy policy here - 
http://www.threeminutemindfulness.com/privacy-policy

Read more about our terms and conditions here - 
http://www.threeminutemindfulness.com/terms-and-conditions

If you have any questions, please email support@zencoapps.com
Website: http://www.threeminutemindfulness.com",http://www.threeminutemindfulness.com,https://apps.apple.com/us/app/3-minute-mindfulness/id982502810?uo=4,https://is1-ssl.mzstatic.com/image/thumb/Purple122/v4/c0/7e/f7/c07ef765-82c6-d6c4-17b5-b104ca12614b/AppIcon-0-0-1x_U007emarketing-0-0-0-10-0-0-sRGB-0-0-0-GLES2_U002c0-512MB-85-220-0-0.png/512x512bb.jpg,4.0.0,2015-04-15,2022-05-27,0.175,2025-03-10
ios:id1639800794,AppStore,id1639800794,routineflow-guided-routines_appstore,RoutineFlow: Guided Routines,System Two GmbH,Productivity,0,4.77278,2117,0.0,0.0,Free,"Design your ideal day. Every day

Navigating daily life, especially with ADHD, can be challenging. RoutineFlow offers the solution to manage your day with ease, turning every morning into a triumph and helping to keep procrastination at bay. Dive into the magic of structured routines, one step at a time.

REDUCE PROCRASTINATION
The daunting thought of beginning a task is often worse than the task itself. With RoutineFlow, watch as tasks turn from mountains into manageable molehills, assisting you to embark on them without hesitation.

MANAGE ADHD SYMPTOMS
Designed with ADHD users in mind, RoutineFlow provides structure and consistency, two keys to managing ADHD symptoms. The intuitive design and timers cater specifically to the needs of those seeking order in their often chaotic days.

STICK TO GOOD HABITS
Whether it's drinking more water, stretching, or simply making your bed, these small actions compound over time. RoutineFlow aids you in cultivating and adhering to these habits, making them an integral part of your daily life.

MASTER YOUR MORNING ROUTINE
Mornings set the tone for the rest of the day. Use RoutineFlow to ensure you kick off each day on the right foot. By following your tailored morning routine, embrace days filled with purpose and clarity.

IMPROVE TIME MANAGEMENT
With our analytics feature, get insights into how long each task takes, allowing you to plan your days better. No more guessing or feeling overwhelmed. Know exactly how long your routine will take and adjust accordingly.

FEATURES:

- Create Custom Routines: Choose from predefined steps or customize your own. Attach an emoji for a personalized touch!
- Timed Tasks: Turn your routines into a sequence of timers. Feel the accomplishment as you progress through your list.
- Detailed Analytics: Review your habits over the past 365 days, allowing for introspection and growth.
- Notification Reminders: Never forget a task with our gentle reminders nudging you to action.

Reclaim your day, one routine at a time. Download RoutineFlow and pave the path to a more organized, productive, and stress-free life.

Terms of Service:
https://www.iubenda.com/terms-and-conditions/32938373

Privacy Policy:
https://www.iubenda.com/privacy-policy/32938373",https://routineflow.app,https://apps.apple.com/us/app/routineflow-guided-routines/id1639800794?uo=4,https://is1-ssl.mzstatic.com/image/thumb/Purple211/v4/f4/e4/a8/f4e4a86a-d536-f87b-c1ac-e3a688a6022b/AppIcon-0-0-1x_U007emarketing-0-7-0-85-220.png/512x512bb.jpg,1.9.43,2022-09-19,2024-10-19,0.8,2025-03-10
play:app.univi.prod,PlayStore,app.univi.prod,univi-adhd-management-focus_playstore,Univi: ADHD Management & Focus,Univi Group sp. z o.o.,Kids,100000,4.5,2170,9.99,199.99,$9.99 - $199.99 per item,"Univi: The Ultimate ADHD and Mental Health Management App.Welcome to Univi, your comprehensive solution for ADHD and mental health management. Our app helps you improve focus, reduce procrastination, relieve stress, and enhance your overall mental well-being. Through guided meditation, mindfulness practices, and cognitive-behavioral therapy (CBT) techniques, Univi offers the tools you need for effective ADHD management.Univi was honored as ""Product of the Day"" on Product Hunt for its innovative approach to managing ADHD and stress relief.What Our Users Say: “This app is fantastic for building new habits and managing ADHD! It offers techniques that help someone with ADHD in their daily work and personal life.” – Helena ""The guided meditation is cool, and the tips provided are helpful. They help me reduce procrastination and relieve stress.” – Melinda- ""Thanks to this app, I've managed to reduce my ADHD symptoms. I love the lessons and the AI-generated guided meditation feature!” – Deniz Core Features:-  Focused Lessons: Univi provides practical tips to help you manage your to-do list, enhance focus, reduce procrastination, relieve stress, and use a task manager effectively. Learn how to utilize a planner and calendar to organize your day, improve concentration, and achieve stress relief. - Guided Meditation: Experience guided meditation sessions designed for ADHD and ADD. These meditations help reduce stress, enhance focus and concentration, and improve mental health. Meditation is a key component in managing symptoms. - Mindfulness Courses: Univi offers beginner-friendly mindfulness courses tailored for managing ADHD, focusing on CBT techniques and executive functioning to improve concentration and reduce stress. - Mood Tracker: You can monitor your stress symptoms and emotional states. Understand how different therapies and stress management techniques impact your mental health and provide stress relief. - ADHD Tracker: Gain insights into your symptoms and neurodiversity profile. Understand your condition better with Univi and tailor your approach to therapy. Why Univi is Unique:1. Specific Content: Univi’s content and CBT tools are designed for ADHD, addressing unique challenges and enhancing focus. 2. Personalized Meditation: Offers a peaceful escape from stress, boosts concentration, and reduces procrastination. Experience personalized meditation with Univi. 3. Procrastination and Focus Management:With Univi, you can procrastinate less and improve your focus. Our practical tools and strategies help you stay on task, manage your time effectively, and enhance productivity. Benefits of Using Univi:- Improved Focus and Concentration: Our tailored meditation and CBT techniques enhance mental clarity and productivity. Stay focused and manage your symptoms effectively. - Reduced Procrastination: Use practical tools and strategies to manage your time effectively and achieve your goals. Beat procrastination with Univi and enhance your productivity. - Stress Relief and Anxiety Management: Guided meditation sessions help you relax, reduce anxiety, and improve overall mental health. Find stress relief with Univi's comprehensive mental wellness tools. - Better Emotional Understanding: Mood and ADHD tracking help you understand your emotional patterns and track your progress. Gain emotional insight with Univi and stay on top of your mental health. - Productivity and Organization: Manage tasks efficiently with features like task manager, to-do list, calendar, planner, and reminders. - Focus and Concentration: Enhance your concentration using our focus app, Pomodoro technique, guided meditation, mindfulness practices, and white noise. - Mental Health and Wellness: Track your symptoms with ADHD tracker, mood tracker, and find relief with therapy, anxiety relief, and stress management techniques. Join Univi today and take the first step towards better management, enhanced focus & reduced procrastination.",https://univi.app,https://play.google.com/store/apps/details?id=app.univi.prod&hl=en&gl=US,https://play-lh.googleusercontent.com/eIcDzDgQNVGJEYzgtrDcPyeWf964tJ2SRwASuQ1mOo55z0TCydN0CVG68iRdKEKx-g=w240-h480-rw,1.0.7,2022-04-08,2025-09-24,1.0,2025-03-10
play:com.clevguard.kidsguardpro.parent,PlayStore,com.clevguard.kidsguardpro.parent,kidsguard-pro-phone-monitoring_playstore,KidsGuard Pro-Phone Monitoring,"CLEVERGUARD TECHNOLOGY CO.,LIMITED",Kids,1000000,3.9,2210,4.99,259.99,$4.99 - $259.99 per item,"🤔Are you worried about your kid's online activities?😔Does your child have suffered online bullying, self-harm, suicide, anxiety, depression, etc.?🙂Do you want a comprehensive, easy-to-use parental control app to protect your kids?Try KidsGuard Pro! The ultimate remote monitoring app and cell phone tracker to keep an eye on your child [Android & iPhone available]👨‍👨‍👦‍👦🎉So why wait? Download KidsGuard Pro - The best phone monitoring app to protect your child's physical and mental growth in all aspects!!!🔥Hottest Functions:💛View TikTok & YouTube History-View kids' TikTok and YouTube history-Track how much time kids spend on TikTok & YouTube💙Suspicious Text Detection-Setting sensitive keywords you are concerned about, like sex, violence, or drugs-Detect WhatsApp, LINE, Viber, Kik chat history, WeChat, YouTube, Facebook, Instagram, and QQ, as well as exchanged media files, emojis, and more🖤Real-time Location Tracker-Always be aware of your kids' whereabouts. You can track the real-time location of your kids 24/7-Set up geofences to receive immediate alerts when they enter or leave home, school, or any other specific area🧡Identify Most Models-Supervise and control most Samsung, Xiaomi, Motorola, and hundreds of other Android models-Keep track of smartphone activities all day long🤎Instant Screenshot and Record Screen-Take a screenshot or record the screen remotely with one tap-Protect your children's online activities in real time, making knowing them easier💚Thorough Usage Report-The detailed usage report delivers a thorough overview of how your kids use their devices daily-You can know what actions to take to ensure your child is safer when using the device🔥KidsGuard Pro-Phone Monitoring🔥 is your most reliable screen time and location tracker, with features like the device's screen time control & location track, TikTok history check, detailed activity report, suspicious photos & text detection on social media apps like WhatsApp, LINE, Viber, Kik chat history, WeChat, YouTube, Facebook, Instagram, and QQ, as well as exchanged media files, emojis and more.😲Why Do You Need the KidsGuard Pro-Phone Monitoring?The ultimate parental control app to keep an eye on loved ones:• 📱 Read text messages and check WhatsApp, Snapchat, Discord chats, etc.• 📍 Track mobile locations to know where and where they've been.•📞Check call history to find out who they call and meet.•🔊Record phone calls, screens, and surroundings without knowing.•🔍Check search history and keystrokes to know all kids' online activities.•🔵Set up keywords and get alerts instantly when kids type sensitive content.•🛡️100% safe & undetectable. There is no need to root or jailbreak the target Android or iPhone devices.💡💡How do I start monitoring someone's phone with the best cell phone tracker now? Find out how to monitor any device you want with KidsGuard Pro!Step1️⃣-Install KidsGuard Pro on Your PhoneStep2️⃣-Sign up KidsGuard Pro account and get your VIP benefitsStep3️⃣-Download and install KidsGuard Pro Assistant on the target deviceStep4️⃣-Remotely start monitoring and parental control🌍ABOUT THE DEVELOPERClevGuard is a global leader in application software development. Top software owned by ClevGuard, such as KidsGuard for WA-Chat Tracker and ClevGuard-AntiSpyware, is used in more than 150 countries worldwide, with more than one million monthly active users.📣If you think KidsGuard Pro is a perfect control app, please share this most comprehensive and award-winning parental control app with your friends! 🌈🌈📧If you have any questions or need technical support, don't hesitate to get in touch with us via email: support@clevguard.com🌐For more information, please visit our website: https://www.clevguard.com📜To learn more about our privacy policy: https://www.clevguard.com/privacy-policy/",https://www.clevguard.com,https://play.google.com/store/apps/details?id=com.clevguard.kidsguardpro.parent&hl=en&gl=US,https://play-lh.googleusercontent.com/fz18LK3lpvEQvCrD36GHHwt-7kosC0lRLHfP-UuliHw9A1C2jBblH1mrkQCg0Qml88Fm=w240-h480-rw,3.1.0,2023-05-26,2025-09-19,0.6,2025-03-10
ios:id1670958524,AppStore,id1670958524,clarify-adhd-organizer-timer_appstore,"Clarify: ADHD Organizer, Timer",Fabulous,Health & Fitness,0,4.34004,2238,0.0,0.0,Free,"Are you struggling to stay on top of tasks and appointments? Is it difficult to meet deadlines, even when you know they’re important? Does a lack of organization leave you feeling overwhelmed and unaccomplished?
Conquer the chaos and embrace a more focused and organized life with Clarify, the ultimate time management app designed for individuals with ADHD, those who suspect they have ADHD, or anyone who wants to improve their executive functioning skills.
In a world buzzing with distractions, where time slips away like sand through your fingers, you’re about to embark on the quest of a lifetime. You're setting out to conquer what many deem impossible — mastering the realms of focus and time management.

Do you find you have problems with:
- Focus?
- Procrastination?
- Starting tasks?
- Follow through?
- Relationships?
- Organization?
- Impulse control?
- Adults with ADHD face challenges with these and more every day.
- Yet you hold within you a secret energy source — a strength that comes from your unique abilities. In Clarify, you will transform your life, not by working against ADHD, but through its - very power.

YOUR FOCUS KEEPER
Through personalized goal-setting, tailored strategies, and expert guidance, we empower you to take charge of your time and routines to create more productive days.
Here's what you can expect:
- Find Focus: Work with your unique mind to develop strategies for greater productivity
- Tune In: Learn how to identify and reduce distractions
- Overcome Procrastination: Explore ways to gamify your To-Do list to effortlessly complete tasks
- Skills and Routines: Sculpt your daily routine to sustain long-term growth
- Big Picture: Unleash your true self, embrace your individuality, and let yourself flourish

DESIGN YOUR DAY FOR SUCCESS
- POWERFUL TOOLS: Boost your productivity and enhance your time management skills with customizable To-Do lists, immersive focus mode, and progress trackers. Clarify equips you to stay on top of your busy schedule.
- EXPERT GUIDANCE: Access evidence-based techniques specifically curated for individuals with ADHD. Our team, including psychologists and coaches, is dedicated to providing you with the most effective strategies for managing ADHD-related challenges and maximizing your potential.
- PERSONALIZED APPROACH: We understand that everyone's ADHD experience is unique. Clarify tailors its features and recommendations to your preferences. By adapting to your needs, our app ensures a personalized experience.
- SUPPORTIVE COMMUNITY: Join a vibrant community of individuals who share your struggles and triumphs. Engage in discussions, share tips and success stories, and find inspiration in the journeys of others. Together, we create a space where growth and progress thrive.

WHO WE ARE
Clarify is brought to you by the creators of Fabulous, an award-winning app featured on Lifehacker, the New York Times, Self, Forbes, and more. Through our apps, we've empowered millions of people worldwide to change their lives for the better. Dare to unleash your superpower. Unlock your full potential. It’s time to Clarify.

MEDICAL DISCLAIMER
User acknowledges that the information in the app is provided ""as is"" and for general information only. It is not intended as medical advice and should not be relied upon as a substitute for professional consultation with a qualified healthcare provider familiar with your individual medical needs.

App includes a subscription. Pricing in different countries may vary, and actual charges may be converted to your local currency depending on the country of residence. You can always see the exact price in the app. The subscription will automatically renew unless turned off in your App Store Account Settings at least 24 hours before the current period ends. When you feel the Premium plan is not what you need, you can cancel your subscription at any time.

-------
Read our full terms and conditions and our privacy policy: https://www.thefabulous.co/terms.html",https://thefabulous.co,https://apps.apple.com/us/app/clarify-adhd-organizer-timer/id1670958524?uo=4,https://is1-ssl.mzstatic.com/image/thumb/Purple211/v4/63/a1/3f/63a13f5d-9152-b089-1862-a7f2eae1cd08/AppIconTime-0-0-1x_U007ephone-0-1-85-220.png/512x512bb.jpg,14.0.1,2023-05-09,2025-09-21,1.0,2025-03-10
ios:id1570156834,AppStore,id1570156834,mo-meditation-sleep-recovery_appstore,"Mo Meditation, Sleep, Recovery",Mo Meditation Inc.,Health & Fitness,0,4.50638,2269,0.0,0.0,Free,"Mo is the #1 app for sleep, meditation and rest. Experience the benefits of lower stress levels and a sound, restful sleep by joining our community of 3 million happy users!

Our courses are recommended by numerous psychologists and therapists who recognize regular meditation as an effective tool for promoting mental health. Based only on well-established principles, our programs are tailored to address specific mental health needs.

Mo is the perfect choice for beginners, with initial lessons lasting just four minutes. We believe in the importance of establishing a daily meditation routine, even if the session is brief. And with consistent practice, you’ll be able to gradually extend the length of your sessions and progress to more advanced meditations.

Think bedtime stories are just for kids? Think again! At Mo, we believe that everyone can enjoy the soothing power of a good bedtime story. Our expert narrators will guide you into a deep and restful sleep, leaving you feeling rejuvenated and refreshed. It works like magic!

Our library contains 200+ meditation lessons and is continually growing. With fresh content every week, you'll always find something new to explore. You can even track your progress on Apple Health. Some of our most loved meditations include:
– Antistress
– Concentration and Productivity
– Sleep Meditation
– Personal Relationships
– Happiness and Gratitude
– Self-Esteem

Our free basic course will introduce you to the theoretical principles of meditation and provide some practical exercises to try out. You'll start feeling the positive effects after just one week (and that's guaranteed). Download the app now to get started!

“I get sound and restful sleep with Mo” — Anne, 36 years old, kindergarten teacher

“Meditation and anti-stress methods are fundamental in times of crisis” — Alexander, 40 years old, director

“This app is similar to Calm or Headspace but in my native language, I love it!” — Kate, 19 years old, psychology student

Privacy Policy:
https://momeditation.app/privacy-policy

Terms of Use:
https://momeditation.app/terms-of-use",https://momeditation.app,https://apps.apple.com/us/app/mo-meditation-sleep-recovery/id1570156834?uo=4,https://is1-ssl.mzstatic.com/image/thumb/Purple221/v4/5e/ea/7f/5eea7fe0-583b-04d1-8e18-2274b73b9f0d/AppIcon-0-0-1x_U007epad-0-1-0-85-220.png/512x512bb.jpg,1.1.74,2021-10-06,2025-09-17,0.175,2025-03-10
cws:elfaihghhjjoknimpccccmkioofjjfkf,ChromeWS,elfaihghhjjoknimpccccmkioofjjfkf,stayfree-website-blocker-web-analytics_chromews,StayFree - Website Blocker & Web Analytics,TraderThis developer has identified itself as a trader per the definition from the European Union and committed to only offer products or services that comply with EU laws.,Extension,200000,4.8,2300,0.0,0.0,Free,"OverviewAnalytics to help you understand and control your website usage, leading to less distractions and enhanced productivity✦ What is StayFree? StayFree - Web Analytics & Screen Time Tracker is an analytics, self control, productivity, and web addiction controller extension. Now featuring ""YouTube Plus,"" StayFree provides analytics to help you understand and control your internet usage, with enhanced capabilities specifically for YouTube. Get daily website usage statistics, identify factors leading to distractions (such as advertisements you have seen), and focus your time by restricting the usage of distracting websites, including customizable YouTube viewing experiences. ✦ What makes StayFree special? ✔ We are now multi-platform! StayFree is the highest rated screen time & self control app on the Play Store ✔ Extremely fast and user-friendly interface ✔ Most accurate usage statistics ✔ Quick customer support ✔ New! YouTube Plus: Customize your YouTube experience to save time and avoid distractions StayFree - Web Analytics & Screen Time Tracker helps you: 📵 Overcome web addiction 🔋 Stay focused 😌 Gain self-control 📱 Reduce screen time 🛡 Reduce distraction 💯 Boost productivity 🤳 Unplug more often 📈 Increase your digital wellbeing 🧠 Understand how you consume the web 👪 Spend quality time with family or yourself 💪 Reduce wasted time with digital detox ✦ Extension's Features: ★ Website usage history: Get statistics of your daily usage history. ★ Digital profile: Understand the kind of ads you're being shown and what websites are showing them. ★ Share usage and limits across devices: Connect Android devices and other browsers to view website and mobile app usage and limits in one place. ★ Over-use reminder: Get notified when you spend too much time on a website and start your digital detox. ★ Block mode: Temporarily block any website that you are over-using. ★ YouTube Plus: Enhance your YouTube experience with customizable features like hiding shorts, comments, top bar, recommended videos, disabling end cards, and autoplay. ✦ YOU ARE IMPORTANT We'd really appreciate it if you could rate us 5 stars here on the Chrome Web Store. Your rating is crucial in establishing trust with our user base. If you have suggestions or want to see something improved, don't hesitate to reach out! ✦ CONTACT US We love hearing from our users and getting their feedback! If you run into any issues with the app or have suggestions on what we can do to improve it, please send us an email: stayfreeapps@gmail.com StayFree is built by Sensor Tower.See less",,https://chromewebstore.google.com/detail/elfaihghhjjoknimpccccmkioofjjfkf?hl=en,https://lh3.googleusercontent.com/Yfc6OOYnyOHpnjQk_08AtDuhMvLVXLPHJ8ePlJJq0nHdvF0neV4zuSqeAtcPDnoXYhZEinIx6Cx8jWWYI8-Gl8XQ=s128-rj-sc0x00ffffff,"UpdatedOctober 2, 2025",,,1.0,2025-03-10
ios:id1474340105,AppStore,id1474340105,offscreen-screen-time-control_appstore,OffScreen: Screen Time Control,MD Studio,Health & Fitness,0,4.49047,2308,0.0,0.0,Free,"OffScreen helps you track phone usage and keeps you stay focused.

With OffScreen, you can:

- Track screen time

• Set up your screen time goal, and get daily insight.

• See screen time activities: Pickups, Average Usage, While Walking, Stationary Life, Last Pickup, First Pickup, Best Break, and Sleep Time

• Read sleep data from the Health app

• Show data on your favorite watch face


- OFF Time

• Set disable time for social apps and enjoy OFF time


- Focus Mode

• Supports three modes: Pomodoro, countdown, and time accumulation

• Support lock screen and flip screen focus

• Supports live activity and StandBy

• If you need to use your phone to look up a dictionary or use other applications during the concentration process, you can set a concentration app whitelist

• Categories your focus sessions by tag

• Pause at any time when you need the phone to help you study or search while you're in focus mode

• Focus on the watch

- Visualize and share your data.

• View data in week/month/year view.

• Well-designed share card is ready for you.


- Breaking digital detox challenges

• Screen time challenge

• Pick up challenge

• Sleep challenge


- Sync sleep time and focus mindfulness time on Apple HealthKit.

---------

To collect the walking time data, this app tracks your location in the background and can affect battery life.

* Subscription payments will be charged to your iTunes account at confirmation of your purchase.
* Subscriptions will automatically renew and payment will be charged to your iTunes account unless auto-renew is turned off at least 24 hours prior to the end of the current 

Privacy Policy: https://miidii.super.site/miidii-tech/privacy-policy
Terms Of Use: https://miidii.super.site/miidii-tech/terms-of-use",https://md.studio,https://apps.apple.com/us/app/offscreen-screen-time-control/id1474340105?uo=4,https://is1-ssl.mzstatic.com/image/thumb/Purple221/v4/77/ae/ac/77aeaca4-f986-d2a8-e89b-2c986e18db66/AppIcon-0-0-1x_U007epad-0-0-0-1-0-0-85-220-0.png/512x512bb.jpg,3.20.2,2019-10-09,2025-01-10,1.0,2025-03-10
play:com.habitgenius.habit.tracker,PlayStore,com.habitgenius.habit.tracker,habit-tracker-habitgenius_playstore,Habit Tracker - HabitGenius,Ashish Mangukiya,Kids,100000,4.3,2310,0.99,16.99,$0.99 - $16.99 per item,"HabitGenius: Habit, Mood, Task, Time & Expense TrackerTake full control of your life with HabitGenius — your all-in-one app to track daily habits, tasks, moods, expenses, and time. HabitGenius is the ultimate habit tracker, mood tracker, task manager, finance tracker, and timer app, designed to boost your productivity, emotional well-being, and financial management.Key Features:• Habit and Task Management  Create, organize, and track habits and tasks effortlessly. Use flexible schedules like hourly, daily, weekly, monthly, or custom (every N days). Track progress with Yes/No, Numeric Value, Checklist, Timer or Stopwatch. Stay on top of your to-do list with smart reminders and powerful goal setting.• Timer and Stopwatch  Stay focused and manage your time better with an integrated Timer and Stopwatch. Track activities with specific durations or monitor habits without fixed time limits.• Mood Tracking  Monitor your emotional well-being through a simple mood tracker. Log your emotions daily, visualize patterns with a mood calendar, maintain mood streaks, and explore weekly, monthly, yearly, and all-time mood statistics.• Expense Tracking and Budget Planning  Manage your finances efficiently with a full-featured finance tracker:   - Create multiple accounts for income, expenses, and fund transfers.   - Record transactions and view detailed financial overviews with category-based charts.   - Set up budgets and monitor spending against targets in a clear, advanced view.   - Schedule recurring transactions and track pending payments effortlessly.• Detailed Analytics  Understand your habits, tasks, moods, and expenses through comprehensive bar charts, pie charts, and calendar views. Gain insights into your growth and achievements.• Customization and Data Security  Personalize HabitGenius with Dark or Light themes, custom categories, and secure your data with local backups, cloud backups, and passcode protection.• Widgets and Smart Notifications  Stay organized with interactive widgets and quick actions from your home screen. Receive intelligent notifications to log habits, tasks, moods, and expenses instantly.HabitGenius is the perfect app for habit building, mood journaling, expense tracking, task management, and personal growth. Whether you aim to boost productivity, improve mental health, manage finances, or stay motivated, HabitGenius provides the tools you need to succeed.Download HabitGenius today and start building a better, more organized, and mindful life.",https://habit-genius.netlify.app/,https://play.google.com/store/apps/details?id=com.habitgenius.habit.tracker&hl=en&gl=US,https://play-lh.googleusercontent.com/Aqf-cdVVKo4Hm2xHson04qOGsCATaBQHkyN4uTjnaX80IsNU2ZRCrl8DY0sQwy_q1YQ=w240-h480-rw,1.2.7,2024-06-08,2025-09-22,1.0,2025-03-10
play:blueprint.project.management.time.tracker,PlayStore,blueprint.project.management.time.tracker,blueprint-to-do-list-pomodoro_playstore,Blueprint: To Do List Pomodoro,Tip Tap Apps,Kids,10000,4.9,2320,2.99,29.99,$2.99 - $29.99 per item,"Unlock your productivity potential with Blueprint, the premier Pomodoro-based to-do and task management app. Designed to help you organize, prioritize, and track your tasks with the power of the Pomodoro Technique, Blueprint keeps you focused, motivated, and on track—whether you’re managing work, study, or personal goals.Key Features:🍅 Pomodoro Timer:	•	Structured Focus Sessions: Work smarter with timed Pomodoro sessions followed by rejuvenating breaks.	•	Session Tracking: Monitor your completed Pomodoros and analyze focus patterns to optimize your workflow.📝 Task Management:	•	Quick Task Creation: Easily add tasks with deadlines, priorities, and detailed descriptions.	•	To-Do Lists: Organize tasks into personalized lists for clear, actionable planning.⏱️ Time Tracking:	•	Track Task Duration: Gain insights into how much time you’re dedicating to each task.	•	Reports & Insights: Evaluate your work habits with detailed time tracking analytics.📊 Productivity Statistics:	•	Completion Metrics: Stay motivated with visual insights into tasks completed and goals achieved.	•	Custom Reports: Understand your productivity trends with tailored reports.📱 Widgets & Quick Access:	•	Pomodoro Timer Widgets: Start focus sessions directly from your home screen.	•	Flexible Design: Personalize layouts to fit your workflow.🔔 Smart Notifications:	•	Session Alerts: Stay on track with reminders for work and break intervals.	•	Task Reminders: Never miss an important deadline.🔒 Secure & Reliable:	•	Cloud Sync & Backup: Access your tasks and Pomodoro history seamlessly across devices.	•	Privacy First: Your data is protected with robust security measures.✨ Additional Features:	•	Minimalist Design: Enjoy a distraction-free, intuitive interface that enhances focus.	•	Cross-Platform Compatibility: Stay productive on any device, anywhere.Why Choose Blueprint?	•	Focus-First Approach: Built around the Pomodoro Technique to maximize your focus and efficiency.	•	All-in-One Productivity Hub: Manage tasks, track time, and boost productivity—all in one app.	•	Designed for Everyone: Whether you’re a student, freelancer, or busy professional, Blueprint adapts to your unique workflow.Perfect For:	•	Freelancers: Stay on top of tasks and maintain focus during demanding projects.	•	Students: Master your study sessions with structured Pomodoro cycles.	•	Busy Individuals: Keep your personal and professional life organized with ease.Get Started Today!Join thousands of users who’ve transformed their focus and productivity with Blueprint. Download now and make every minute count!",https://heyblueprint.app,https://play.google.com/store/apps/details?id=blueprint.project.management.time.tracker&hl=en&gl=US,https://play-lh.googleusercontent.com/QAs-zId4BvxNlxGMQIhLWkxXACt1UiHufcU6EGzpvRXq-KWj1CLS3r67zFa0oaO3BvY=w240-h480-rw,1.0.3,2024-09-24,2025-08-21,1.0,2025-03-10
play:mobicip.com.safeBrowserff,PlayStore,mobicip.com.safeBrowserff,parental-control-app-mobicip_playstore,Parental Control App: Mobicip,Mobicip,Kids,100000,2.4,2380,0.99,94.99,$0.99 - $94.99 per item,"Winner of the 2025 Family Choice Award and trusted by 3+ million parents, Mobicip is the all-in-one parental control app with screen time limits, app blocking, porn filtering, web safety, and GPS location tracking. For over 15 years, Mobicip has helped families build healthy screen habits. Try it FREE!Key Features• Screen Time Limits & Schedules Limit daily screen time and set schedules for study, sleep, and family time.• App Blocker & Usage Controls Block distracting apps like YouTube, TikTok, Instagram, games, and more. Limit usage by app category.• Porn & Web Filter Filter adult content, violence, and unsafe sites to ensure safe browsing on all devices.• Messaging Control Restrict chat, texting, and messaging apps during study or bedtime.• Social Media Monitoring Monitor activity on Facebook, Instagram, and Snapchat. Get alerts for cyberbullying or risky behavior.• YouTube Controls Block unsafe videos, allow only safe content, and track viewing history.• Pause Internet Instantly Disconnect your child’s device instantly for dinner, homework, or sleep.• App Install Alerts Get notified when new apps are downloaded.• GPS Tracking & Geofencing Track your child’s location in real time. Get alerts when they enter or leave safe zones.• Family Locator See your family’s live location and history.• Screen Time Reports Review app usage, browsing, and screen time reports.• Uninstall Protection Prevent kids from deleting or bypassing parental controls.• Expert Safety Tips Get parenting advice and online safety guidance.Why Parents Trust Mobicip 🏆 Over 15 years of helping families stay safe online 🌍 Trusted by 3+ million parents worldwide 📱 Works on iPhone, iPad, Android, Mac, Windows & Kindle 🏅 Winner of the 2025 Family Choice AwardPlans & FeaturesMobicip Basic – Free (1 Device) • Website blocker • Instant pauseMobicip Standard – Up to 10 Devices • All Basic features • App blocker & schedules • Screen time limits • Family locatorMobicip Premium – Up to 20 Devices • All Standard features • Porn filter • Social media monitoring • App usage limits • Expert advice & premium support👉 Start your free trial today. Cancel anytime.Privacy & SecurityMobicip never sells or shares data. Only you can access your child’s history.Uses Android Accessibility Services & VpnService to block harmful content and manage screen time.Device Administrator permission required to prevent unauthorized uninstalls.Compatibility • iPhone • iPad • Android • Mac (macOS) • Windows • KindleSubscription InfoSubscriptions auto-renew unless canceled 24 hours before renewal. Manage anytime in device settings. 📄 Terms: mobicip.com/terms 🔐 Privacy: mobicip.com/privacy 💬 Support: support@mobicip.comParents worldwide search for parental control apps: “App de control parental” (Spanish), “application contrôle parental” (French), “Kinderschutz-App” (German). Mobicip helps parents block apps, filter porn, set screen limits, and track kids’ location.",https://www.mobicip.com,https://play.google.com/store/apps/details?id=mobicip.com.safeBrowserff&hl=en&gl=US,https://play-lh.googleusercontent.com/dAcxo2QJUV15e0a6UiZF9o00frvqmjhLFua6wGIO_7BX5kHIVjxt_jHIZxL0-p69GHBR=w240-h480-rw,2.4.13_r1220,2013-12-20,2025-08-26,1.0,2025-03-10
play:com.aheadsolutions.aHead,PlayStore,com.aheadsolutions.aHead,ahead-emotions-coach_playstore,Ahead: Emotions Coach,Ahead App,Kids,50000,4.6,2420,9.99,79.99,$9.99 - $79.99 per item,"Take control of your emotions and achieve emotional mastery with Ahead: Emotions Coach, a personalized coaching app that brings science-backed mental health techniques right to your fingertips. Designed by behavioral experts, Ahead helps you improve emotional intelligence, manage stress, and foster better mental health through interactive coaching that fits your busy life. Whether you’re dealing with anxiety, anger, or impulsive reactions, Ahead provides practical tools and exercises to help you regain control of your emotional state in just a few minutes each day.The app’s unique approach combines proven psychological methods with modern technology to offer tailored emotional management programs. With daily 5-minute sessions, you can learn how to identify, process, and regulate your emotions more effectively. You’ll discover tools that will not only help you avoid emotional overwhelm but also enhance your ability to thrive in challenging situations, manage your relationships, and achieve inner peace.Key Features:Personalized Emotional Journeys: Custom coaching plans tailored to your emotional patterns, challenges, and growth goals.Science-Backed Techniques: Practical tools based on Cognitive Behavioral Therapy (CBT), mindfulness, and emotional regulation strategies.Emotional Tracking: Daily reflections to monitor and understand your emotional trends.Interactive Exercises: Short, effective exercises to boost emotional awareness and build resilience.Behavioral Coaching: Gain insights from professional coaches, who guide you on how to handle specific emotions like anxiety, frustration, or worry.Emotional Toolkit: Build a quick-access library of emotional management techniques that you can use during stressful moments.Community Support: Connect with a supportive community where you can share your journey and encourage each other.Daily Reminders & Notifications: Stay on track with gentle reminders and motivation to practice emotional control and mindfulness consistently.Progress Tracking: Set goals, monitor your achievements, and celebrate improvements in your emotional health over time.Whether you’re dealing with constant stress, emotional burnout, or want to improve your overall emotional intelligence, Ahead equips you with the knowledge and tools to tackle emotions head-on. You’ll discover how to remain calm during pressure, regulate difficult feelings, and handle emotional triggers effectively. The app’s built-in progress tracker helps you see your growth, while personalized advice from coaches ensures you stay on the right path toward mental and emotional well-being.With Ahead: Emotions Coach, improving emotional intelligence isn’t just about managing your emotions in the short term. It’s about developing lifelong habits that help you navigate life’s complexities with confidence. From work stress to personal relationships, Ahead empowers you to stay in control of your emotional world and build a resilient, mentally strong mindset.Start your personalized journey today and experience a happier, more balanced life with Ahead: Emotions Coach. Choose between flexible subscription plans, including monthly and yearly options, to unlock full access to Ahead’s transformative coaching experience.",https://www.ahead-app.com/,https://play.google.com/store/apps/details?id=com.aheadsolutions.aHead&hl=en&gl=US,https://play-lh.googleusercontent.com/3ShN3SOxwkN4_hLh5fCMgop2OLFr-TUK38LqI7B_chXQrOng1dLJqq84t6A0BP-7PLE=w240-h480-rw,1.59.1,2024-03-12,2025-07-14,0.175,2025-03-10
play:com.asanarebel.perfectdayplanner,PlayStore,com.asanarebel.perfectdayplanner,perfect-day-organize-your-day_playstore,Perfect Day: Organize Your Day,Asana Rebel,Kids,100000,4.0,2530,13.99,79.99,$13.99 - $79.99 per item,"Transform Your Routine, Transform Your Life with Perfect Day!Discover the ultimate productivity and self-care companion in Perfect Day, an innovative todo app designed not just to organize your tasks but to revolutionize your daily habits and routines. With Perfect Day, you can easily navigate through the chaos of daily life and find your path to personal growth and well-being.Key Features:Self-Care Routines: Dive into a handpicked selection of self-care routines aimed at improving your mental and physical health. Perfect Day makes managing stress and enhancing your well-being accessible and effective.Over 100 Habits for Easy Building: Unlock the door to a better you with our extensive library of over 100 habits. Designed for seamless integration into your daily life, these habits are your stepping stones to lasting positive changes.Customizable Reminders: Stay on course with personalized reminders. Perfect Day ensures that you're always aligned with your goals, helping you to never miss out on crucial tasks and habits that drive your success.Visualize Your Perfect Day: With Perfect Day, planning your ideal day isn't just a dream. Our intuitive design tools allow you to visualize and craft your perfect day, ensuring balance and fulfillment in every aspect of your life.Perfect Day is more than just a todo app; it's your personal guide to building a life of purpose, balance, and happiness. Whether you're looking to manage your tasks, implement new habits, or indulge in self-care routines, Perfect Day has everything you need to create the life you've always wanted.Download Perfect Day now and start your journey towards a better, more fulfilled you.If you need any help, feel free to contact us at support@perfectday.aiFOR MORE INFORMATION:Terms of Use: https://asanarebel.com/terms-of-use-perfect-dayPrivacy Policy: https://asanarebel.com/privacy-policy-perfect-day",https://perfectday.ai,https://play.google.com/store/apps/details?id=com.asanarebel.perfectdayplanner&hl=en&gl=US,https://play-lh.googleusercontent.com/zBKazMEjyUMC1upqHcTDcqRNTpdGhhelu92sKS4U8G90tm_QZujdTiivh7UbMZf4G2Y=w240-h480-rw,2.0.3,2024-03-15,2025-07-22,0.925,2025-03-10
play:com.pomodoro.foca,PlayStore,com.pomodoro.foca,foca-pomodoro-focus-timer_playstore,Foca: Pomodoro Focus Timer,Foca Team,Kids,100000,4.4,2660,2.49,6.99,$2.49 - $6.99 per item,"Combining the Pomodoro technique with stretch exercise, Foca aims to keep you productive and healthy at work.KEY FEATURESFocus Timer- Customisable focus time.- Notification & vibration at the end of a Pomodoro.- Pause and resume Pomodoro.- Auto-Run mode.Ambient Sounds- White noise helps you to concentrate.- Various ambient sounds including Dawn Forest, Seashore, Berliner Cafe!Stretching Exercises- Simple stretching exercises after a focus session.- Vivid voice and illustration guidance.- Stretches of the neck, shoulder, back, hands, legs, and whole body.- Relieve office syndrome.Statistic Reports- Statistics of your focus time over time.- Distribution of your time on each Pomodoro category.Focus Categories- Create your own focus categories with names and colours you like.- Deeply integrated with Statistics Reports for better tracking of your focus performance.HOW TO USE- Start a focus session.- Concentrate on your work with white noise and minimalist background.- At the end of the focus session, you can choose to start stretching exercises, take a break, or skip the break session.Note: Some mobile phone manufacturers (like Huawei, Xiaomi) take very aggressive measures against apps that need to run in the background, to save battery life. If Foca App gets killed, please follow the steps below to improve stability:1. Turn off battery saving mode.2. Lock the app on the multi-task screen.Or you can turn on the ""Screen Always On"" switch in the settings, to avoid background running.Feel free to contact us at foca-2020@outlook.com if you have any feedback. :)",https://www.foca.work,https://play.google.com/store/apps/details?id=com.pomodoro.foca&hl=en&gl=US,https://play-lh.googleusercontent.com/jHtYd4X_YWNbT8M8ZEjDhvu74IdclbsSZM_ba3B7lDMSUKxB9J4d4j1hgSUiSf4C6Kc=w240-h480-rw,1.3.2,2020-07-19,2022-03-11,1.0,2025-03-10
ios:id1023924541,AppStore,id1023924541,blockbear_appstore,BlockBear!,"TunnelBear, LLC",Productivity,0,4.66258,2694,0.0,1.99,Free,"Rawr! BlockBear is a really simple and ferocious adblocking app that allows you to browse the web ad-free and reclaim valuable screen space. 

BlockBear:
• Blocks ads (popups, text ads, banners) and removes website clutter
• Loads many websites 3-5x faster saving time and bandwidth
• Protects your privacy from widespread online tracking (cookies, beacons, scripts, etc)
• Lets you choose to block any combination of ads, online tracking and social buttons with a simple switch
• Helps you to conveniently whitelist your favourite websites from within Safari using the BlockBear Safari extension
• Includes 100% more bears than competing ad blockers

Yeah, you could download another adblocker… but then you wouldn’t have a bear.",http://blockbear.com,https://apps.apple.com/us/app/blockbear/id1023924541?uo=4,https://is1-ssl.mzstatic.com/image/thumb/Purple118/v4/ab/8e/db/ab8edb1b-f39c-967e-d3db-f80248808f62/AppIcon-1x_U007emarketing-85-220-0-5.png/512x512bb.jpg,1.3.1,2015-09-18,2018-02-13,1.0,2025-03-10
play:com.mdev.intervaltimer,PlayStore,com.mdev.intervaltimer,interval-timer-workout-hiit_playstore,"Interval Timer: Workout, HIIT",MDev Mobile Apps,Kids,100000,4.7,2780,1.19,20.99,$1.19 - $20.99 per item,"All-purpose timer for activities like HIIT (High intensity interval training), Tabata, Fitness, Workout, Sports, Running, Cardio, Stretching, Yoga, Meditation, Boxing, Kickboxing, Circuit training and other interval training.Features:- Simple mode for quick configuration- Advanced mode for custom timers- Save own timer presets to start your workout right away- Text to speech: Hear which exercise comes next- Control the timer from notifications & lock screen- Statistics: Set a weekly goal, track your progress, check your active daysWear OS Companion App:- Always keep an eye on your workout, right on your wrist- Control the timer on your watch- Record your heart rate throughout your workout and analyze your heart rate zones, training intensity and calories burned in the phone app- Transfer your saved timers to your watch and train completely without a connected phonePrivacy friendly:- No registration- No ads- No internet connection required- All data is saved locally on the device***** Important Note *****Some devices (especially Huawei, Xiaomi, Samsung, OnePlus) have a very aggressive energy-saving mode. Due to this, background processes are quickly terminated. Therefore, it is necessary to disable the energy-saving mode for this app. Please note that further settings may also be necessary depending on the device.Permissions:- Phone status: The ""Pause timer on incoming calls"" feature requires the permission to read the phone status on Android 12 and above. If you want to use this feature, you can grant this permission in the app's settings.",https://www.instagram.com/mdev.apps/,https://play.google.com/store/apps/details?id=com.mdev.intervaltimer&hl=en&gl=US,https://play-lh.googleusercontent.com/JxEEl-xtN_6XjoSF5VKnLMNSPE4-qgsRIgbXCFGmkgJVfxqvSH381MkDqabMlsikPjYr=w240-h480-rw,Varies with device,2020-10-11,2025-09-20,1.0,2025-03-10
play:com.robobobo.apps.buddhasquotes,PlayStore,com.robobobo.apps.buddhasquotes,buddha-wisdom-buddhism-guide_playstore,Buddha Wisdom - Buddhism Guide,MitsApps,Kids,100000,4.6,2870,2.99,25.99,$2.99 - $25.99 per item,"Embark on a transformative journey of self-discovery with the enlightening world of Buddhism through the Buddha Wisdom app.Buddha Wisdom is the ultimate app for anyone seeking to deepen their understanding of Buddhism and mindfulness. This app offers an extensive collection of Buddhist quotes, teachings, and meditations to inspire and guide you on your spiritual journey. Whether you're new to Buddhism or have been practicing for years, Buddha Wisdom is the perfect app to help you live a more mindful and meaningful life.At Buddha Wisdom, you'll find everything you need to dive into the world of Buddhism, from classic breathing exercises to audio-guided meditations. With over 100 quotes, 15 meditations, the full Dhammapada, and 50 Pali Canon texts, you'll have access to a wealth of knowledge and resources to help you cultivate inner peace, happiness, and wisdom.Breathing is a cornerstone of mindfulness and meditation practice, and with our app, you don't need a separate breathing app. Buddha Wisdom offers a variety of breathing exercises, including box breathing, equal breathing, and 478 breathing, to help you lower stress, increase calm, and improve your overall well-being. Breathing is a simple yet powerful tool that can provide an almost immediate sense of calm and lower blood pressure, making it a must-have tool in your mindfulness toolkit.The Dhammapada is one of the most well-read Buddhist scriptures, and it's easy to see why. This collection of sayings from the Buddha is accompanied by beautiful illustrations, making it a visual and inspiring way to gain a better understanding of Buddhism, the Buddha, and Buddhist text.In addition to quotes and meditations, Buddha Wisdom also includes important Buddhist teachings, such as the Four Noble Truths and different chapters of Buddhism. The Four Noble Truths are the foundation of the Buddha's teachings, and they offer a clear and concise explanation of the truth of suffering, the cause of suffering, how to end suffering, and the path to truth that leads to the end of suffering.With this app, you'll also have access to parables and truth from Buddhism, providing you with a deeper understanding of this ancient spiritual tradition. The more you read and reflect on these teachings, the more they will benefit you in your everyday life, helping you to gain peace, tranquility, and happiness.Discover profound insights and guidance on Buddhism and mindfulness with Buddha Wisdom. Whether you’re seeking inspiration or deepening your spiritual practice, our app offers a wealth of resources to support your journey. Explore teachings, meditations, and more to live a meaningful life.Introducing our latest update! Immerse yourself in the transformative world of mindfulness with our brand-new audio meditation collection: Impermanence. Discover a serene path to self-discovery, where you can cultivate acceptance and embrace change through guided meditations. Dive into the Impermanence collection and embark on a journey of profound reflection, leading to a greater sense of tranquility and balance. With our carefully curated meditations, you'll find the wisdom and tools to navigate life's transitions with grace. Download now and explore the power of Impermanence for a more mindful you.",http://robo-bobo.com,https://play.google.com/store/apps/details?id=com.robobobo.apps.buddhasquotes&hl=en&gl=US,https://play-lh.googleusercontent.com/Q2wshGUo2M5RANSb2dAz_2u7FgUM1moS32LukM7RNBw-JFvduR4oLtyLMHGadDIQ=w240-h480-rw,2.4.1,2015-08-23,2025-09-16,0.05,2025-03-10
ios:id953426154,AppStore,id953426154,be-focused-pro-focus-timer_appstore,Be Focused Pro - Focus Timer,Denys Ievenko,Productivity,0,4.63698,2953,0.0,69.99,$12.99,"Staying on task seems is a real challenge for our screen-bound generation. The Be Focused lets you get things done by breaking up individual tasks among discrete intervals, separated by short breaks. It’s a surprisingly effective way to retain motivation and focus. Create tasks, configure breaks and track your progress throughout the day, week or custom period. Use Be Focused on your iPhone, iPad, or Mac — everything stays perfectly in sync.

Task Management

•	Create and manage tasks
•	Add notes and due dates to tasks
•	Organize tasks with tags and filters
•	Paste task lists from other apps

Timer Control

•	Start, pause, or skip intervals
•	Auto-start the next interval (optionally)
•	Plan intervals needed for task completion and track accuracy
•	Manage completed intervals

Timer Customization

•	Set durations for work sessions, short and long breaks
•	Define number of intervals before a long break
•	Set a daily goal for completed intervals 
•	Assign different timer settings to individual tasks

Reports

•	View detailed reports to monitor your progress
•	Export your data in CSV format

Sounds and Notifications

•	Chronometer ticking sound with adjustable frequency
•	Variety of alarm sounds
•	Interactive notifications
•	Adjustable volume for alarms and chronometer

Integration

•	Sync across all your devices (iPhone, iPad, Mac) *
•	Integration with Focus Matrix to manage tasks using urgent/important principle **
•	Integration with Shortcuts app to automate workflow

Quick Access

•	Widgets for Lock Screen and Home Screen
•	Live activities for Lock Screen and Dynamic Island
•	Control to start or stop the timer from the Lock Screen, Controls Center, or Action Button

Automation

•	Integration with Shortcuts app (control tasks and timers via Shortcuts app)
•	Automate Shortcuts execution on events in Be Focused app

Device Support

•	Apple Watch support
•	Also available for Mac
•	Dark and Light mode support

* Sync with Mac requires Be Focused Pro for macOS, sold separately.
** Integration with Focus Matrix requires the Pro version of Focus Matrix, sold separately.",https://xwavesoft.com/be-focused-pro-for-iphone-ipad-mac-os-x.html,https://apps.apple.com/us/app/be-focused-pro-focus-timer/id953426154?uo=4,https://is1-ssl.mzstatic.com/image/thumb/Purple211/v4/91/46/13/91461341-6b5e-0d9c-50ee-482695e71cd0/AppIcon-0-0-1x_U007emarketing-0-8-0-85-220.png/512x512bb.jpg,2.5,2015-01-27,2025-04-16,1.0,2025-03-10
play:com.jupiterapps.stopwatch,PlayStore,com.jupiterapps.stopwatch,multitimer-stopwatch-timer_playstore,MultiTimer: Stopwatch & Timer+,Jupiter Apps,Kids,50000,4.7,2970,2.49,6.49,$2.49 - $6.49 per item,"⏱️ MULTITIMER: STOPWATCH & TIMER+Multiple timers and stopwatches in one powerful multitimer app — with groups, presets, laps, floating mode, and full customization to fit any task or routine.✨ WHY MULTITIMER: STOPWATCH & TIMER+?Stopwatch & Timer+ is more than just a basic stopwatch or single countdown timer. It’s a full multitimer system that lets you:✅ Run multiple stopwatches and timers simultaneously✅ Organize them into groups for different situations (home, work, fitness)✅ Save presets so you never have to set them up twice✅ Float timers over other apps so you never lose track of timeWhether you’re cooking, working, studying, training, or relaxing, Stopwatch & Timer+ adapts to your needs — simple enough for everyday use, powerful enough for advanced routines.🔥 KEY FEATURES⏳ Core Timing Tools✅ Run multiple stopwatches and timers at once (up to 99 hours)✅ Loop countdowns & repeat modes✅ Chain timers (auto-start the next)✅ Countdown then up mode⚙️ Smart Controls✅ Create groups of timers and control them together — start, stop, or reset all at once✅ Use groups for different sets of tasks or situations:✅ At home — cooking, laundry, cleaning✅ At work — tasks, meetings, lunch breaks✅ Sports & fitness — workouts, intervals, team drills✅ Rename, reorder, and delete timers easily✅ Swipe between groups for effortless organization✅ Export results by email📋 Timer & Group Presets✅ Save presets for individual timers or entire groups✅ Presets store everything: name, mode (repeat, countdown then up, or start next), alarm sound, and alarm duration✅ Group presets let you recall entire sets of timers with one tap✅ Why presets matter: perfect for routines you use often — e.g. a workout circuit, a cooking recipe, or a daily work schedule. No need to set up timers again and again — just load the preset and go.🏁 Lap & Precision Tools✅ Track laps with optional 1/100th second accuracy✅ Rename laps for clarity (e.g. “Warm-up,” “Sprint,” “Cooldown”)🔔 Alarms & Notifications✅ Set individual alarm sounds for each timer✅ Optional vibration alerts✅ Choose alarm duration to fit your needs✅ Includes built-in meditation sounds for relaxation or focus🎨 Customization✅ Choose your own fonts, colors, and themes✅ Compact mode to fit more timers on screen✅ Graphical clock dials and stylish themes🚀 Power Features✅ Floating timers stay visible above other apps🌍 PERFECT FOR🍳 Cooking & Home — time multiple dishes, laundry cycles, and cleaning sessions so everything stays on track.💼 Work & Productivity — manage tasks, meetings, and lunch breaks with precision, or use Pomodoro for focused work sessions.💪 Fitness & Sports — build custom workouts, run HIIT or interval training, and track team drills and recovery periods.📚 Studying & Focus — stay disciplined with study sessions, reading blocks, and exam practice under timed conditions.🧘 Meditation & Wellness — use built-in meditation sounds and timers to relax, breathe, or create calm daily routines.⭐ WHY USERS LOVE ITMultitimer: Stopwatch & Timer+ is simple, reliable, and endlessly flexible. Whether you’re a professional athlete, a busy chef, or someone building healthy routines, this is your go-to solution.We’re always improving Stopwatch & Timer+. If you enjoy the app, please leave us a rating — it helps us keep building the features you love!Online stopwatch: http://stopwatchtimers.com/stopwatch/Online timer: http://stopwatchtimers.com/timer/",http://stopwatchtimers.com,https://play.google.com/store/apps/details?id=com.jupiterapps.stopwatch&hl=en&gl=US,https://play-lh.googleusercontent.com/X-jGilA2CUomgvw2_JH4xR8g8vyD-oBNOZZnxA7dtAbiL1bmDnqBkst_FXXNRK3_wyHk1eSUeoAmCm-ihSDn-g=w240-h480-rw,Varies with device,2010-08-29,2025-09-09,1.0,2025-03-10
ios:id1631305261,AppStore,id1631305261,focus-tree-focus-timer_appstore,Focus Tree – Focus Timer,Focus Labs,Productivity,0,4.68771,3010,0.0,0.0,Free,"Can't stop scrolling? You spend too much time on your phone? Focus Tree is a new-kind of productivity app leveraging the power of communities and web3 to protect your most precious asset: time

We help people build a healthy relationship with technology and screens so they can reach their full potential.

START FOCUSING ANYWHERE, AT ANYTIME
During your focus session, ALL distractions are blocked automatically so you stay focused on what's in front of you.

FOCUS & GROW GARDENS WITH FRIENDS
Join shared gardens of people with similar goals and interests
Grow your garden with your community by focusing everyday
Compete with others communities to win prizes

TRADE YOUR ITEMS
Collect new items for your gardens by focusing
Buy & sell new items on marketplaces

Built on Starknet with love!

Privacy Policy: https://focustree.notion.site/Privacy-Policy-5019aee0f2594a23baea87e59fafa5cb
Terms of Service: https://focustree.notion.site/Terms-of-Service-72262ac543e9415a97c0556daad51fb0",https://www.focustree.app,https://apps.apple.com/us/app/focus-tree-focus-timer/id1631305261?uo=4,https://is1-ssl.mzstatic.com/image/thumb/Purple211/v4/35/90/56/359056bb-708c-60ac-4cb1-7074093128bd/AppIcon-0-0-1x_U007emarketing-0-8-0-85-220.png/512x512bb.jpg,0.3.118,2022-10-24,2025-09-22,1.0,2025-03-10
ios:id1551848949,AppStore,id1551848949,migiri-porn-blocker-more_appstore,Migiri: Porn Blocker & More,Digital Literacy SL,Health & Fitness,0,4.53763,3162,0.0,0.0,Free,"Migiri: Quit Porn, Take Control, Transform Your Life

Almost a million people have already downloaded Migiri as their trusted partner to quit porn. Discover how it can transform your life - download the app for free and start your journey today.

⎯⎯⎯⎯⎯⎯⎯
What is Migiri?
⎯⎯⎯⎯⎯⎯⎯

Migiri is the go-to app for those seeking to overcome porn addiction using proven clinical techniques. Backed by experts, it provides personalized tools and resources tailored to your unique needs.

⎯⎯⎯⎯⎯⎯⎯⎯⎯⎯
Features & Benefits
⎯⎯⎯⎯⎯⎯⎯⎯⎯⎯

◉ Smart Porn Blocker with Anti-Tampering Mechanisms
Migiri’s advanced porn blocker prevents access to adult content, even in private mode. You can also customize the blocking list by adding websites and apps of your choice. Anti-tampering mechanisms ensure that your settings remain intact, giving you peace of mind and consistent protection.

◉ Kanjo: Your Interactive Companion
Kanjo is here to keep you engaged and focused on your journey. Use Kanjo to check in daily, share your thoughts, stay accountable, and receive tips and encouragement. It’s like having a trusted friend to guide and support you every step of the way.

◉ Inspiring Milestones
Achieving long-term goals is easier when broken into smaller, manageable steps. Migiri’s challenges motivate you to stay on track, and the app celebrates your progress as you conquer each milestone.

◉ Healthy Habits
Replace harmful habits with positive ones. Migiri offers Daily Exercises, including guided meditations designed by clinical psychologists and approachable workouts created by fitness experts, to reduce stress and improve overall well-being.

◉ Personalized Courses for Tailored Support
Whether you’re celebrating abstinence or working through a relapse, Migiri provides specialized courses designed by clinical psychologists to guide you through every phase of your journey.

◉ Companion Support
Select someone you trust to support you. Migiri notifies your chosen companion when you face challenges or reach milestones, ensuring you have encouragement when it matters most.

◉ Therapy Sessions
Dive deeper into the root causes of your addiction with optional remote sessions. Work with licensed therapists specialized in porn addiction to identify triggers, manage stressors, and develop coping strategies.

⎯⎯⎯⎯⎯⎯⎯⎯⎯⎯⎯⎯
Privacy and Security First
⎯⎯⎯⎯⎯⎯⎯⎯⎯⎯⎯⎯

Your privacy is our priority. You can sign up anonymously and we never sell or share your data. All your information remains secure and confidential.

⎯⎯⎯⎯⎯⎯⎯⎯⎯⎯
Pricing Transparency
⎯⎯⎯⎯⎯⎯⎯⎯⎯⎯

Migiri offers a free trial to explore its features and see how it supports you. After the trial, a subscription is required to use the app. You can cancel anytime via Device Settings.

Optional one-on-one therapy sessions with licensed therapists are available at an affordable price, not included in the app subscription, offering personalized support to enhance recovery and tackle challenges. You can cancel anytime through the app.

Migiri aims to provide the tools and resources for success, with no pressure and easy cancellation.

⎯⎯⎯⎯⎯⎯⎯⎯⎯⎯⎯⎯⎯
What Makes Migiri Unique?
⎯⎯⎯⎯⎯⎯⎯⎯⎯⎯⎯⎯⎯

◉ More than a Porn Blocker
While blocking is important, Migiri goes beyond by equipping you with tools to build long-term resilience and healthier habits.

◉ Better Accountability
Migiri celebrates your successes with your companion, offering support not only when things go wrong but also when you achieve milestones.

◉ Affordable Therapy
Get expert-backed resources and therapy at a price that makes sense.

◉ Proven Success
After 30 days of using Migiri, 91% of users reported significant improvement in managing their porn addiction (2023 Market Research).

◉ We're Here for You
We’re here to help you every step of the way. If you need guidance, have questions, feel free to contact us anytime via the app’s support section or at help@migiri.app.

Terms of Use:  https://www.apple.com/legal/internet-services/itunes/dev/stdeula",https://migiri.app,https://apps.apple.com/us/app/migiri-porn-blocker-more/id1551848949?uo=4,https://is1-ssl.mzstatic.com/image/thumb/Purple221/v4/a3/d5/a5/a3d5a5d3-0b36-965f-d02d-77165a8a72d1/AppIcon-0-0-1x_U007epad-0-1-0-85-220-0.jpeg/512x512bb.jpg,4.4.1,2021-07-23,2025-09-23,1.0,2025-03-10
cws:ifdepgnnjpnbkcgempionjablajancjc,ChromeWS,ifdepgnnjpnbkcgempionjablajancjc,focusguard-block-site-focus-mode_chromews,FocusGuard - Block Site & Focus Mode,Non-traderThis developer has not identified itself as a trader. For consumers in the European Union,Extension,80000,4.6,3400,0.0,0.0,Free,"OverviewFree site blocker for enhanced productivity. Custom blocklist and password protection. Stay focused, and block distractions.If you want some time to browse online but hope to avoid a full-blown internet spiral, a site blocker might be perfect for you. Set a time limit for distracting sites. When you reach the limit, a block goes into place. That means you still get to check your feed now and then, just not for too long or too often. Site blocker is designed to help you stay focused on studying, learning, and working. Blocks all time-westing websites to keep you productive and away from all the distractions the internet offers. To use a site blocker, set a password, decide which websites you want access to, and let the site blocker block the rest. If you want to visit a site you have blocked, enter your password, and decide how long you want to be on the blocked site. If you’re a parent, you can set the password for your child. Or, if you’d like to use it yourself, have a friend or partner put it for you to help you concentrate. And voila! You now have a set of internet guardrails that help to help you stay productive and on task whether you’re studying, remote learning, or need an extra boost of self-control to finish a project. ⭐️Features⭐️ 👉 Block sites, including its subdomains Remove all distracting and harmful websites from your life by blocking them for you while you need to stay focused and productive. 👉 Allowlist Add exceptions to the blocked websites list. Sites from this list avoid all blocking settings. 👉 Focus mode The focus mode timer lets you control your schedule via the Pomodoro technique. Break down your tasks into intervals followed by a short break. With ‘Focus Mode,’ you can set times to disable websites and browse freely. 👉 Time management Show how many work cycles you completed during a session. So you’ll be able to get all your tasks done and still have time to browse your favourite sites and apps in between. 👉 Password protection If you start focus mode, you can stop it with a passcode of your choosing, making it harder to procrastinate. You can also password-protect the options page to keep you from efficiently removing sites from your list. 👉 Unstoppable focus mode Select the option to hide the pause and stop buttons in the extension settings. And you won't be able to stop blocking sites until the block time expires. 👉 Funny blocked page You will now see funny images if you are trying to enter a blocked site. To do this, you need to enable this option in the site blocking settings. You will still not be able to enter the blocked site, but perhaps a funny picture will make you smile :)) Block Site is one of the best productivity tools available to help people procrastinate less, become more productive and reach their life goals. You’ll never have to worry again about how to stay focused at work. ⭐️Note⭐️ To block sites in incognito mode, you need to activate Allow run in incognito mode checkbox on the chrome://extensions page.See less",,https://chromewebstore.google.com/detail/ifdepgnnjpnbkcgempionjablajancjc?hl=en,https://lh3.googleusercontent.com/wzRnvLduIayNaQqsi6TGmOrE6ic7xK56c4FbjRkx3zwjiqXdXeGO_UbfSNM9jthW--nWu9VmGU1Hje87wxYJXutS4A=s128-rj-sc0x00ffffff,"UpdatedFebruary 23, 2025",,,1.0,2025-03-10
ios:id1519999420,AppStore,id1519999420,daily-planner-schedule-brite_appstore,"Daily Planner, Schedule: Brite",Brite Technologies LLC,Productivity,0,4.57578,3418,0.0,0.0,Free,"Brite Daily Planner: Your Ultimate Companion for a Balanced and Productive Life

Discover the all-in-one solution that helps you tackle your daily tasks, stay organized, and achieve your goals with ease. With Brite Daily Planner, we've combined the essential features all in one user-friendly app, allowing you to focus on what truly matters and replace the need for multiple apps.

Who is Brite Daily Planner for?

Brite Daily Planner is designed for a wide range of users who want to consolidate their organization and productivity tools into one app, including:

* Busy professionals seeking to manage their work tasks and personal life more efficiently
* Students aiming to stay organized with their schoolwork, extracurricular activities, and personal goals
* Freelancers looking to manage their projects, clients, and deadlines effectively
* Parents striving to balance family life, work, and personal growth
* Individuals seeking to improve their emotional well-being and mindfulness through mood and meditation tracking
* Anyone who wants to be more organized, productive, and focused in their daily life, without the distraction of switching between multiple apps

*Key Features of Brite Daily Planner

**Manage your time and schedule:**
Full-featured Calendar - Sync with Google and Apple calendars for a seamless scheduling experience
Daily Planner - Organize and prioritize your day effortlessly
Reminders - do not lose important events.
Countdowns - Create a countdown to track time until important events

**Track and achieve personal and professional goals:**
Task Manager - Keep track of personal and business tasks, complete with reminders and AI tags
Habit Tracker - Build healthy habits and track your progress
Goal Tracker - Set and achieve your goals with a library of pre-built goals to choose from
Projects - Collaborate on projects, with integrated tools like timeline, storage, groups, finances, and chat


**Improve your emotional well-being and mindfulness:**
Mood Journal - Reflect on your emotions, track your mood, and access a library of mind techniques to improve your overall well-being
Meditation Tracker - Monitor your meditation practice and track your progress
Collaborate on projects with others:

**Organize and store your thoughts and ideas:**
Notes - Jot down your thoughts, ideas, and insights, and integrate them with tasks and group chats
Storage - Save, manage, and share your files and ideas with ease
Timeline - Plan, view, and manage your tasks on a day-to-day basis

Brite Daily Planner is available on iPhone, iPad, Mac, Apple Watch, and the Web, allowing you to manage your productivity from anywhere.

With over 500,000 downloads and 7,000 reviews worldwide, Brite Daily Planner boasts an average rating of 4.8 out of 5 stars. The app supports 30 languages, making it accessible to users around the globe.

By using Brite Daily Planner, you'll no longer need to switch between multiple apps and lose focus. Everything you need for a productive workday and a happier life is right at your fingertips.

Our mission is to create an ideal environment that helps you maximize your personal and professional potential. We understand how work and personal affairs can be intertwined, and we believe that minimizing distractions, like switching between apps, is key to achieving a balanced and productive life.

With Brite Daily Planner, we aim to provide the perfect space for you to grow, develop, and collaborate with like-minded individuals. Start your journey to a more organized and productive life today with Brite Daily Planner.

For any feedback: hello@britetodo.com

License Agreement: https://www.apple.com/legal/internet-services/itunes/dev/stdeula/",https://britetodo.com,https://apps.apple.com/us/app/daily-planner-schedule-brite/id1519999420?uo=4,https://is1-ssl.mzstatic.com/image/thumb/Purple221/v4/ef/76/da/ef76da6f-40c1-1d0a-ca14-e61b95af9e5f/AppIcon-0-0-1x_U007emarketing-0-11-0-0-0-85-220.png/512x512bb.jpg,2.0.94,2020-10-15,2025-06-26,1.0,2025-03-10
ios:id1518956326,AppStore,id1518956326,myroutine-routine-habit-goal_appstore,MyRoutine: Routine Habit Goal,"Minding. co., Ltd.",Productivity,0,4.80431,3434,0.0,0.0,Free,"Build good habits and keep you on track! Make a structured day w. Myroutine.
MyRoutine is a daily routine & habit tracker app designed to maximize your productivity and well-being.

Track and manage your daily routines, habits, goals and moods in a single routine & habit tracker with ONE STOP SOLUTION for habit tracking!
Just connect habits to situations, then you magically do it.
Make your day more structured and turn your goals into reality!


USEFUL KEY FEATURES

■ Easily Manage Numerous Routines & Habits
- View all your routines at a glance
- Easily find and add routines that suit you
- Ideal for users with many tasks, including those who care for children, pets, or plants

■ Track Habits and Mood Together
- Mood tracking is a great habit; manage it alongside your other habits
- No need for separate habit and mood tracking apps
- Add mood tracking to your routine list, check it off to log your score, feelings, and diary entries
- Includes mood score graphs and a monthly journal overview

■ Create your own perfect routines
- Easily create your own routine
- Get recommended routines tailored to your goals

■ Reminders & Widgets to keep you grounded
- Customize the reminders you want to receive
- Stay in close touch with your routines through widgets!
- Especially useful for those with ADHD


■ Personalize settings
- Check completed routines with your favorite emojis
- Set routine reminders at your preferred time
- Personalize the app view to your liking

■ Routines, Habits, Goals and To-dos in one organizer app
- A one-stop shop for any day's routines, habits, goals and to-dos
- Manage everything in a single daily routine & habit tracker
- Do it all in one place, easily and without procrastination.

■ Have fun tracking your own progress
- Track your daily progress with Green Lights
- View daily, weekly, and monthly statistics at a glance
- Stay motivated by earning Badges and Stamps along the way!

■ Quick and intuitive progress review
- View your recorded routines through our monthly reports
- Check your monthly journals in one place

■ Socialize with Fellow Routiners to stay inspired
- Browse your Fellow Routiners' feeds for inspiration and motivation
- Connect with friends to stay accountable


With MyRoutine, you can organize your life in the most scientific and sustainable way possible: with a routine planner, daily reminders, habit tracker, to-do lists, mood tracking, and goal management. If you want to make the most of your day and efficiently manage your responsibilities, join MyRoutine and start structuring your day to organize your life!


We, the MyRoutine Team, believe that pursuing your routines is key to becoming your best self. Created with care and passion, we hope you make good habits a consistent part of your life!

If you have any questions or suggestions, please do not hesitate to reach out to us!
- Contact: official@minding.today",https://myroutine.today,https://apps.apple.com/us/app/myroutine-routine-habit-goal/id1518956326?uo=4,https://is1-ssl.mzstatic.com/image/thumb/Purple221/v4/4f/07/d1/4f07d11f-1c38-37dc-b629-a7e3ef5f17d9/AppIcon-0-0-1x_U007epad-0-1-85-220.png/512x512bb.jpg,32.7,2020-04-07,2025-02-10,1.0,2025-03-10
ios:id6448239603,AppStore,id6448239603,app-lock_appstore,App Lock,LILUCAT LTD,Productivity,0,4.60923,3598,0.0,0.0,Free,"App Lock is a privacy app designed to help keep your sensitive apps private and secure on your device. With App Lock, you can easily block any app you want, ensuring that you remain private and out of sight from prying eyes.

The app features an intuitive and user-friendly interface that allows you to quickly and easily select the apps you want to lock. Once an app has been locked, nobody will be able to access your private data. 

App Lock is the perfect solution for anyone looking to ensure more privacy and security on your device.

* In order to use App Lock you need to purchase the Lilucat Pro which is an annual service that costs 29.99$. Payment will be charged to iTunes Account at confirmation of purchase and auto-renews at the same price unless disabled in iTunes Account Settings at least 24 hours before the end of the current period. Your subscription can be managed in your iTunes Account Settings. Any unused portion of a free trial period, if offered, will be forfeited when you purchase a subscription.

Links
Terms of Service: https://applock.lilucat.com/legal/terms
Privacy: https://applock.lilucat.com/legal/privacy",https://lilucat.com/,https://apps.apple.com/us/app/app-lock/id6448239603?uo=4,https://is1-ssl.mzstatic.com/image/thumb/Purple221/v4/86/a4/2b/86a42b42-815d-5fd7-4536-698e343ebcf2/AppIcon-0-0-1x_U007epad-0-1-0-P3-85-220.png/512x512bb.jpg,5.3.3,2023-04-26,2025-09-16,0.3,2025-03-10
ios:id1517360968,AppStore,id1517360968,habio-daily-habit-tracker_appstore,Habio - Daily Habit Tracker,Gototop LTD,Health & Fitness,0,4.2903,3958,0.0,0.0,Free,"Good habits help us be healthier and more confident. But it takes great motivation and regular repetition to form the habits you need. 
Habio can help you make this process easier and more pleasant as it was designed in collaboration with mental health professionals. 
Habio is not just a habit tracker. It’s an application that can help you become a better version of yourself. 
Try Habio now and you will succeed!

Why is Habio good for you?

Simple and appealing interface
Easy onboarding to create your first habit
Calendar to view your progress
Tons of insights about habits
Ability to track as many habits as you want
Journal to reflect on your progress
Motivational quotes to inspire you
Opportunity to share Insights and achievements with friends
Essential habit-building Course 

Follow these easy steps:

1
Create a Habit, 
Follow the stats, 
Check your active days in the app, 
Explore insightful tips to build your habit
Get timely notifications to remind you of your habit

2

Start a course
Learn about the way habits form
Do exercises to make your habit stick
Set up and receive check-list rewards

3

Reflect on your day
Fill in the reflection diary
Answer the questions, leave thoughts about your the day
Understand yourself better

Habio is made specifically for dynamic, modern people who aspire to improve their quality of life.
Start making your life better now! Get Habio and share the link with your friends.
To get more inspiration, follow Habio on social media:

Instagram: https://www.instagram.com/habio.app/
Twitter: https://twitter.com/HabioApp
Facebook: https://www.facebook.com/habioapp 
______
The app is free to download. We also offer an optional subscription package.

Subscription Service Conditions:
1) If you choose to subscribe, we offer several auto-renewable Premium Subscription options:
Weekly subscriptions at $4.99 per week with 3 days trial; $7.99 per week with 3 days trial; $2.99 per week; $0.49 for the first week, then $4.99 per week.
Monthly subscriptions at $14.99 per month with 3 days trial; $19.99 per month with 3 days trial; $7.99 per month; $9.99 per month; $0.99 for the first month, then $9.99 per month.
Quarterly subscription at $39.99 per quarter with 3 days trial; $29.99 per quarter.
Yearly subscriptions at $49.99 per year with 3 days trial; $79.99 per year with 3 days trial; $24.99 per year; $29.99 per year.
Also we offer a one-time non-consumable purchase for $49.99, which unlocks all functionality.
2) Payment will be charged to iTunes Account at confirmation of purchase.
3) Subscription automatically renews unless auto-renew is turned off at least 24-hours before the end of the current period.
4) Account will be charged for renewal within 24-hours prior to the end of the current period, and identify the cost of the renewal.
5) Subscriptions may be managed by the user and auto-renewal may be turned off by going to the user's Account Settings after purchase.
6) Any unused portion of a free trial period, if offered, will be forfeited when the user purchases a subscription to that publication, where applicable.

A link to the privacy policy: https://habio.app/privacy-policy
A link to the terms of use: https://habio.app/terms-of-use",https://habio.app/,https://apps.apple.com/us/app/habio-daily-habit-tracker/id1517360968?uo=4,https://is1-ssl.mzstatic.com/image/thumb/Purple221/v4/f1/2a/28/f12a28e8-5f58-b9cf-94b7-97527272c937/AppIcon-1-0-0-1x_U007emarketing-0-6-0-85-220.png/512x512bb.jpg,4.3.1,2020-07-10,2024-05-15,1.0,2025-03-10
play:com.studio.hellohabit,PlayStore,com.studio.hellohabit,hellohabit-habit-tracker_playstore,HelloHabit - Habit Tracker,"RightLife, Inc.",Kids,100000,4.7,4030,1.99,49.99,$1.99 - $49.99 per item,"Simple habit tracking, made easy. HelloHabit helps you set goals, build habits, and achieve success. Hello Habit!HelloHabit offers a fully integrated habit tracker, timer, journal, & calendar. Read the full feature set below:HABIT TRACKERHabit Tracker: Simple but powerful habit tracking, with detailed activity loggingCustom Habits: Personalize your routine with habits like exercise, run, steps, read, meditate, drink water, wake up early, sleep early, journal, brush teeth, cook, quit smoking, quit drinking, quit social media, quit skin picking, and more. Onrise!Suggestions: Explore hundreds of habit ideas for your list, including fitness, health, productivity, and wellness goals.Goals: Set daily, weekly, monthly, or yearly targets to achieve your desired outcomes. Customize your set up to track anything - routine tracker, water tracker, mood tracker, reading tracker, study tacker, fitness tracker, running tracker, weight lifting tracker, onriseReminders: Set up multiple reminders per habit to stay on track and build consistency.Activity Entries: Log unlimited activities for past or current dates to monitor your progress.Streaks and Stats: Track your progress with detailed streaks, statistics, and records to stay motivated. Onrise!Timers: Stay focused with stopwatch or countdown timers for time-bound habits - fully integrated with the habit tracker! Use a stopwatch timer or countdown timer. Pomodoro will be supported soon.Health Sync: Automatically sync health and fitness related habits with Health Connect for comprehensive tracking.Bad Habit Tracker: Quit bad habits. Monitor the duration since quitting an activity to celebrate milestones.Routine Groups: Create habit tracker groups for the different daily routines in your life. Stay more focused and organized through habit stacking techniques.JOURNALDetailed Notes: Record insights and progress for each habit to reflect on your journey. Fully integrated with the habit tracker!Rich Text Editor: Customize notes with formatting and styles for better organization.Centralized View: Access habit activity and notes in one place for easy reference.Filtering: Organize journal entries by habit to review specific areas of focus.Bookmarking: Mark important notes for quick reference and easy access. Onrise!SCHEDULEReminder Options: Set one-time, daily, weekly, or monthly reminders to keep your habits top of mind. Fully integrated with the habit tracker!Unlimited Reminders: Add as many reminders as needed for each habit to stay consistent.Calendar View: Check your schedule in daily, weekly, or monthly formats to plan ahead effectively.PLATFORMDark Mode: Try out a sleek, dark interface for comfortable nighttime use.Customization: Personalize various settings to suit your preferences and needs. Create the perfect appearance for your habit tracker - onrise!Sync Across Devices: Access your data seamlessly on all your devices for convenience. Track habits on wherever you'd like!Customer Support: Get help via an in-app chat feature for quick assistance.This app is also known as ""Hello Habit""HelloHabit offers all features for free within the following limits:- 5 total active habits- 1 reminder per habit- 3 journal notes per dayHelloHabit Premium offers unlimited access. Start a free trial before subscribing to check it out. We also offer a one-time payment option for lifetime access. Country-specific pricing is visible within the app! Onrise.Terms of Use: https://hellohabit.com/termsPrivacy Policy: https://hellohabit.com/privacy",https://hellohabit.com,https://play.google.com/store/apps/details?id=com.studio.hellohabit&hl=en&gl=US,https://play-lh.googleusercontent.com/RfRU_xDsx11DFN1umvU2F11w9FQVU2gIux9i6TydfG3H19f24c-GRvvAM8cGm3X7Kd0=w240-h480-rw,2.9.5,2024-02-26,2025-03-10,1.0,2025-03-10
ios:id973130201,AppStore,id973130201,be-focused-focus-timer_appstore,Be Focused – Focus Timer,Denys Ievenko,Productivity,0,4.71439,4247,0.0,0.0,Free,"Staying on task seems is a real challenge for our screen-bound generation. The Be Focused lets you get things done by breaking up individual tasks among discrete intervals, separated by short breaks. It’s a surprisingly effective way to retain motivation and focus. Create tasks, configure breaks and track your progress throughout the day, week or custom period. Use Be Focused on your iPhone, iPad, or Mac — everything stays perfectly in sync.

Task Management

•	Create and manage tasks
•	Add notes and due dates to tasks
•	Organize tasks with tags and filters
•	Paste task lists from other apps

Timer Control

•	Start, pause, or skip intervals
•	Auto-start the next interval (optionally)
•	Plan intervals needed for task completion and track accuracy
•	Manage completed intervals

Timer Customization

•	Set durations for work sessions, short and long breaks
•	Define number of intervals before a long break
•	Set a daily goal for completed intervals 
•	Assign different timer settings to individual tasks

Reports

•	View detailed reports to monitor your progress
•	Export your data in CSV format

Sounds and Notifications

•	Chronometer ticking sound with adjustable frequency
•	Variety of alarm sounds
•	Interactive notifications
•	Adjustable volume for alarms and chronometer

Integration

•	Sync across all your devices (iPhone, iPad, Mac)
•	Integration with Focus Matrix to manage tasks using urgent/important principle *
•	Integration with Shortcuts app to automate workflow

Quick Access

•	Widgets for Lock Screen and Home Screen
•	Live activities for Lock Screen and Dynamic Island
•	Control to start or stop the timer from the Lock Screen, Controls Center, or Action Button

Automation

•	Integration with Shortcuts app (control tasks and timers via Shortcuts app)
•	Automate Shortcuts execution on events in Be Focused app

Device Support

•	Apple Watch support
•	Also available for Mac
•	Dark and Light mode support

Pro Version Features

•	Single purchase unlocks Pro on iPhone, iPad, and Mac
•	Sync across all your devices
•	Tags and filters to organize tasks and maintain focus
•	Integration with Focus Matrix to manage tasks using urgent/important principle *
•	Shortcuts execution on events in Be Focused app
•	Export data in CSV format
•	No banners, no ads

Be Focused is free to download and use forever. However, if you want to access the Pro features on all your iPhones, iPads, and Macs, you can upgrade to the Pro version. The Pro subscription comes in three different options: Monthly, Yearly with a 7-day trial, and Lifetime (one-time payment).

Payment will be charged to your App Store account and will automatically renew unless auto-renew is turned off at least 24-hours before the end of the current period. Subscription may be managed and auto-renewal may be turned off in your App Store account settings.

Privacy Policy: https://xwavesoft.com/privacy-policy.html
Terms of Use: https://xwavesoft.com/terms-of-use.html

* Integration with Focus Matrix requires the Pro version of Focus Matrix, sold separately.",https://xwavesoft.com/be-focused-pro-for-iphone-ipad-mac-os-x.html,https://apps.apple.com/us/app/be-focused-focus-timer/id973130201?uo=4,https://is1-ssl.mzstatic.com/image/thumb/Purple211/v4/52/bd/2a/52bd2a95-2544-d7bc-e7bf-5450056e2c4c/AppIconlite-0-0-1x_U007emarketing-0-8-0-85-220.png/512x512bb.jpg,2.5,2015-03-26,2025-04-14,1.0,2025-03-10
play:com.underthing.focus.friend,PlayStore,com.underthing.focus.friend,focus-friend-by-hank-green_playstore,Focus Friend by Hank Green,Honey B Games,Kids,500000,4.4,4410,0.99,29.99,$0.99 - $29.99 per item,"Focus Friend is a cozy, gamified focus timer created by online educator Hank Green!When you Focus, your Bean Friend will Focus. If you interrupt your Bean by turning off the timer, they'll be really really sad.Complete your focus session, and this cute Bean will give you prizes to buy decorations to help furnish their room.Perfect for anyone who struggles with long sessions of concentration. Focus Friend is for students and beyond.Features:- Live Activity: See your timer progress when your phone is locked- Deep Focus Mode: Lock distracting apps during your focus sessions- Break Timers: Decorate on your breaks, using the Pomodoro method of productivity- Hundreds of decorations: Decorate your room in different fun themes- Bean Skins: Try on different Bean types to customize your Focus Friend (Coffee Bean, Edamame Bean, Pinto Bean, Kitty Bean, or even Hank and John Green... Or rather Hank and John Bean!)Focus Friend will even help you with getting started on your tasks and getting into the flow of your work or studying or even chores.Stay Focused, Have Fun, Drink Water, and Don't Forget to be Awesome~",https://www.honeybgames.com,https://play.google.com/store/apps/details?id=com.underthing.focus.friend&hl=en&gl=US,https://play-lh.googleusercontent.com/g7Rs4swgCDNQukqRynqiJq84WX2rvWGENRYdfZ7GF37mOvPa3fhOyZEtKfxJtMDJ3Q=w240-h480-rw,1.2.2,2025-07-23,2025-09-30,1.0,2025-03-10
ios:id1242689729,AppStore,id1242689729,todo_appstore,番茄ToDo-极简高效自律番茄钟,"Shanghai Paitui Technology Co., Ltd.",Productivity,0,4.915,4577,0.0,0.0,Free,"极简清新强大的学霸模式&番茄工作法&习惯养成工具，保持专注，拒绝低头族。
==学霸都在用的专注神器==
学霸模式：帮你暂时远离手机，抵制分心，专注当下。配合优美的白噪音在强大心流中高效学习工作
量化习惯管理：使用计时器量化你的每日习惯，完成一万小时计划很真的简单
强制提醒：一直不间断提醒到您完成所计划的待办为止，专治拖延症，不做手机控
高清白噪音：超高清的立体声白噪音资源，在舒缓优美的音乐中完成你的一万小时计划吧~
统计数据：不仅有完善的数据统计模块，还可将时长计入 Apple Health 中「正念训练」
自习室：和朋友一起加入自习室，相伴提升自我
无广告，秒启动：坚持为所有用户提供无广告的清爽体验

功能完备：待办清单，番茄钟，白噪音，到点提醒，工作数据分析展示，个性化设置（背景音，背景色，番茄时间，休息时间）等等功能一应俱全，只为认真生活的你。 
极简风：界面简洁美观，操作逻辑清晰简单，学习成本为0。优化大部分操作，以流畅的动画进行衔接，将操作过程最简化。
番茄工作法的关键是规划，追踪，记录，处理，以及可视化。您可以在此App中完成全部的番茄工作法流程，并随时查看记录，总结提高。",https://www.fqtodo.cn/,https://apps.apple.com/us/app/%E7%95%AA%E8%8C%84todo-%E6%9E%81%E7%AE%80%E9%AB%98%E6%95%88%E8%87%AA%E5%BE%8B%E7%95%AA%E8%8C%84%E9%92%9F/id1242689729?uo=4,https://is1-ssl.mzstatic.com/image/thumb/Purple221/v4/c2/d8/f3/c2d8f3e0-3ccc-e564-62ae-66a7290be43c/AppIcon-0-0-1x_U007epad-0-1-0-sRGB-85-220.png/512x512bb.jpg,8.10.90,2017-06-27,2025-09-24,0.175,2025-03-10
ios:id1575693779,AppStore,id1575693779,eyezy-pro-parental-control_appstore,Eyezy - Pro Parental Control,FORTUNEX LIMITED,Lifestyle,0,4.72998,4707,0.0,0.0,Free,"Eyezy is a family tracking and location-sharing application designed to provide real-time location updates and help you stay connected with your loved ones, even when they may be unable to answer your calls.

With Eyezy, you can:

• Track the real-time locations of your children and stay informed about their whereabouts.
• Review complete historical location data for your family members.
• Personalize geo-zones to receive automatic notifications when your children arrive at or leave specific locations, such as school or home.
• Receive help alerts when a family member indicates they are in danger and need assistance.

How Eyezy Works:

Install the Eyezy app from the App Store.

Set up user profiles on both the parent's and the child's devices.
Please note: data collection and location sharing are carried out with the consent of the user. You must have access to your child’s device to install the app and enable tracking features.

Use the app to monitor your child’s location and stay connected.

Subscription Auto-Renewal Information:

• Payment will be charged to the iTunes Account upon confirmation of purchase.
• Subscriptions automatically renew unless auto-renewal is turned off at least 24 hours before the end of the current period.
• Users can manage subscriptions and disable auto-renewal in Account Settings after purchase.
• Any unused portion of the free trial will be forfeited when a subscription is purchased.

Stay connected with your family at all times!

Terms of Use: https://eyezyapp.com/terms

Privacy Policy: https://eyezyapp.com/privacy

We hope you enjoy using the Eyezy app! We’re constantly working to improve the experience and welcome your feedback at support@eyezyapp.com.",https://eyezyapp.com/,https://apps.apple.com/us/app/eyezy-pro-parental-control/id1575693779?uo=4,https://is1-ssl.mzstatic.com/image/thumb/Purple221/v4/a2/b7/d5/a2b7d533-d555-8457-3bdb-f939feb7e117/AppIcon-0-0-1x_U007emarketing-0-8-0-85-220.png/512x512bb.jpg,1.7.0,2021-08-14,2025-09-18,0.175,2025-03-10
play:com.codeorigin.timer.stopwatch.app.custom.timerapp.countdowntimer.stopwatchlaps.sports.gym.track.time.stopwatchapp.laps.clock.progress,PlayStore,com.codeorigin.timer.stopwatch.app.custom.timerapp.countdowntimer.stopwatchlaps.sports.gym.track.time.stopwatchapp.laps.clock.progress,timer-stopwatch-app-sound_playstore,Timer Stopwatch App - Sound,Code Origin Apps,Kids,1000000,4.4,4720,0.99,4.99,$0.99 - $4.99 per item,"The perfect Timer - Stopwatch application with beautiful and clean digital user interface. Interval and gap timer function ideal for all your needs.The app is accurate and responsive, useful for students taking practical, sports, cooking, running, study, gym workout, home workout, meditation, gaming and many more where you want to keep track of the time. The Countdown Timer has a circular progress shown for you to quickly get the remaining time. Main Features ⏱️ Simple & beautiful user interface with material design and animations.📲 Use it in the background while using other apps or with your screen locked.⏲️ Presets: Create templates for different activities.🎵 Timer sound & vibration option with custom tones.⏱️ Stopwatch with lap & share functions.👆️ One tap starts and stops feature.🔁 Easily reset the Stopwatch Timer.⌛ Display total and interval remaining time🌘 Dark mode for best user experience.📴 Counting continues even when your device screen is off.📱 Supports all phone and tablet types.🔋 Consumes less battery.❤️ Perfect for every situations.Other features:- Custom interval duration & interval counts.- Custom gap duration between the intervals.- Stopwatch with beautiful UI.- Timer & Stopwatch with Pause, Resume, Reset functions.- Custom tone & vibration settings.- Control the Timer & Stopwatch through the notification when app is in background.- Share your lap details in the Stopwatch.- Countdown timer with progress UI.Download the Timer - Stopwatch app to get the best experience.Your feedback is important to us.Write us on support@codeorigin.techFollow us on:Twitter/codeorigin_techInstagram/codeorigin.tech",https://codeorigin.tech,https://play.google.com/store/apps/details?id=com.codeorigin.timer.stopwatch.app.custom.timerapp.countdowntimer.stopwatchlaps.sports.gym.track.time.stopwatchapp.laps.clock.progress&hl=en&gl=US,https://play-lh.googleusercontent.com/NH3nL9itZqhfd_SGHbFV16AEwjD_3cs7HfV-HINVZUhUiD-OUE0SzdLqSE9hq0r77w=w240-h480-rw,3.0.4,2021-05-25,2024-03-09,1.0,2025-03-10
ios:id393159800,AppStore,id393159800,way-of-life-habit-tracker_appstore,Way of Life - Habit Tracker,Way of Life ApS,Health & Fitness,0,4.81555,4798,0.0,0.0,Free,"FAST
Invest less than a minute daily to track, identify, and change your habits with Way of Life.

EFFICIENT
Changing habits is hard work. Having the right tool is half the battle. Way of Life is that tool - a beautiful, intuitive habit tracker that motivates you to build a better, stronger, and healthier you!

As you collect more and more information, you will be able to spot positive and negative trends in your lifestyle easily:

• Am I exercising as much as I thought?
• Eating less and less fast food?
• Getting the fruits and vegetables I need?
• Sleeping well?
• Avoiding too much sugar?

Or whatever is essential to you. There are no restrictions on what Way of Life can help you with when it comes to changing habits.

FEATURE RICH
• Chains - challenge yourself not to break a positive streak.
• Powerful reminders with flexible scheduling and custom messages.
• Themes - Dark Mode, Serenity, Retro C64, Light, Rose, etc.
• Charts - Pie charts and bar graphs with trend lines 
• Modern Widgets for iOS 17+
• Siri and Shortcuts support
• Note-taking - quickly jot down a note
• Use URL-schemes for interaction with other apps
• Organize all your habits with customizable tags
• Scoreboard for instant weekly/monthly feedback 
• Interactive walk-through
• Unlimited items (*)
• Backup to any Cloud storage provider that supports iOS (*)
• Export your data as CSV or Excel files for further analysis
• Passcode lock with Touch ID and Face ID support
• Color-blind mode

'Way of Life is the ultimate habit building app.' -- App Advice
Voted 'Best Motivation App of 2019' -- Healthline
Featured on the Tim Ferris podcast with Kevin Rose

Way of Life is recommended by Forbes, The New York Times, Marie Claire, HealthLine, The Guardian, Tech Cocktail, Business Insider, FastCompany, Entrepreneur, and Lifehacker.

Terms of use: https://www.apple.com/legal/internet-services/itunes/dev/stdeula/

*) requires premium",https://www.wayoflifeapp.com,https://apps.apple.com/us/app/way-of-life-habit-tracker/id393159800?uo=4,https://is1-ssl.mzstatic.com/image/thumb/Purple211/v4/25/60/6e/25606e84-d71f-e187-13db-805cfe094d1f/wayoflife-liquid-0-0-1x_U007ephone-0-1-0-sRGB-85-220.png/512x512bb.jpg,4.2.1,2010-07-11,2025-01-10,0.675,2025-03-10
play:com.motivated.app,PlayStore,com.motivated.app,motivated-habit-tracker_playstore,Motivated: Habit Tracker,Hazel Apps SIA,Kids,100000,4.3,4810,2.99,50.0,$2.99 - $50.00 per item,"Motivated – the ultimate habit tracker for your journey to success. Motivated will help you build good habits and quit the bad ones. Unlike other habit trackers, Motivated focuses on Habit Strength, not streaks, keeping you on track indefinitely.BUILD GOOD HABITSIt's easier than ever with our Habit Strength Meter. Stop being demotivated by a broken streak and start focusing on metrics that matter.QUIT BAD HABITSA special tracking mode that auto-completes your habits at the end of the day, so you don't have to do it manually.INTERACTIVE WIDGETSView and complete your habits right from the home screen. It's super easy and super fast.DETAILED STATISTICSStay on top of your performance with powerful statistics. Progress is what keeps us going.COLLECTIONSStay organized and focused by grouping your habits into categories. Create morning, afternoon, evening, or any custom collection, and it will appear as a filter in your habit list.CUSTOMIZABLEMake every habit your own with over 550 custom icons and every color imaginable.POWERFULFeel free to adjust your goals and repeat intervals without affecting your statistics.RICH TEXT NOTESAdd rich text notes to all your habits. Plan your gym routines, keep track of your reading list, or capture your thoughts.REMINDERSAdd habit reminders and opt in for morning and evening summaries, so you never miss a thing.Feel free to contact us anytime at hello@motivatedapp.ioPrivacy Policy: https://motivatedapp.io/privacy-policyTerms and Conditions: https://motivatedapp.io/terms-and-conditions",https://motivatedapp.io,https://play.google.com/store/apps/details?id=com.motivated.app&hl=en&gl=US,https://play-lh.googleusercontent.com/SqNJwOJ1ixrjjN66Pjzwgxz7xdYrpNZElO_4dIexvIvHhjBgsLgyjh0dtUqb3JmYH7uI=w240-h480-rw,1.9.2,2023-11-12,2025-11-09,1.0,2025-03-10
ios:id1593891243,AppStore,id1593891243,not-boring-habits_appstore,(Not Boring) Habits,Not Boring Software LLC,Health & Fitness,0,4.80215,4837,0.0,0.0,Free,"**APPLE DESIGN AWARD WINNER 2022**

SCIENCE-BACKED METHOD TO BUILD BETTER HABITS
Most habit trackers fail. They try to motivate you with games like streaks and trophies only to turn on you when you fall off. Building habits doesn’t have to be miserable.

60 REPETITIONS
Studies show that a new behavior needs to be repeated 60 times for it to stick. It doesn’t matter if you miss a day or break a streak. It just matters that you do it 60 times. Great habit builders learn to ignore the goal and falling in love with the journey.

WE’RE YOUR GUIDE
Every day we will help you take another step and guide you along your journey to reach 60 repetitions until you’ve mastered your new habit.

NO GUILT. NO STREAKS. NO PHONY REWARDS.
If you miss a day or two, we don’t guilt you.

JUST GOOD FUN VIBES.
Every step forward is progress. 

WHAT SMALL THING YOU COULD YOU DO TO IMPROVE YOUR LIFE?
Works for any habit: meditate, walk, stretch, floss, read, journal, draw, keep in touch with family, or less time on screens.

WIDGETS & REMINDERS TO STAY MOTIVATED
Track your habits on your home screen for easy access.

SKINS TO CUSTOMIZE
Skins change the whole look and feel of the app. New skins and artist collaborations released occasionally.

PRAISE FOR (NOT BORING) APPS
""Astonishingly fun!""—John Gruber
2x Apple Design Awards
3x App of the Day
Fast Company Innovation by Design

SUPER!BORING
Become a Super!Boring member and get all 5 Not Boring apps + skins + extras. We are 100% member-supported. No ads, no data gathering, no tracking. Just beautiful apps that make everyday life a little less boring.

Plans: https://andy.works/plans
Support: https://andy.works/support",https://www.andy.works,https://apps.apple.com/us/app/not-boring-habits/id1593891243?uo=4,https://is1-ssl.mzstatic.com/image/thumb/Purple211/v4/3c/42/82/3c4282bc-0e4e-adf0-dc53-ceafad4fab6c/AppIcon-0-0-1x_U007epad-0-1-0-sRGB-85-220.png/512x512bb.jpg,3.19,2021-12-14,2025-09-15,1.0,2025-03-10
ios:id826016623,AppStore,id826016623,pushpress-workout-timer_appstore,PushPress Workout Timer,"PushPress, Inc.",Health & Fitness,0,4.82024,5374,0.0,0.0,Free,"The PushPress Timer is the cleanest, easiest, most amazeballingest Timer out there.  Built with high intensity workouts in mind, this timer handles almost every workout you can think of:  AMRAP's, Count Up, Count Down, EMOM's, Tabata's and more!

Records Workout data to Apple Health app including active energy burned.

Get Motivated!
Some of the most famous names in the world of Funcational Fitness are waiting to count you down.  We've got Aja Barto, Carl Paoli, Coach Burgener, Diane Fu, Elyse Umeda, and Jamie Hagiya are ready to light the fire under your a**.  We’ve already recorded audio of some other hot commodities in the community - and we’re recording more audio all the time!   Expect frequent updates with more of the top athletes and coaches joining the mix!   

It’s So Simple
We’ve taken a fresh approach to the typical timer, and made one that’s clean, crisp and clear.  We know you probably have sweat (or blood) in your eye, and reading a clock that’s not well laid out might be a nightmare.  The PushPress Timer has a big, bold display, highly contrasting colors and very easy to understand-at-a-glance interface.  Stop wasting time trying to tell how far into a workout you are, and keep on moving that weight!

Gym Clock
Pair this app with your TV (using an Apple TV) and WHAM! You got yourself an instant massive, kick a** clock for your gym to use for workouts.  Forget that old analog beeping clock from the 1980’s - put up a big ol’ TV in your gym and run this clock off of it.  Use that TV when you’re not running a class to show YouTube videos of Klokov snatching mad weight… or use it to show Barney re-runs to the kids.  Either way, it’s a massive upgrade to your space, something your clients will appreciate.

** Even though we really really love us some functional fitness (and own a couple boxes ourselves), The PushPress Timer is not affiliated with CrossFit, Inc., The CrossFit Games, or any other property owned by CrossFit, Inc.  CrossFit is a registered trademark of CrossFit, Inc. **",https://www.pushpress.com/workout-timer,https://apps.apple.com/us/app/pushpress-workout-timer/id826016623?uo=4,https://is1-ssl.mzstatic.com/image/thumb/Purple114/v4/8d/3c/56/8d3c56e4-e93b-bfec-6256-6b1ade2af36e/AppIcon-0-0-1x_U007emarketing-0-0-0-10-0-0-sRGB-0-0-0-GLES2_U002c0-512MB-85-220-0-0.png/512x512bb.jpg,2.0.1,2014-02-03,2020-10-30,0.925,2025-03-10
ios:id1528183849,AppStore,id1528183849,inflow-manage-your-adhd_appstore,Inflow - Manage your ADHD,Get Inflow Ltd.,Health & Fitness,0,4.38493,5388,0.0,0.0,Free,"Inflow is designed by people with ADHD, for people with ADHD. We’re not a glorified Pomodoro timer or calendar. We’re a science-based digital program, here to help you manage your ADHD/ADD.

Do you struggle with focus? Organization? Procrastination? What about attention, hyperactivity, and anxiety? Is your calendar, planner, habit tracker, or timer still not helping you organize or get things done? Is your to-do list just not cutting it?

Your ADHD/ADD diagnosis doesn’t have to hold you back. Inflow can help.

Inflow is based on the principles of Cognitive Behavioral Therapy (CBT), proven to be effective in the management of ADHD/ADD (Attention Deficit Hyperactivity Disorder).

Many people see ADHD/ADD as just a deficit or disorder. But the key to thriving with ADHD starts with understanding and embracing your unique ADHD brain.

Start focusing, meet your goals, kick the distraction habit, and start creating a daily structure that works for you. Spend less time planning to be productive, and more time getting things done.

Improve your skills in these areas:

- Focus and Concentration
- Attention and Hyperactivity
- Goal Setting and Consistency
- Mood and Emotional Regulation
- Distraction Reduction
- Cyber Addiction
- Creating a Routine
- Sticking to a Schedule
- Organization
- Time Management
- Impulsivity
- Depression and Anxiety
- Procrastination
- Medication and Treatment Options
- Mindfulness
- Nutrition

...all without an ad in sight.

Inflow provides the tools you need to focus on strategies in your everyday life. We help you build a daily routine habit by habit, a day at a time.

It’s time to tackle your to-do list with ease, whether that’s studying for an exam, organizing your home more effectively, improving your focus, or simply scheduling more time for self-care. Concentrate on what matters most and organize your daily life.

Inflow also sets you up for success with:

- Daily activities and visual reminders integrated easily into your daily life
- Daily focus feature so you can prioritize more effectively
- A stigma-free and supportive ADHD/ADD community to motivate you
- Coworking sessions 

Whatever your goals may be — stronger organization skills, building a more effective to-do list, preventing procrastination, improving attention, reducing hyperactive traits, focusing on others, or simply coping with an ADHD/ADD diagnosis — Inflow can help.

ADHD/ADD can be challenging, but that doesn’t mean accessing support should be! If you’re tired of the day-to-day stress of managing ADHD/ADD, we’re here for you.

You don’t need to have a formal diagnosis or evaluation to use Inflow!

Reminder: While we are an ADHD/ADD app first and foremost, we cover numerous executive function skills, which can be applicable to autism (ASD), OCD, depression, dyslexia, dyspraxia, and more.

Questions or feedback? Shoot us an email! hello@getinflow.io

The subscription will automatically renew unless turned off in your iTunes Account Settings at least 24 hours before the current period ends. You can go to your iTunes Account settings to manage your subscription and turn off auto-renew. Your iTunes Account will be charged when the purchase is confirmed. If you subscribe before your trial ends, the rest of your trial period will be forfeited as soon as your purchase is confirmed.

Terms of Service: https://getinflow.io/terms/

Privacy Policy: https://getinflow/privacy-policy/",https://getinflow.io/,https://apps.apple.com/us/app/inflow-manage-your-adhd/id1528183849?uo=4,https://is1-ssl.mzstatic.com/image/thumb/Purple211/v4/9c/50/da/9c50da76-400e-4dc8-5dea-95437b881416/AppIcon-0-0-1x_U007emarketing-0-7-0-85-220.png/512x512bb.jpg,3.0.7,2020-03-11,2025-09-15,1.0,2025-03-10
ios:id1253577148,AppStore,id1253577148,habitminder-habit-tracker_appstore,HabitMinder • Habit Tracker,Reflective Technologies ApS,Health & Fitness,0,4.62284,5674,0.0,0.0,Free,"Change your habits, change your life! Our habit tracker HabitMinder will help you form healthy habits and keep you accountable with useful tools like mini apps and sessions screens. For example, HabitMinder will remind you to do breathing exercises or a quick meditation session. It can also track your hydration, encourage you to exercise or go to the gym, and much more.

The app has more than 50 pre-defined positive and healthy habits to track - it will get you started for good. Reminders will promptly notify you it is time to complete your habit. 

Why do you need HabitMinder, another habit tracker? Here are some sample healthy habits the app will help you form and keep:

• Walking – the most natural movement and fantastic exercise. Try to hit 10,000 steps a day with the help of HabitMinder – you’ll notice a change.

• Hydration – staying hydrated is one of the best habits for your overall health. After all, water makes up 75% of your muscles, 83% of your blood, and 90% of your brain, so you can’t go wrong. Good hydration promotes healthy skin, it makes your brain stronger, and it can help you lose weight.

• Breathing/Mindfulness – relieve feelings of stress and tension through breathing and mindfulness exercises. This will improve your focus and your mood as well as having a positive impact on your physical health.

• Exercise – you need to exercise to stay fit, lose weight, and stay physically and mentally healthy. HabitMinder can't do the exercise for you but it will help you stay on schedule.

• Stretching – stretching is an essential part of being fit and healthy. It can also help you relax so should be part of your daily routine.

• Stand – it will surprise you when you learn just how much of your day you spend sitting down. Your attention will improve, you will feel more energised, and you will improve your physical health by getting into one simple habit – standing up frequently and regularly.

• Squats – your partner will love this habit and so will you. Your muscles will become firmer and more toned, and you will feel stronger. Squats can even help you lose weight.

• Eat healthily – everyone knows the benefits of eating healthily. Getting into a regular and committed healthy eating habit is easier said than done, however. HabitMinder is the solution – it will help keep your healthy eating plans on track.

• Sleep more – sleep is crucial for your physical and mental health and wellbeing. Even 30 minutes more per night will have a positive impact.

Download today, HabitMinder - your daily habit tracker.

---

Optional auto-renewing yearly Premium Subscription is available (price varies by territory, may include 7 day free trial) located on the Upgrade page. Payments will be charged to your iTunes Account after confirmation. Subscription automatically renewed unless auto-renew is turned off at least 24 hours before the end of the subscription period. Account will be charged for renewal within 24 hours prior to the end of the current period. Subscriptions may be managed in your iTunes Account’s Settings after purchasing. Any unused portion of a free trial period, if offered, will be forfeited when the user purchases a subscription to that publication, where applicable.

NOTE: HabitMinder reads data for some habits from Apple Health app. No data is being sent outside of your device. Health app access required.

Privacy Policy: https://growthbundle.com/privacy-policy
Terms of Service: https://growthbundle.com/terms-of-service",https://habitminder.com,https://apps.apple.com/us/app/habitminder-habit-tracker/id1253577148?uo=4,https://is1-ssl.mzstatic.com/image/thumb/Purple221/v4/ad/cc/81/adcc81a7-0107-1726-af14-b4db1470beda/AppIcon-0-0-1x_U007epad-0-1-0-85-220.png/512x512bb.jpg,2.9.0,2017-11-16,2024-09-16,1.0,2025-03-10
play:com.hamatim.podomoro,PlayStore,com.hamatim.podomoro,pomodoro-productivity-timer_playstore,Pomodoro Productivity Timer,HMT Developer,Kids,100000,4.7,5760,2.99,2.99,$2.99 per item,"Pomodoro Smart Timer is a personal assistant and tracker to help you study, train and work based on Pomodoro technique. Pomodoro Smart Timer is completely free, fully customizable and be updated based on users feedback. Advantages: • No advertising • Without asking for more access rights, your privacy is always respected. Features: • Support multiple languages, easy to change languages • User interface with multiple themes, supporting AMOLED • Many different alarm sounds and many relaxing sounds • Fully customizable all Pomodoro parameters • Statistics of quantity and time of Pomodoro • Allow to reset statistical data Notes: We always believe and appreciate you and everyone. So we always try to create better and free apps. We also listen to you, please send us feedback at any time. Fanpage: https://www.facebook.com/pomodoro.smart.timer Community: https://groups.google.com/g/pomodoro-appEmail: admin@hamatim.com",https://03794577.blogspot.com/2020/08/pomodoro-smart-timer-productivity-timer.html,https://play.google.com/store/apps/details?id=com.hamatim.podomoro&hl=en&gl=US,https://play-lh.googleusercontent.com/c8WFDV5n4Z_79ZqksOLUVOdMo_QxQNKCK22yoXdw-Dc03Nn0VltXNJfC1QpeBXvbBxNL=w240-h480-rw,pomodoro.09-04-22.V5.5,2019-05-16,2022-09-04,1.0,2025-03-10
ios:id1111447047,AppStore,id1111447047,habitify-habit-tracker_appstore,Habitify: Habit Tracker,Unstatic Ltd Co,Health & Fitness,0,4.59616,6099,0.0,0.0,Free,"Build good habits, break bad ones, and become 1% better every day with Habitify – your all-in-one habit tracker and life companion.
Habitify helps you build lasting habits and break bad ones using a science-backed approach to behavior change. Over the past 7 years, we've helped over 2.5 million people take control of their lives and unlock their full potential.

# More Than Just a Habit Checklist
Habitify isn’t just a daily checklist — it’s a powerful system to track and manage every aspect of your life.
- Track habits, routines, and personal goals effortlessly
- Connect with health apps like Apple Health or Google Fit to automatically track physical health habits such as steps, workouts, or sleep
- Integrate with productivity tools like Google Calendar to align your habits with your daily schedule and stay organized

# Smart Reminders That Keep You on Track
Never forget a habit again with Habitify’s robust reminder system:
- Time-based reminders for specific parts of your day
- Location-based reminders to trigger habits when you arrive somewhere
- Habit stacking: automatically cue the next habit once one is completed
These intelligent cues help you build habits that truly stick.

# Insights That Keep You Motivated
Stay consistent and motivated by tracking your progress with detailed analytics:
- View progress for individual habits or your overall performance
- Discover patterns, strengths, and areas to improve
- Get visual feedback to reinforce positive behavior
Understanding your behavior is the first step toward mastering it.

# Organize Your Life, Your Way
Habitify helps you stay on top of your day:
- Group habits by time of day (morning, afternoon, evening)
- Use folders to organize by goal, area of life, or routine
- Always know what to do and when to do it

# Cross-Platform. Real-Time Sync.
- Access Habitify anywhere, anytime.
- Available on iOS, macOS, Apple Watch, Web, and more
- Your data syncs seamlessly in real-time across all your devices
- Stay consistent, whether you’re on the go or at your desk.

# Health Integration
Habitify integrates with Apple Health to automatically log your habit progress. All health data is used solely for tracking your habits and is never shared with third parties.

# Subscription & Payment
Habitify is available for free on all platforms. Once you’ve purchased on one platform, enjoy Premium access across all others at no additional cost.

1 Month: $7.49
12 Months: $39.99
Lifetime: $89.99

Note: Prices are for U.S. customers. Pricing in other countries may vary and charges may be converted to your local currency depending on your country of residence.
Subscriptions automatically renew at the end of each term and will be charged to your Apple account unless auto-renew is turned off at least 24 hours before the end of the current period. You can manage your subscription in your Apple account settings at any time.

# Start small. Stay consistent. See the change.
Download Habitify today and take the first step toward a better you.

# Contact & Support
Website: https://www.habitify.me
Privacy Policy: https://www.habitify.me/privacy-policy
Terms of Use: https://www.habitify.me/terms-of-use
Feedback Forum: https://feedback.habitify.me",https://habitify.me/,https://apps.apple.com/us/app/habitify-habit-tracker/id1111447047?uo=4,https://is1-ssl.mzstatic.com/image/thumb/Purple221/v4/5a/88/1e/5a881e43-2306-fd32-312a-996bc88d2798/AppIcon-0-1x_U007epad-0-1-0-85-220-0.png/512x512bb.jpg,27.3.0,2016-02-09,2025-09-20,1.0,2025-03-10
ios:id687421118,AppStore,id687421118,buddhify-guided-meditation_appstore,Buddhify: Guided Meditation,CELESTIAN GOLDEN APPS SL.,Health & Fitness,0,4.75197,6100,4.99,4.99,$4.99,"Buddhify is here to help you bring more calm, clarity and kindness to all parts of your life.

Whether you're looking to reduce stress and anxiety, or get a better night's sleep buddhify has easy-to-follow guided meditations to help you live happier and healthier.

No need to find the time for a formal meditation session everyday, we'll show you how to bring mindfulness to all parts of your life with exercises for whatever you're doing and wherever you are - from travelling, taking a break at work or going to sleep. We'll help you find calm in any situation.

WHAT'S INCLUDED?
- Over 200 meditations to help overcome life's challenges including anxiety, stress, sleep, pain and difficult emotions
- Mindfulness exercises you can do wherever you are, in categories such as travelling, at work, waking up, eating, and even when you're online
- Sessions for complete beginners and those with more experience, with lengths from 3-40 minutes
- A solo timer for more seasoned meditators
- A range of experienced teachers so you can choose the voice and style that's right for you
- Kids content for the little people in your life
- Brand new buddhify Membership available as an optional in-app purchase with a range of additional features for those looking to take their meditation practice further

Buddhify integrates with Apple Health so you can track your meditation using the Mindful Minutes category within the Health app.

BUDDHIFY MEMBERSHIP
For those of you who want to deepen your practice even further, you can do that through Buddhify Membership. Becoming a Member is optional and gives you access to three amazing features: Together, Formal and the karaoke-style Transmission. Buddhify Membership is an annual subscription and payment will be charged to iTunes Account at confirmation of purchase. The subscription automatically renews unless auto-renew is turned off at least 24-hours before the end of the current period and your account will be charged for renewal within 24-hours prior to the end of the current period, and identify the cost of the renewal. Subscriptions may be managed by the user and auto-renewal may be turned off by going to the user's Account Settings after purchase. 

TERMS OF USE & PRIVACY
You can see our terms of use at https://buddhify.com/terms-of-use/ and our privacy policy at https://buddhify.com/privacy-policy/.

WHAT OTHERS ARE SAYING
This app is incredible. I've been trying to get into meditation for a while now and I've found other apps or videos I've tried have been repetitive or not very good. The meditations on here are so easy to follow and the app is very user friendly. I'm always sceptical about spending money on apps but this one is so worth it.  ******

I have used many meditation apps but like this one best because it offers a variety of guided meditations to use in different situations or for different purposes. They vary in the amount of time required so the app is very flexible. I also like the stats which encourage you to practice regularly. Plus I can add meditation that I do outside of the app and track that too. I highly recommend whether you are a beginner or an experienced meditator. *****

HERE TO HELP
Buddhify is made by a values-led family business and we love hearing from you. Your feedback, suggestions and comments make all the hard work feel so worthwhile and makes the app better as we continue to make buddhify as effective, accessible and beautiful as it can be. Say hello@buddhify.com",http://buddhify.com/,https://apps.apple.com/us/app/buddhify-guided-meditation/id687421118?uo=4,https://is1-ssl.mzstatic.com/image/thumb/Purple221/v4/c3/71/1e/c3711e5c-e977-628d-b709-9bbae1b6d46c/AppIcon-0-0-1x_U007emarketing-0-10-0-0-85-220.png/512x512bb.jpg,4.2.14,2014-01-01,2024-12-06,0.175,2025-03-10
ios:id1108786610,AppStore,id1108786610,mindvalley-self-improvement_appstore,Mindvalley: Self Improvement,Mindvalley Inc.,Education,0,4.75946,6211,0.0,0.0,Free,"Step into your greatness with Mindvalley, a transformational learning platform where you can learn, connect, and share insights with like-minded individuals who strive for personal development and growth. Immerse yourself in lessons, guided meditations and lifehacks from world-class trainers like Vishen, Lisa Nichols, Marisa Peer, Paul McKenna, Sadhguru, and Ferazzi, and more.

Dive into talks with entrepreneurs, tools by expert coaches and teachings from thought leaders from around the world focused on improving your mindset & self.

Mindvalley's membership is designed to unleash your hidden potential. Here’s what you can expect with the app: 
• Transformational Programs: Explore our library of programs, lessons covering areas like leadership and mindbody wellness, networks and workshops. 
• Immersive Meditations & Sounds: Enjoy unlimited access to hundreds of meditations, including chakra balancing practices, calming sounds, hypnotherapy, and Reveri guided experiences. 
• A Unique Community: Join a community of people like you and meet new friends on your growth journey. 
• Growth Tools for every area of life: Mind, Body, Soul, Entrepreneurship, Career, Relationships, and more. Powered by machine learning, Mindvalley’s AI-guided curriculum and curated learning paths are designed to help you create an extraordinary life.

Great change starts here. Download Mindvalley today.

---


Subscription plans in the app are strictly processed via your App Store account and will automatically renew under Apple's terms and conditions. 
All in-app purchases on your Mindvalley account will adhere to the App Store’s payment, subscription, and refund policies. 
You can manage your subscription plans in your App Store account settings.

Privacy Policy: https://www.mindvalley.com/privacy-policy
Terms & Conditions: https://www.mindvalley.com/terms-and-conditions",https://www.mindvalley.com,https://apps.apple.com/us/app/mindvalley-self-improvement/id1108786610?uo=4,https://is1-ssl.mzstatic.com/image/thumb/Purple221/v4/27/09/03/270903e9-0792-194a-1dd6-7c936e1e8e54/AppIcon-0-0-1x_U007emarketing-0-11-0-85-220.png/512x512bb.jpg,9.2.9,2016-05-13,2025-01-10,0.175,2025-03-10
play:pony.tothemoon.focusguard,PlayStore,pony.tothemoon.focusguard,detoxlock-cold-turkey-blocker_playstore,DetoxLock: cold turkey blocker,App Blocker & Screen Time by Addiction Labs,Kids,100000,4.3,6600,0.99,99.99,$0.99 - $99.99 per item,"Want to reduce your screen time?Detox Lock is a powerful and simple app blocker to go cold turkey from distractions.Choose your time and start digital detoxThrough this detox lock timer, anyone can put down phone and spend time doing what you really want to do!Is there an app that can lock my phone? 😱Do you want to limit screen time and screen time control? ⏳Looking for an app for digital detox app? 🧘We've created a phone blocker app just for people like you.Choose your time and lock your phone for a set amount of time.It will never, ever come off.Put down your phone and focus on what you want to do with this anti-procrastination app!Accessibility Permission NoticeOur app uses accessibility permission to prevent power-off and block access to recent apps during lock.You can choose not to use these features if you wish, and it won’t affect other app functions.",https://damintothemoon.blogspot.com/,https://play.google.com/store/apps/details?id=pony.tothemoon.focusguard&hl=en&gl=US,https://play-lh.googleusercontent.com/jaSmyO9OEiGfcCHJ3JurT80GrKEzf7U7fb8ycsNHU0tToQTYTjgo0xhJRij8qNpWXjH1=w240-h480-rw,2.61.3,2023-04-17,2025-09-29,1.0,2025-03-10
ios:id1645639057,AppStore,id1645639057,refocus-app-blocker-limits_appstore,Refocus: App Blocker & Limits,"Labi, LLC",Productivity,0,4.80478,6639,0.0,0.0,Free,"Refocus is an app blocker & website blocker that helps you limit screen time on apps!

Refocus is easy to use, yet has powerful features:

▶ Various ways to restrict or lock apps & block websites. Choose what helps you focus! Block ANY app or site (ex. YouTube, TikTok, Instagram, Snapchat, Facebook, Reddit, X [Twitter], Messenger, Discord, WhatsApp and more).

▶ ""Strict Mode"" feature prevents you from unblocking. Set a passcode, or use an NFC tag, or wait a duration (ex. 30 seconds), or do a copy text challenge, or utilize Pomodoro (limit unblocking to 5 times per day, for 25 minutes each, with a 5-minute cooldown between each unblock).

▶ Block for a specific duration (ex. app timer for 30 minutes).

▶ Block at specific times (ex. every weekday from 9:00 AM to 5:00 PM).

▶ Set app limits (ex. after 10 minutes of using Instagram, block it). Set an app time limit!

▶ View your daily, weekly and monthly Screen Time analytics. Use Refocus as a screen time tracker!

▶ And more!

---

Refocus can be used as a:
- productivity app
- social media blocker
- ADHD app
- digital detox app
- distraction blocker
- dopamine detox app
- screen time control app
- focus app
- and more (ex. practice digital minimalism)!

For more, visit refocusapp.co

---

Terms of Use:
- https://refocusapp.co/terms-of-use",https://refocusapp.co,https://apps.apple.com/us/app/refocus-app-blocker-limits/id1645639057?uo=4,https://is1-ssl.mzstatic.com/image/thumb/Purple211/v4/1c/58/4e/1c584e2d-0033-e251-4dfa-23c4a654542c/AppIcon-0-0-1x_U007ephone-0-1-85-220.png/512x512bb.jpg,1.9.84,2022-09-22,2025-01-10,1.0,2025-03-10
ios:id417071430,AppStore,id417071430,the-mindfulness-app_appstore,The Mindfulness App,Reflective Technologies ApS,Health & Fitness,0,4.75265,7237,0.0,0.0,Free,"With over 500 guided meditations, sleep stories and courses from experts around the world, we have options for every mood, time of the day and for everyone from beginners to experienced.

• Guided meditations and courses of different topics in over 10 different languages.
• Sleep Stories for a gentle closing of the day.
• Reminders to help you remember to meditate. 
• Daily Notices to keep you mindful throughout the day.
• Personalized user statistics.
• The Mindfulness App saves your meditation sessions to your Apple Health App.
• Apple Watch Integration.

If you find that you enjoy a silent meditation, or simply want to include a personalized meditation into your practice, you can pick and choose between:

• 3-99 minute meditations. 
• Option of silent or guided.
• Inclusion of bells and a guided introduction. 
• Different background sounds such as forest, rain, waves and more.
• Possibility to save your favorites for quick access. 

As a new user, you have the option to take advantage of our Free Trial that allows you to test the app and access all premium content for a full seven days.
 
Included in our Premium Subscription:
• Unlimited access to all meditations and courses in over 20 different topics. 
• Make meditations and course sessions available offline.
• Regularly updated content allows you to discover new favorite meditations and teachers.

For those that wish to have access to our premium version, we offer auto-renewable subscription:
• $79.99 per year
These prices are for US customers. Pricing in other countries may vary and actual charges may be converted to your local currency depending on the country of residence.

We’re here to help you find what meets your needs and make meditation work for your daily life to improve your inner well-being. 
We want to be a part of your mindfulness journey, making it possible to meditate wherever you may be!

Read the terms and conditions here:
https://themindfulnessapp.com/terms-of-service

Read the privacy policy here:
https://themindfulnessapp.com/privacy-policy",https://themindfulnessapp.com,https://apps.apple.com/us/app/the-mindfulness-app/id417071430?uo=4,https://is1-ssl.mzstatic.com/image/thumb/Purple211/v4/65/ba/ba/65baba49-28e3-ea5d-a06d-b02c23f31e34/AppIcon-0-0-1x_U007epad-0-1-0-85-220.png/512x512bb.jpg,6.9.2,2011-02-02,2025-09-30,0.05,2025-03-10
ios:id1572515807,AppStore,id1572515807,clearspace-reduce-screen-time_appstore,ClearSpace: Reduce Screen Time,"Clearspace Technologies, Inc.",Productivity,0,4.75479,7353,0.0,0.0,Free,"Controlling Screen Time is critical for mental health, focus, productivity, and relationships. Social media and other addictive apps can easily distract you from your goals.

Clearspace helps you control screen time by giving you the tools to fight phone addiction by making your phone less addictive. Clearspace blocks distractions while retaining utilities. Say goodbye to impulse opens and social media doom scrolling. 

You don’t need to quit cold turkey or buy a dumb phone in order to get your scrolling in check. Instead of a new device, Clearspace gives you the freedom to make sober minded decisions about your usage allowing you to get control of your screen time.

Attention is a precious resource, protect it with Clearspace features:

- Block and Limit apps: block any apps you find distracting and limit screen time.
- Social Media Doomscrolling: app time limits enable session management makes sure you don’t scroll for too long.
- Focus management: set schedules for when to use apps
- Habit change: dopamine is less powerful when you pause before opening an app which eventually creates a virtuous habit loop to make habits more atomic.
- Screen Time Challenges: train your attention by engaging in challenges that strengthen your ability to focus.
- Minimalist Design: the app is straightforward. We don’t want to take your attention away, instead we give it back to you.
- Screen Time Accountability: have trusted accountability partners help you stick to your goals.
- Screen Time Reporting: Streaks and budgets give you a better look at your screen time data in a way that helps you improve.
- Digital Wellbeing: Align your intentions with your usage of your phone. Alignment can be helpful in health journeys battling anxiety and adhd.

Blocking Apps helps you control impulse clicks. Users find that Clearspace helps them:

- Reduce social media impulse opens
- Focus on deep work and engage in flow state activities

Social Media Doomscrolling is the cause of excessive screen time for many people, with Clearspace users report that:

- Phone Addiction subsides
- Dopamine craving for apps is less powerful

Digital Minimalism is a new health wave that Clearspace enables for users:

- Limiting apps in alignment with your intention
- Mindfulness practices encourage a more balanced approach to phone usage

Digital Wellbeing is a large and growing consideration in the health and wellness spaces. Clearspace users have found it helpful in dealing with:

- Anxiety
- ADHD
- Depression
- Socializing

Research demonstrates that negative habits are hard to change through willpower alone, but that small, recurring nudges are effective at reshaping default patterns of behavior.

Enter Clearspace.

The idea is simple:

- Select an app that you want to use less
- When you click on a selected app, decide - proceed after a deep breath or opt out?
- Over time, you'll notice you are in control of the usage

Controlling Screen Time is essential for digital wellbeing, freedom from phone addiction, and maintaining focus. Clearspace empowers users with app limits, screen time control, and an app blocker to combat social media distractions. By aligning intentions with usage, Clearspace fosters healthier habits and a mindful approach to technology. Its minimalist design ensures attention is not diverted, enabling users to reclaim their time and break free from the grips of excessive screen time. With features such as screen time reporting, accountability partners, and challenges, Clearspace offers the tools needed to reshape default patterns of behavior and reduce the powerful hold of dopamine-driven app cravings. Embrace Clearspace as your ally in the journey towards a balanced digital lifestyle. Clearspace is a diet program for your digital consumption. A reminder to breathe before making decisions. 

Terms: https://www.apple.com/legal/internet-services/itunes/dev/stdeula/
Privacy: https://getclearspace.notion.site/Privacy-Policy-05fb16506a294132acee914a8f6e5331",https://getclearspace.com,https://apps.apple.com/us/app/clearspace-reduce-screen-time/id1572515807?uo=4,https://is1-ssl.mzstatic.com/image/thumb/Purple211/v4/a1/ed/af/a1edafca-8e47-635b-0ba5-a3eff7a2a8ca/AppIcon-0-0-1x_U007emarketing-0-11-0-85-220.png/512x512bb.jpg,2.6.6,2021-07-24,2025-08-26,1.0,2025-03-10
ios:id1304344207,AppStore,id1304344207,flip-timer-stopwatch_appstore,Flip Timer & stopwatch,书勇 贾,Productivity,0,4.57261,7396,0.0,0.0,Free,"Flip Timer, A full-screen digital timer. Countdown, flip animation allows you to feel the passage of time; Stopwatch, record your sport, fitness, work, study and so on.

- Swipe up or slide down to set the countdown duration
- you can set up timed reminder sound
- Focus on the work, you can set the background sound, so you immersed them.
- Keep the screen on, You can view the progress of time at any time",https://shuyongapp.web.app/fliptimer/fliptimer.html,https://apps.apple.com/us/app/flip-timer-stopwatch/id1304344207?uo=4,https://is1-ssl.mzstatic.com/image/thumb/Purple211/v4/96/a1/c2/96a1c250-4e18-dda9-aa9b-6a0eecd5ff53/AppIcon-0-0-1x_U007emarketing-0-6-0-0-85-220.png/512x512bb.jpg,2,2017-01-11,2024-09-18,0.675,2025-03-10
ios:id6446997766,AppStore,id6446997766,grit-daily-habit-tracker_appstore,Grit: Daily Habit Tracker,GrittyApps,Productivity,0,4.81206,7396,0.0,0.0,Free,"Empower Your Habits with Grit – Your Ultimate Habit Tracker:

Build good habits, break bad ones. Achieve goals with Grit, the comprehensive habit tracker. Apple Health integration, smart reminders, useful stats, widgets, and more. Download now and start your journey!

— Achievements: Unlock milestones as you build a streak.
— Apple Health Integration: Seamless tracking with automatic sync.
— Smart Reminders: Stay on track with intelligent notifications.
— Useful Statistics: Gain insights and stay motivated.
— Widgets: Track progress at a glance.
— Dark Mode & Color Customization: Personalize your experience.
— Built-in Timer: Manage time-based habits effectively.
— iCloud Support: Keep habits synced across devices.
— Habits Groups: Organize and track related habits together.
— Siri Shortcuts: Create custom Siri commands for your habits.
— Available on All Apple Devices.

Terms of Use: https://gritapp.net/terms-of-use
Privacy Policy: https://gritapp.net/privacy-policy",https://gritapp.net/,https://apps.apple.com/us/app/grit-daily-habit-tracker/id6446997766?uo=4,https://is1-ssl.mzstatic.com/image/thumb/Purple221/v4/d0/aa/9f/d0aa9f25-eb78-c8cf-a03e-733035a99eb2/AppIcon-0-0-1x_U007epad-0-1-sRGB-85-220.png/512x512bb.jpg,5.0.4,2023-05-17,2025-09-19,1.0,2025-03-10
ios:id1522121879,AppStore,id1522121879,habit-rabbit-habit-tracker_appstore,Habit Rabbit: Habit Tracker,Justin Patrick Silang,Productivity,0,4.66775,7398,0.0,0.0,Free,"Your productivity pet is here to help you stick to good habits!
Your rabbit's home becomes more clean and colorful the more you complete your habits.
Earn carrots to customize your rabbit and design its house.
View other people's Habit Rabbit on the leaderboard!

Your rabbit will...
- give you daily motivation quotes or productivity tips
- ask you how you're feeling and track your moods
- give recommendations on what habit to work on
- cheer you on every time you complete a habit",https://superbyte.site/habitrabbit/home,https://apps.apple.com/us/app/habit-rabbit-habit-tracker/id1522121879?uo=4,https://is1-ssl.mzstatic.com/image/thumb/Purple211/v4/d4/36/07/d43607b4-7420-03c9-3b5d-68fd97cbf631/AppIcon-0-0-1x_U007emarketing-0-6-0-85-220.png/512x512bb.jpg,5.05,2021-09-15,2025-09-05,1.0,2025-03-10
play:co.thefab.tm,PlayStore,co.thefab.tm,clarify-adhd-organizer-help_playstore,Clarify: ADHD Organizer & help,TheFabulous,Kids,500000,4.1,7430,7.99,89.99,$7.99 - $89.99 per item,"Are you struggling to stay on top of tasks and appointments? Is it difficult to meet deadlines, even when you know they’re important? Does a lack of organization leave you feeling overwhelmed and unaccomplished?Conquer the chaos and embrace a more focused and organized life with Clarify, the ultimate time management app designed for individuals with ADHD, those who suspect they have ADHD, or anyone who wants to improve their executive functioning skills.In a world buzzing with distractions, where time slips away like sand through your fingers, you’re about to embark on the quest of a lifetime. You're setting out to conquer what many deem impossible — mastering the realms of focus and time management.Do you find you have problems with:- Focus?- Procrastination?- Starting tasks?- Follow through?- Relationships?- Organization?- Impulse control?Adults with ADHD face challenges with these and more every day.Yet you hold within you a secret energy source — a strength that comes from your unique abilities. In Clarify, you will transform your life, not by working against ADHD, but through its very power.YOUR FOCUS KEEPERThrough personalized goal-setting, tailored strategies, and expert guidance, we empower you to take charge of your time and routines to create more productive days.Here's what you can expect:🎯 Find Focus: Work with your unique mind to develop strategies for greater productivity💫 Tune In: Learn how to identify and reduce distractions⌛ Overcome Procrastination: Explore ways to gamify your To-Do list to effortlessly complete tasks🛠️ Skills and Routines: Sculpt your daily routine to sustain long-term growth🌍 Big Picture: Unleash your true self, embrace your individuality, and let yourself flourishLIFE WITH ADHD MADE EASYClarify is your personal ADHD coach, guiding you through a transformative journey of self-discovery to find greater productivity and focus. Unlike other ADHD planners, it helps you create a sustainable foundation for success with just two simple routines:🌀 Centering: Start your day with a short centering activity. Benefit from a variety of techniques, such as reflection, planning, guided visualization, meditation, and breathing exercises. Set a positive tone for the day ahead.🚀 Deep Work: Step into an immersive experience tailored to your tasks. Timers keep you engaged, periodic reminders refocus your attention, and the task completion tracker motivates you to stay on course. Say goodbye to procrastination and unlock your productivity.DESIGN YOUR DAY FOR SUCCESS✓ POWERFUL TOOLS: Boost your productivity and enhance your time management skills with customizable To-Do lists, immersive focus mode, and progress trackers. Clarify equips you to stay on top of your busy schedule.✓ EXPERT GUIDANCE: Access evidence-based techniques specifically curated for individuals with ADHD. Our team, including psychologists and coaches, is dedicated to providing you with the most effective strategies for managing ADHD-related challenges and maximizing your potential.✓ PERSONALIZED APPROACH: We understand that everyone's ADHD experience is unique. Clarify tailors its features and recommendations to your preferences. By adapting to your needs, our app ensures a personalized experience.✓ SUPPORTIVE COMMUNITY: Join a vibrant community of individuals who share your struggles and triumphs. Engage in discussions, share tips and success stories, and find inspiration in the journeys of others. Together, we create a space where growth and progress thrive.WHO WE AREClarify is brought to you by the creators of Fabulous, an award-winning app featured on Lifehacker, the New York Times, Self, Forbes, GirlBoss, and more. Through our apps, we've empowered millions of people worldwide to change their lives for the better.Dare to unleash your superpower. Unlock your full potential.-------Read our full terms and conditions and our privacy policy: https://www.thefabulous.co/terms.html",https://www.thefabulous.co,https://play.google.com/store/apps/details?id=co.thefab.tm&hl=en&gl=US,https://play-lh.googleusercontent.com/D-pgjs84StyEL8DrcEGhNiK7X_9465MJYVJ0bYyzlFQdGrmmbfN86740GFYx5m_zOfU=w240-h480-rw,14,2023-09-25,2025-09-19,1.0,2025-03-10
play:com.museLIVE.quabbleapp,PlayStore,com.museLIVE.quabbleapp,quabble-daily-mental-health_playstore,Quabble: Daily Mental Health,museLIVE Inc.,Kids,500000,4.5,7540,0.99,49.99,$0.99 - $49.99 per item,"Maintain Daily Mental Health with Just One Joyful App!Quabble is the ultimate self care app for healthy minds! This wellness app makes mental wellness fun, easy, and part of your daily life. With unique routines, mental health games, and community support, it boosts self improvement while helping you manage sleep, meditation, anxiety, depression, journaling, and more—all in one app. No need to juggle multiple apps—just one joyful solution for better mental well-being!- 98% of regular users reported that our mind workouts have helped them manage their mental health- 184k+ mental wellness routines have been completed on Quabble so farWhat You’ll Love About Quabble:1. HOLISTIC MENTAL WELLNESS TOOLS:Our diverse mental health tools, including mind workouts, personalized wellness routines, goal tracking, virtual pet experiences, daily affirmations, daily motivation, and daily meditation, let you mix and match for a joyful, customized experience. This is the only mental health app you need for consistent mental wellness.2. INTERACTIVE & CUSTOMIZABLE:Create your own uplifting spaces with Safe Place, Proud Dandelion, and Treasure Box to stay motivated and make mental health management even more joyful. Track your mood effortlessly with the Mood Tracker and nurture a balanced mind-body connection.3. A CUTE COMPANION-CUM-GUIDE:Get a cute friend-cum-guide to support your daily mental wellness journey. Acting as your Mindfulness Coach, it brings joy while helping you combat anxiety and depression with engaging, therapeutic interactions.4. ANONYMOUS CONNECTIONS & SUPPORT:Connect anonymously with the caring Quabble community in the Bamboo Forest for unconditional support. Share your journey, find guidance, and experience stress & anxiety relief through a safe, understanding space.- Some of our best mind workouts for holistic mental wellness:(We keep adding to the list)- Clair de Lune:Let Clair de Lune by Claude Debussy lull you into a restful night's sleep.- Bamboo Forest:It is a place where you can express yourself without fear of judgment by anonymously connecting with the community.- Gratitude Jar:Regular gratitude practice boosts wellbeing, enhances mood, and improves symptoms of depression and anxiety. Use it as your personal gratitude journal for emotional resilience.- Proud Dandelion:As you reflect and write down one thing of yourself you're proud of each day, your dandelion grows, symbolizing your personal growth.- Safe Place:A powerful psychological tool using safe place visualization to cope with challenges. Pair it with sleep meditation for deep relaxation and mental peace.- 1-min Breathing:It activates your body's natural relaxation response by focusing on deep and rhythmic breaths.- Worry Box:It is a cognitive-based toolkit designed for stress and anxiety management.- Mindful Meditation:Mindful Meditation lets you take a break from your busy and stressful day in just 3 minutes.- Mood Diary:It is a proven tool that helps you understand your feelings better, making it easier to handle stress and control your emotions.Quabble Club subscription pricing and termsEnjoy Quabble Basic for free through our Scholarship. But, to unlock the full Quabble experience, join Quabble Club! We offer two auto-renewing subscription plans for Quabble Club:- $3.99/month- $19.99/year (less than $1.7 a month)These prices are for United States customers. Pricing in other countries may vary, and actual charges may be converted to your local currency.The subscription will automatically renew unless turned off in your Device Settings at least 24 hours before the current period ends.Terms and conditions: https://quabble.app/termsPrivacy policy: https://quabble.app/privacy",https://quabble.app,https://play.google.com/store/apps/details?id=com.museLIVE.quabbleapp&hl=en&gl=US,https://play-lh.googleusercontent.com/7yi7gdhVWnAFlBiR3pH1dS5hVU3kP6UCXSBIPTAPBlj-_U3jsXusl3KuNBCm6LUfqOE=w240-h480-rw,2.6.14,2023-06-08,2025-02-10,0.175,2025-03-10
ios:id1326310617,AppStore,id1326310617,healthy-minds-program_appstore,Healthy Minds Program,"Healthy Minds Innovations, Inc.",Health & Fitness,0,4.87298,7621,0.0,79.99,Free,"• 2024 Pick: Best Meditation App by Healthline, The New York Times Wirecutter, Vogue, and Sports Illustrated

Well-being is a skill that can be learned. We’re here to guide you along the way.

Backed by four decades of research from world-renowned neuroscientist Dr. Richard Davidson and the team at Healthy Minds Innovations & the Center for Healthy Minds at the University of Wisconsin—Madison, the Healthy Minds Program trains your mind through meditation and podcast-style lessons to develop skills for gaining focus, reducing stress, and maintaining positive social connections.

Research with the Healthy Minds App showed that just 5 minutes a day of practice leads to a 28% reduction in stress, an 18% reduction in anxiety, a 24% reduction in depression, and a 13% increase in social connection.

Featuring our scientific Awareness, Connection, Insight, and Purpose, Well-being Framework, the Healthy Minds Program is a holistic, all-encompassing meditation app that offers the best of both guided meditations and opportunities to learn. You’ll learn simple skills to enhance personal well-being, build healthy relationships, and improve communication, performance, and creativity.

––––––––––––––––––––––––––

What makes us unique?

Developed from Science: 
While many meditation apps can claim the scientific benefits of meditation, our practices are developed directly from neuroscientific research. You’ll also hear from the world’s foremost neuroscientists about neuroplasticity and how to train your mind.

Made for Busy Lives: 
Our app features active meditation practices that fit into your busy lifestyle. Don’t have time to sit for 20 minutes? Put on an active practice and train your mind while you fold the laundry.

Guided by Measurement:
Thanks to our pioneering scientific research, the Healthy Minds Program offers the first mobile mental and emotional well-being assessments. Learn about your current level of well-being and contribute to cutting-edge research on the science of well-being. Our app also integrates with Apple Health to track your mindful minutes.

Goes Beyond Mindfulness:
Our guided path offers step-by-step instructions for becoming more present in the moment and developing a sense of purpose, meaning, and connection in life.

Driven by Mission and Supported by Donation:
The Healthy Minds Program is made possible by our donors, who support our vision of a kinder, wiser, more compassionate world. Unlike other apps that require a subscription, the Healthy Minds Program is available by donation, driven by a mission to translate science into tools to cultivate and measure well-being.

––––––––––––––––––––––––––

Read the End User License Agreement and Terms of Use here:
https://hminnovations.org/hmi/terms-of-use

Read our Privacy Policy here:
https://hminnovations.org/hmi/privacy-policy",https://hminnovations.org/meditation-app,https://apps.apple.com/us/app/healthy-minds-program/id1326310617?uo=4,https://is1-ssl.mzstatic.com/image/thumb/Purple221/v4/c1/58/34/c1583437-2f3a-d919-21c9-fb0db8e19b41/AppIcon-0-0-1x_U007emarketing-0-8-0-85-220.png/512x512bb.jpg,8.7.6,2017-12-20,2025-02-06,0.175,2025-03-10
play:com.prosper.routines.todo.productive.fabulous.habits.selfcare,PlayStore,com.prosper.routines.todo.productive.fabulous.habits.selfcare,supatask-daily-planner-todo_playstore,"SupaTask - Daily Planner, Todo",Tip Tap Apps,Kids,100000,4.7,7740,1.99,29.99,$1.99 - $29.99 per item,"Meet SupaTask - not just another day planner and task management app but a revolutionary tool that reshapes how you organize your life. Breeze through your day with a smartly designed timeline that maximizes productivity and eliminates the guesswork!KEY FEATURES:Adaptive Timeline: Say goodbye to unnecessary blank spaces. SupaTask's unique time-scaled design ensures that every minute counts. Every task fits snugly on your timeline, ensuring you see a full, uninterrupted view of your day.Intuitive Drag-and-Reschedule: Found a change in plans? No problem! Simply drag and drop tasks to reschedule. Whether you're stretching or squeezing, SupaTask recalculates times seamlessly.Quick Task Creation: Time is of the essence! Craft your to-dos with just a few taps, and watch them slot perfectly into your day.Calendar Integration: Never toggle between apps again! Import your calendar events directly into SupaTask. Your events, to-dos, and plans, all under one roof!Detailed Tasking: Need more depth? Add subtasks, notes, and reminders. SupaTask ensures that every detail is just a glance away.Homescreen Widgets: Access your plans directly from your homescreen. A quick peek, and you're set for the day!WHY CHOOSE SUPATASK?With SupaTasak, we've taken the essence of day planning and fused it with intuitive design and user experience. It's more than just a to-do app; it's a promise to yourself to make every day prosperous!Join the thousands who’ve transformed their daily grind into a symphony of productivity. Download SupaTask and watch your days shine!Privacy Policy: https://supatask.app/privacyTerms of service: https://supatask.app/terms",https://prosper-app.com,https://play.google.com/store/apps/details?id=com.prosper.routines.todo.productive.fabulous.habits.selfcare&hl=en&gl=US,https://play-lh.googleusercontent.com/6f5wCjxRokFgaArbUeL75RfT4USpr8IDKaFNqhndnXc5_2k1KIlNYj5PNhFN2HOQOw=w240-h480-rw,1.0.34,2023-03-07,2025-08-18,0.3,2025-03-10
play:com.feelgoodcompany.feelgood,PlayStore,com.feelgoodcompany.feelgood,self-self-care-affirmations_playstore,SELF - Self Care Affirmations,My True Value,Kids,500000,4.6,7810,3.99,99.99,$3.99 - $99.99 per item,"How often do the same negative thoughts loop through your mind? Practicing daily affirmations is one of the most effective and simple methods to focus on mental self-care and break that cycle. With daily affirmations you train your mind to focus on growth, increase your self-esteem, and build healthy patterns of self-love. Repeating positive affirmations as part of your everyday habit helps you create a consistent routine for self-care and personal empowerment.By choosing to do daily positive affirmations, you remind yourself of your strengths, your goals, and your potential. These affirmations act as anchors throughout the day, turning your thoughts toward optimism and possibility. Using positive affirmations every morning reinforces your resilience, so that challenges feel less overwhelming and your inner confidence keeps growing.An affirmation is a simple statement, but when repeated daily, it shapes both conscious and unconscious beliefs and acts as mental self-care. The stronger this connection becomes, the more your self-esteem and self-love will flourish. The secret is consistency: build a habit of practicing daily affirmations and make it part of your morning routine for long-lasting impact.Adding affirmations to your self-care routine brings countless benefits:❤️ Daily affirmations sharpen awareness of your thoughts and words, making it easier to catch negativity and replace it with positive affirmations that support self-love.❤️ Affirmations direct your focus. When you use daily positive affirmations, your energy aligns with your goals, boosting motivation and self-improvement.❤️ Positive affirmations open new possibilities. Repeating daily affirmations every morning helps you shift from limitation to opportunity, proving that with the right habit and routine, you can aim for the life you want.Download SELF today. Invest in yourself - you deserve it!#affirmations #self-care #self-love #mentalhealth #positiveaffirmations #motivation #personalgrowth #wellbeing #mindfulness #anxietyrelief #stressrelief #habit #routine #mentalhealth",https://mytruevalueapp.com,https://play.google.com/store/apps/details?id=com.feelgoodcompany.feelgood&hl=en&gl=US,https://play-lh.googleusercontent.com/39LGwoWvxav17irnIlvhto7-cf025d4z40-wBSO3_6hpCmoDfQPwtPMbiYmNnnE37ideaJYSHgMahRn67ArVVug=w240-h480-rw,4.0.103,2021-07-22,2025-02-10,0.925,2025-03-10
ios:id1480220328,AppStore,id1480220328,tiimo-ai-planner-to-do_appstore,Tiimo: AI Planner & To-do,tiimo ApS,Productivity,0,4.53763,8145,0.0,0.0,Free,"*  Apple Design Awards Finalist 2024
*  Best Assistive Technology 2022 (Neurodiversity Awards)
*  1+ Million downloads worldwide

Meet Tiimo: Your AI planning partner that simplifies executive function, focus and productivity.

Whether you are building routines, navigating time agnosia, or just trying to make it through a busy week, Tiimo helps reduce mental load and makes it easier to follow through. Planning becomes something that supports you, not something that drains you.
Join 1+ million users who trust Tiimo as their neurodivergent-friendly planner.

KEY FEATURES

AI Co-Planner: A personal planning assistant that supports you in creating, prioritizing and planning tasks that works for you, so you can focus on what matters.
Visual Schedule Planner: Color-coded daily overview with easy drag-and-drop tasks.
To-Do List: Brain dump your tasks, prioritize them in a click with the AI priority grouping.
Focus Timer: A calming countdown to guide your time, and stay on track.
Sync with Apple Calendar and Reminders: Keep all your schedules and plans in one place.
Widgets: Your key tasks and timers always in view on your home or lock screen.
Share up to 5 profiles with family

SUPPORTING TOOLS

Neuroinclusive Courses: Expert guides on productivity and habits
Community Hub: Tips from neurodivergent teens and adults
Personal insights: Stats that support your growth and helping you stay on task.

USER TESTIMONIALS

“Tiimo I love you- you’ve pretty much changed my life!! I didn’t think I could be organized. But this week, I completed 94 tasks. This app def deserves the five stars!""
“I struggle with adhd and have tried multiple apps to help me focus. This has been the only one that has actually helped!”
“This has kept me the most productive I’ve been in years. Worth every penny.”

WHAT SETS US APART

Co-designed with ADHD/Autism experts
100% ad-free forever
Copenhagen-based team fighting for neurodivergent empowerment

FREE TRIAL & PRICING

Start your 7-day trial of Tiimo Pro ( only applies to the yearly subscription) for full features and access to our web version.
Free version includes: Basic planner, limited AI chats, 1 profile.
Auto-renewal can be canceled anytime via Apple settings.",http://tiimoapp.com,https://apps.apple.com/us/app/tiimo-ai-planner-to-do/id1480220328?uo=4,https://is1-ssl.mzstatic.com/image/thumb/Purple221/v4/5d/14/2b/5d142b27-eb86-33f7-07a1-52ebdc89f20a/AppIcon-0-0-1x_U007epad-0-1-0-sRGB-85-220.png/512x512bb.jpg,3.26.0,2019-10-28,2025-01-10,1.0,2025-03-10
play:co.thomasmenzel.proddy,PlayStore,co.thomasmenzel.proddy,habit-tracker-proddy_playstore,Habit Tracker - Proddy,System Two GmbH,Kids,100000,3.9,8220,3.99,39.99,$3.99 - $39.99 per item,"Sticking to a good daily habit and tracking your habit has never been more effortless. Build up a healthy lifestyle with a powerful routine and focus on the most important thing, which is consistency. Our philosophy is that your first habit should be something you can very easily achieve. By planting a small seed today and letting it grow for some time you will then create an amazing future. Proddy helps you with your daily habits and gives you motivation you to get a little closer to your dreams.⭐ Tiny Habits ⭐A powerful habit compounding over time is the easiest and most sustainable way to become the best version of yourself and to feel great during your selfcare. Take it slow and focus on completing a small 5 minute habit everyday. Accomplishing these tiny habits over a long period of time will help you avoid becoming overwhelmed with your habit tracker, making it more likely for the daily habit to stick.⭐ Intelligent Insights ⭐To make your selfcare journey easier, you'll get curated habit building recommendations and powerful audio lessons to get even more of your habits done, while also helping you learn more about personal growth and habit tracking.Proddy is way more than only a habit tracker. It's a holistic selfcare companion that also assists you with a mood journal, a procrastination timer and intelligent statistics. With these insights you'll better understand yourself and the way your habit and productivity affects how you feel. ⭐ FEATURES ⭐- Finishing a habit is simple and beautiful with our habit tracker- Smart analytics to keep track of what's important- Powerful, aesthetic visualisations of your long-term habit tracking progress- Gamify your progress by building streaks and climbing in levels- Focus timer to avoid distractions when working on your goals- Reflect on your thoughts throughout the day- A tracker of your mood with journaling - Clean and minimalistic interface to get more habits done- Create a reason for each habit, so you always know why you started- Break down a daunting goal into easy-to-do chunksOur philosophy is that building self-discipline and good daily habits should be something meaningful that you can enjoy and that has the power to keep you excited every day after waking up during your morning routine.Thanks for supporting an indie developer building apps! You can always send an email to the address below for any suggestions or feedback for the app.Email me at thomas@proddy.appTerms and Conditions: https://www.iubenda.com/terms-and-conditions/54429899Privacy Policy:https://www.iubenda.com/privacy-policy/54429899Download this habit tracker now and become the happiest and healthiest version of yourself with the power of creating a simple habit.",https://proddy.app,https://play.google.com/store/apps/details?id=co.thomasmenzel.proddy&hl=en&gl=US,https://play-lh.googleusercontent.com/Lhxa_-3nSKhSsLzxlC3Dqi_8QxAGnj8kdVsZ1ei_1Z36NlGtljduKTEXCpRHxzOq7g=w240-h480-rw,3.7.7,2019-12-13,2023-10-10,1.0,2025-03-10
cws:laankejkbhbdhmipfmgcngdelahlfoji,ChromeWS,laankejkbhbdhmipfmgcngdelahlfoji,stayfocusd-website-blocker-focus-timer-shorts-blocker_chromews,StayFocusd – Website Blocker & Focus Timer & Shorts Blocker,TraderThis developer has identified itself as a trader per the definition from the European Union and committed to only offer products or services that comply with EU laws.,Extension,600000,4.5,8400,0.0,0.0,Free,"OverviewBoost your productivity by limiting the amount of time you spend on time-wasting websites.You sit down at the computer, and you swear you'll be productive. Next thing you know, it's twelve hours later. You've checked your email, updated your Facebook status, blown through 200 pages of Reddit, read every article in your Twitter feed, looked up your favorite band on Wikipedia, vanity googled yourself, cyber-stalked your ex, browsed through all your high-school crushes' Instagram feeds, and lost a week's pay playing online poker. What you haven't done is WORK. ✦ What is StayFocusd? StayFocusd, by Sensor Tower, is a productivity extension for Google Chrome that helps you stay focused on work by restricting the amount of time you can spend on time-wasting websites. It provides analytics to help you understand and control your internet usage, ensuring you remain productive throughout the day. ⭐ Our Features ⭐ 📊 Website usage history: Get statistics of your daily website usage history. 🚫 Configurable blocking: Block entire sites, specific subdomains, specific paths, specific pages, or even in-page content (videos, images, forms, etc). ☢️ The Nuclear Option: This powerful feature allows you to block access to websites for the number of hours you specify on the days you choose. Once activated, it cannot be canceled, ensuring you remain focused and productive. 📱Require Challenge: To change any settings, you must complete a challenging task. This reduces the temptation to alter settings, helping you stick to your productivity goals. 🗓️ Active Days/Hours: Customize the days and hours during which StayFocusd will restrict your access to distracting websites. This ensures that your productivity is maintained during critical work periods. ▶️ In App Blocking for YouTube: Block all distracting components on YouTube. Hide shorts, comments, recommended videos, etc. 🔒",,https://chromewebstore.google.com/detail/laankejkbhbdhmipfmgcngdelahlfoji?hl=en,https://lh3.googleusercontent.com/lhTfr_0i-RaJD_KXtlfqGQf4C9Y8RPtI3NeRA9uP90fN74tFiI-IVzv282ZqB8_uCD3DFhcOmOWZCsmv8gq0xG6VQQ=s128-rj-sc0x00ffffff,"UpdatedOctober 2, 2025",,,1.0,2025-03-10
play:com.shikudo.focusapp.google,PlayStore,com.shikudo.focusapp.google,striving-pomodoro-study-timer_playstore,Striving: Pomodoro study timer,Shikudo - Walking and Focus Games,Kids,500000,4.6,8480,2.99,17.99,$2.99 - $17.99 per item,"🏆Best of 2022 Awards - Best Everyday Essential (Honorable Mention), Google Play🏆Striving is a focus timer, a study timer, and a Pomodoro timer. It emphasis on beating phone addiction, managing ADHD, focusing on healing, and improving work productivity, self-control, and concentration through its emphasis on focus timer healing.Striving is a productivity app designed to help users focus and accomplish their to-do lists. With features like a focus timer, study timer, and Pomodoro timer, Striving can help users improve their concentration and complete tasks more efficiently. Additionally, Striving can also assist users in overcoming phone addiction and managing ADHD symptoms, while promoting self-control and productivity. Overall, Striving is an excellent tool for anyone looking to stay focused and get things done.FEATURES:* 3 modes - Countdown timer, Stopwatch, and Pomodoro timer to help with productivity, concentration, study, uni, and work* Records - pie chart and line chart to stay on track of the time you focused so that you can better plan your to-do and improve productivity and concentration* Stay focused - Turn on the strict mode to block access to other apps and manage life with ADHD* Motivation - Sync your focus minutes to Focus Plant and Focus Quest for extra motivation * Meditation - You can also use the app as meditation gamification along with ADHD treatmentCOMING SOON:* Sync data - Use Google Fit to sync meditation minutes from focus timer and study timer like plantie, flora green focus, focus to do, timetree, calm, headspace, forest app, habitica, nox ocean, plant nanny, eggzy, flipd, flip, socratic, planty, study bunny, tomato timer, pomodoro timer, be focused, studysmarter, focus keeper, fatty cat, zoom, study blue, study buddy, saplingy, bft bear focus timer, sleep town, yeolpumta, my study life, study island, platie, donut dog, forrest, notion, pomofocus, finch, emphasis, flat tomato, virtual cottage, pomodoro technique, aloe bud, lifeat, focus mate, treedom, offtime, study planner, time tree, focos, study with me, study tree, tomatodo, ecosia, fishcure, trello, productive, mindly, planta, endel, ypt, focuspomo, concentration timer & timer, and etc.Privacy policy: https://site.shikudo.com/privacy-policyTerms of use: https://site.shikudo.com/terms-of-use",https://www.shikudo.com,https://play.google.com/store/apps/details?id=com.shikudo.focusapp.google&hl=en&gl=US,https://play-lh.googleusercontent.com/i6n4majLCcI1LMgmRRJHnhBIGrN2dqw2MyQcnXisIjo_JCylWUbFGDlY7g4Ng_3m4g=w240-h480-rw,1.7.22,2022-08-22,2025-04-18,1.0,2025-03-10
play:app.avocation.avocation,PlayStore,app.avocation.avocation,avocation-goal-habit-tracker_playstore,Avocation Goal & Habit Tracker,Mindvoll,Kids,1000000,4.2,8880,0.99,18.99,$0.99 - $18.99 per item,"Google Best Of Apps 2020Over 1 million downloadsSticking to new habits or breaking old ones can be overwhelming and stressful. How about making it a fun experience? Yes, you’ve read it right. No more exhausting streaks, self-restrictions, and unreachable goals. Avocation is your offline habit tracker that will accompany you on your way to a better version of yourself. Our goal is to show you that it is all about small things that only take a few minutes of your time throughout the day. Sounds simple, doesn’t it? Have a look at what we prepared for you. Keep up with new habits with the habit tracker:Achieve your biggest dreams, goals, and new year's resolutions! Create your habits and organize your daily routine plans. Habits are visualized in circles to give you a quick overview of your to-do list. Create your own daily agenda. Customize habit colors, icons, and routines. Need a reminder? Never forget your daily goals again!  Schedule an individual notification for each habit and get a habit reminder every day. All set up? Tap the habit circle after completing it and view your progress. You are fabulous! See your improvements with our goal trackerTrack your progress with Avocation: complete habits and view the statistics screen to get your daily and weekly progress overview. It is simple and intuitive: progress is represented by a water bottle that fills up with every tap of habit circles. Forgot to tap a habit yesterday even though it was completed? Don't worry, your statistics are safe. With our time travel feature, you can return one day back and make sure all completed habits are marked. Grow with Avocation: complete your first habit and start growing your baby plant. However, plants need water: the plant will not grow if your statistics bottle is empty!Learn about habit development and productivity tipsHave a look at the collection of short and enjoyable lessons about habits that we created for you. You will discover the science behind habit formation and development, learn how to analyze and prioritize your goals, set your mind on smart, efficient changes, and much more. Our Avocoach will assist you along the way.  Your free account is waiting for you, no registration needed! Unlimited access to lessons, up to 5 habits, time travel, custom reminders, and much more! We are constantly working on new features. If you feel like becoming a habit pro or simply enjoy our app, you can support the development by subscribing to our membership. We offer you more custom habit colors, unlimited habits, unlimited reminders, and bonus karma points:)                                                                                                    We designed Avocation with a passion to create a unique and enjoyable experience for you. We are looking forward to your ideas and feedback and working hard on making the app better. Drop us a line hello@avocation.appTerms of use: https://avocation.app/terms",https://avocation.app/terms,https://play.google.com/store/apps/details?id=app.avocation.avocation&hl=en&gl=US,https://play-lh.googleusercontent.com/qpQuIiQa3hxRSG4_AeLWA04yMmFRJQ6_keLHFwJ9b7rvtFFWQynj8zrMhrsIhLWCSXw=w240-h480-rw,1.5.6,2019-12-16,2023-04-16,1.0,2025-03-10
play:com.smilingmind.app,PlayStore,com.smilingmind.app,smiling-mind-mental-wellbeing_playstore,Smiling Mind: Mental Wellbeing,Smiling Mind,Kids,1000000,4.2,9150,5.99,59.99,$5.99 - $59.99 per item,"Smiling Mind gives you a head-start to managing the ups and downs of everyday life.Welcome to your versatile and practical mental fitness toolkit. The Smiling Mind App helps you learn the skills that underpin wellbeing and create the habits to thrive. Develop your own, unique approach to building your mental fitness, navigating challenges and meeting your goals. It’s your daily workout for life, in your pocket.Our app is underpinned by the Smiling Mind Mental Fitness Model, designed by psychologists and mental health experts to help you develop the foundation for your mind to thrive.Smiling Mind supports you to practise mental fitness through five core skill sets, empowering you to: live mindfully, embrace flexible thinking, grow connections, act purposefully and recharge your body.The Smiling Mind App provides you with personalised content, tools and resources to support your specific wellbeing needs and goals. There’s a range of content for minds of all ages and stages, with children’s collections suitable for ages 5 to 12, and adult collections that take you from beginner practice to everyday habits!The Smiling Mind App has:* 700+ lessons, practices and meditations* 50+ curated collectionsWith a range of special features, the app helps you build mental fitness and resilience; support good sleep, study and sports training; reduce stress; improve relationships; and promote the development of new social and emotional skills.SMILING MIND FEATURESMEDITATION & MINDFULNESS* Beginner meditations through to programs for experienced practitioners * Meditations in Indigenous Australian languages (Kriol, Ngaanyatjarra & Pitjantjatjara)* Content and programs covering sleep, calm, relationships, stress, mindful eating, and much more * Programs for kids and families including sleep, emotional skills development, back to school, and much more   MENTAL FITNESS Develop mental fitness skills to:* Increase your sense of calm* Manage your technology use * Enhance the important relationships in your life * Reduce stress and anxiety * Improve mental health and wellbeing OTHER FEATURES* Download content to use offline* Build a mental fitness habits with personalised routines * Track your mood with wellbeing check-ins* See your skill development progress with the mental fitness tracker * Dark mode to help you relax before sleep  We have a history of creating positive impact, and a vision to create generational change, empowering everyone with the tools for lifelong mental fitness.Smiling Mind has been at the forefront of mental health innovation for over 12 years, helping minds thrive with evidence-based tools and resources. We’re proud to have impacted the lives of millions of people globally.Over the last decade we have followed a vision to help every mind thrive, and are proud to have impacted so many lives in that time. Now, amidst a mental health crisis, we’re looking to the future at how Smiling Mind can create long-term change in mental health and wellbeing that will ripple into future generations. Smiling Mind’s new mission, Lifelong Mental Fitness, is built on the evidence that shows positive mental wellbeing can be proactively developed. And it’s our intention to empower everyone with the skills they need to do this. “The best thing about Smiling Mind is that it relaxes you and helps you think straight.” - Luke, 10“We listen to it most nights for my son and I’m not sure what I would do without it truthfully. Thank you for helping our children and family feel better inside and out.”  - Year 3 and 5 Parent",http://www.smilingmind.com.au,https://play.google.com/store/apps/details?id=com.smilingmind.app&hl=en&gl=US,https://play-lh.googleusercontent.com/MhRb_0XBC3LOlGknGLYemWrwZCroj-3s0wge6Os-g1XAlFqNma_GlSyF6rD-2-wQ2eW0=w240-h480-rw,5.5.2,2014-06-10,2025-10-09,0.475,2025-03-10
ios:id6474421906,AppStore,id6474421906,atoms-from-atomic-habits_appstore,Atoms - from Atomic Habits,Atomic Development Inc.,Productivity,0,4.82714,9349,0.0,0.0,Free,"Introducing Atoms – The Official Atomic Habits App! 

## Tiny changes, remarkable results! ## 

Atoms is the definitive habits forming app inspired by the groundbreaking principles of Atomic Habits, the best-selling book by James Clear. Atoms is not only a habit tracker, but also your personal guide filled with bite-sized lessons and insightful strategies to help you make positive changes one small step at a time. 


# WHY ATOMS? 

* Proven Principles: Atoms is crafted on the science-backed principles of habit change covered in Atomic Habits. You will learn how to make your habits obvious, attractive, easy, and satisfying. 
* Five Good Minutes: Experience powerful change in just five minutes a day! Atoms is designed for everyone, including those with busy lifestyles, ensuring that you can build good habits, break bad ones, and make better decisions with minimal time investment. 
* NYT Best-Seller: Join over 15 million people who have already embraced the transformative power of Atomic Habits. Atoms brings these life-changing principles and James Clear’s content to your fingertips in an easy-to-use app. 


# KEY FEATURES: 

* Guided Habit Creation: Start small and build habits based on the kind of person you want to become. Get guidance on how to start at the right size for you. Create consistency by committing to a time and place. Build habits that last. 
* Intuitive Interface: Enjoy a seamless user interface that makes habit tracking a joy. Visualize your progress, celebrate milestones, and stay motivated with every tiny win. 
* Smart Reminders: Never miss a moment to invest in yourself. Atoms uses smart reminders to keep you on track and encourage consistent habit-building. 
* Progress Insights: Gain valuable insights into your habits with detailed analytics. Track your progress over time, identify patterns, and make informed decisions for continuous improvement. 
* Apple Watch app: Log your habits on the move

Download Atoms now and start experiencing the power of Atomic Habits. 

Think big. Start Small. Use Atoms.



Terms and Conditions - https://www.iubenda.com/terms-and-conditions/22673733
Privacy Policy - https://www.iubenda.com/privacy-policy/22673733
End User License Agreement - https://www.apple.com/legal/internet-services/itunes/dev/stdeula/",https://atoms.jamesclear.com,https://apps.apple.com/us/app/atoms-from-atomic-habits/id6474421906?uo=4,https://is1-ssl.mzstatic.com/image/thumb/Purple221/v4/29/84/f0/2984f09f-d912-5851-9e5c-ebe12bf50324/AppIcon-0-1x_U007ephone-0-1-85-220-0.png/512x512bb.jpg,3.3.0,2024-02-14,2025-01-10,1.0,2025-03-10
ios:id1436994560,AppStore,id1436994560,portal-escape-into-nature_appstore,Portal - Escape Into Nature,Portal Labs Ltd,Health & Fitness,0,4.7773,9605,0.0,0.0,Free,"Portal transports your mind into the world’s most beautiful natural surroundings to help you stress less, focus better and sleep more.

Through immersive nature sounds, window-like visuals, smart lighting and award-winning design, it guides you into natural environments perfectly suited to deliver life-changing impacts across productivity, mental health and sleep. 

Combining 40 years of robust scientific evidence with groundbreaking new research, Portal taps into the transformative powers of the natural world, and puts into practice the latest evidence for how our minds and bodies respond to our surroundings.

Say goodbye to unproductive days, sleepless nights and a cluttered mind, and join millions of nature-lovers escaping noise, stress and distraction in the world’s most beautiful natural environments. 

Apple - Editor’s Pick
Apple - Mac App of the Year (finalist) 
1m+ downloads 

LIFE CHANGING CUSTOMER STORIES

[FOCUS]
The student in Hawaii who needed an escape from the drone of air con, traffic noise and the stress of assignment deadlines.

“It engages your mind in a way that changes how you work and focus. I honestly am not sure I would be keeping all A's if I did not have it.”

[RELAXATION]
The lady who was at a heightened risk of a heart attack, and turned to Portal to help her stay calm and control her erratic heartbeat in the days leading up to her pacemaker fitting.

""This app has literally changed my life - and, no, I don’t usually say this kind of thing.”

[SLEEP]
The mother living in a war zone who turned to Portal to help both herself and her children fall asleep whilst the sound of bombs and shelling can be heard in the distance.

“Thank you for adding peace to the chaos of our world.”

[ADHD]
The tech professional who found Portal could help him better manage his ADHD, enabling him to unlock his professional potential, and be the husband and father he’s always wanted to be.

“I use the iOS version daily. It’s better than any medication, therapy or treatment for my ADHD brain! Makes the yearly subscription the bargain of my life.”

ADDITIONAL USE CASES 
Creativity, inspiration, mindfulness, meditation, PTSD, insomnia, maternity & childbirth, baby sounds, tinnitus, pain relief

KEY FEATURES:
- 100+ portals to the most beautiful & peaceful corners of our planet, including Costa Rica, Iceland, St Lucia, Scotland & Slovenia
- Immersive true-to-life Spatial Audio recordings
- Stunning retina-quality ultra high definition motion visuals
- Philips Hue, HomeKit & Nanoleaf smart lighting integration
- Webby award winning design for beautiful aesthetics & experience
- Sunrise wake-up alarm
- Sleep timer
- Simplified pomodoro focus timer
- Meditation & breathing exercises
- Mix Portal audio with your playlists, podcasts, audiobooks & guided meditations
- Offline usage
- Siri Shortcuts
- Family Sharing with up to 5 others
- Absolute Privacy (no 3rd party tracking, targeted ads, or personal data collection)
- Custom built for Apple devices

PRICING & TERMS
Portal Free: access to 6 portals. No subscription or trial required. 
Portal Premium: unlimited access to regularly updated library of 100+ portals, smart lighting integration & dynamic spatial audio. Monthly subscription, Annual subscription (with free 7 day trial), or Lifetime (one-0ff) purchase required. Subscriptions include full access to our Mac app.

OTHER NOTES
Subscriptions renew automatically unless turned off in your App Store account at least 24 hours before the end of your trial or membership
Dynamic (head-tracked) Spatial Audio requires compatible headphones that support head-tracking (AirPods (3rd/4th Gen), Airpods Pro, AirPods Max, Beats Fit Pro)  

Terms of Use: portal.app/terms
Privacy Policy: portal.app/privacy",https://portal.app,https://apps.apple.com/us/app/portal-escape-into-nature/id1436994560?uo=4,https://is1-ssl.mzstatic.com/image/thumb/Purple211/v4/5b/48/95/5b4895f8-9ad4-f0c0-ce71-b92572a48a54/AppIcon-0-1x_U007emarketing-0-8-0-85-220-0.png/512x512bb.jpg,3.8.3,2019-12-02,2024-02-10,1.0,2025-03-10
play:com.teqtic.lockmeout,PlayStore,com.teqtic.lockmeout,lock-me-out-app-site-blocker_playstore,Lock Me Out - App/Site Blocker,TEQTIC Apps LLC,Kids,500000,4.7,9850,0.99,99.99,$0.99 - $99.99 per item,"Can't put your phone down? Are you addicted to certain apps? Lock Me Out is a powerful app blocker that locks you out of chosen apps when you would rather be doing something else. Please check www.dontkillmyapp.com to make sure Lock Me Out is running unrestricted on your device!Brief Overview (detailed overview below)• Block chosen apps, allow chosen apps, or allow lock-screen only• Block or allow chosen websites• Schedule regular lockouts or trigger lockouts automatically based on app usage• Trigger lockouts at chosen locations• Hide notifications from blocked apps• Turn on DND/silence ringer• Blocks split screen, picture-in-picture, and Samsung's pop-up views• Password protection for entry, uninstall, and tampering• Temporary emergency access• Usage statistics• Usage warning notifications• No ads Lock Me Out has helped thousands of people reduce  time spent on their phone. It has become an invaluable tool for many students who wish to focus on studying, and parents who wish to limit their children's screen time. It was originally released in 2014 and continues to improve with new features based on user feedback and requests. Customer service is a top priority at TEQTIC. If you need help, please use the ""Contact Support"" menu option inside the app or email lockmeout@teqtic.com! We strive to respond to all emails as quickly as possible. Install now and reclaim your precious time, free of distractions!Detailed OverviewApp Blocking ModesThere are three app blocking modes. The first mode blocks the chosen apps and allows the rest. The second mode allows the chosen apps and blocks the rest. The third and strictest mode only allows use of the lock-screen. You can still answer calls or call emergency numbers in this mode. Website Blocking ModesThere are two website blocking modes. The first mode blocks the chosen URLs or URL keywords and allows the rest. The second mode allows the chosen URLs or URL keywords and blocks the rest.  Usage Based LockoutsUsage based lockouts have rules that trigger automatic lockouts based on your device usage. You can set up usage rules based on time spent in chosen apps, total screen time, the number of times apps are opened, or the number of device unlocks. Usage rules are scheduled to be enforced at the chosen times. Scheduled LockoutsScheduled lockouts occur at the chosen times regardless of usage. Lockout OptionsEach lockout has its own configurable options:• Unlock periodically with regular breaks (pomodoro)• Hide notifications from blocked apps• Turn on Do Not Disturb (DND)• Silence the ringer• Only lock at chosen physical locations• Allow a chosen payment to end the lockout early Reducing notifications is important to help us eliminate frequent interruptions, which is vital for our focus, productivity, and mental health. Having lockouts limited to specific physical locations can improve focus while at school, the gym, or anywhere else apps can be a distraction. Less time spent on your phone at night can also improve your sleep. Premium VersionThe premium version allows an unlimited number of lockouts, apps, websites, and locations. It allows enabling the option to prevent uninstallation and tampering so that you can't get out of lockouts. Please consider upgrading to support future development! We want everyone to conquer their addiction. If you cannot afford the premium version, please email us. Sensitive PermissionsThe Accessibility Service permission is required to detect which apps or websites are open, so that your chosen apps and websites can be blocked. Information provided by the Accessibility Service is not collected or shared in any way.",https://www.teqtic.com/lock-me-out,https://play.google.com/store/apps/details?id=com.teqtic.lockmeout&hl=en&gl=US,https://play-lh.googleusercontent.com/40mZvc3P8kqPtYJap1n8UzzTeYJru0_dFn4kV6Fr8NYLPYhGf5CtpryzYP0dkSOjpUU=w240-h480-rw,7.2.4,2014-09-23,2025-06-21,1.0,2025-03-10
play:app.disciplined.productive.structured.habit.tracker,PlayStore,app.disciplined.productive.structured.habit.tracker,disciplined-habit-tracker_playstore,Disciplined - Habit Tracker,Tip Tap Apps,Kids,100000,4.7,10000,1.99,29.99,$1.99 - $29.99 per item,"Discover Disciplined - The Ultimate Habit Tracker App!Embark on a transformative journey with Disciplined, the premier habit tracking app designed to revolutionize how you build and maintain daily routines. With Disciplined, achieving lasting habits isn’t just a goal, but an attainable reality. Simplify your path to self-improvement with our intuitive interface and robust features, transforming ambition into tangible action.Key Features for Building Successful Habits:Customizable Habit Formation: Easily create and tailor habits to your needs. Whether it’s for fitness, reading, or meditation, Disciplined is your perfect partner for establishing consistent, sustainable routines.Visual Progress Tracking: Monitor your achievements with our graphical trackers. Keep up your motivation by watching your streaks and successes grow each day.Timely Personalized Reminders: Stay on top of your routines with customized reminders. Disciplined ensures you never miss a step in your habit-building journey.In-depth Statistical Insights: Dive deep into your habit patterns. Utilize our detailed analytics to fine-tune your habits for peak performance.Adaptable Scheduling: Fit habits into your unique lifestyle. Whether daily, weekly, or at irregular intervals, Disciplined accommodates your schedule.Seamless Multi-Device Integration: Synchronize your data across devices with Disciplined, bringing balance to both personal and professional aspects of your life.Why Choose Disciplined?Disciplined is more than a simple habit tracker - it’s a dedicated ally in your pursuit of self-discipline and personal growth. We champion the philosophy that small, consistent steps lead to monumental transformations.Join our thriving community who have discovered discipline and success through our app. Download Disciplined now and start your journey towards a more productive and fulfilling life!Visit our Privacy Policy: https://getdisciplined.app/privacyRead our Terms of Service: https://getdisciplined.app/terms",https://getdisciplined.app,https://play.google.com/store/apps/details?id=app.disciplined.productive.structured.habit.tracker&hl=en&gl=US,https://play-lh.googleusercontent.com/4RAHr09Mgs4DvqdGVMB3Sj9gqPKVrZ1VZfS9Y9nKckclKcdkI-0OEWkuoRYn8xgVwrTs=w240-h480-rw,1.0.45,2024-01-01,2025-08-21,1.0,2025-03-10
ios:id804284729,AppStore,id804284729,mindfulness-coach_appstore,Mindfulness Coach,US Department of Veterans Affairs (VA),Health & Fitness,0,4.76734,10122,0.0,79.99,Free,"Mindfulness means noticing and paying attention to what is going on in the present moment, without passing judgment on it. Mindfulness has been shown to be effective for reducing stress, improving emotional balance, increasing self-awareness, helping with anxiety and depression, and coping more effectively with chronic pain.

Mindfulness Coach 2.0 was developed to help Veterans, Service members, and others learn how to practice mindfulness. The app provides a gradual, self-guided training program designed to help you understand and adopt a simple mindfulness practice. Mindfulness Coach also offers a library of information about mindfulness (for example “What is Mindfulness?”, “How to Anchor Your Attention”), 12 audio-guided mindfulness exercises and a growing catalog of additional exercises available for free download, goal-setting and tracking, a mindfulness mastery assessment to help you track your progress over time, customizable reminders, and access to other support and crisis resources. Mindfulness Coach is free, doesn’t take or share any of your personal information, and doesn’t require add-on purchases.

Mindfulness Coach was created by VA’s National Center for PTSD.",https://www.ptsd.va.gov/appvid/mobile/,https://apps.apple.com/us/app/mindfulness-coach/id804284729?uo=4,https://is1-ssl.mzstatic.com/image/thumb/Purple211/v4/30/81/52/30815223-97f9-29a2-8abd-4c1680c9b753/AppIcon-0-0-1x_U007emarketing-0-8-0-85-220.png/512x512bb.jpg,2.9,2014-01-31,2025-08-03,0.1,2025-03-10
ios:id1265128036,AppStore,id1265128036,pomodoro-focus-timer_appstore,Pomodoro - Focus Timer,DelightApps Corp.,Productivity,0,4.74892,10475,0.0,0.0,Free,"The Best Pomodoro Application.

Work with this app to improve your productivity by breaking up after each working period.


Features

- Timer list
- Relaxing sound player
- iOS14 Widgets Support
- Apple Watch Complications
- White noises are played with timer
- Customizable timer style & background image
- Customizable settings for your working interval and short, long break interval
- Offline mode
- Dark mode
- Manager your task using Pomodoro technique
- Focus with white noise sounds
- Track your progress
- Background scheduling and notification
- Support Working on backgrounds
- Voice Feedback after finishing work and break
- Universal app for iPhone, iPad and Apple Watch


Feedback email -  jason@delightroom.com",https://delight-apps.com,https://apps.apple.com/us/app/pomodoro-focus-timer/id1265128036?uo=4,https://is1-ssl.mzstatic.com/image/thumb/Purple211/v4/95/ca/f5/95caf5c4-ff7e-4d84-bde0-de300acc2f88/AppIcon-0-0-1x_U007epad-0-1-0-85-220.png/512x512bb.jpg,8.21.3,2017-03-08,2025-07-14,1.0,2025-03-10
play:com.fenchtose.reflog,PlayStore,com.fenchtose.reflog,taskito-to-do-list-planner_playstore,Taskito: To-Do List & Planner,Taskito,Kids,1000000,4.3,10600,1.69,43.99,$1.69 - $43.99 per item,"Taskito: Your Timeline To-Do & Planning PowerhouseTransform your productivity with Taskito’s intuitive timeline view. See your day explode with clarity by combining tasks, events, reminders, notes, and habits into one seamless planner.-  All-in-one timeline view brings to-dos, calendar events, reminders, notes & habits into focus - Calendar integration for seamless event import, time-blocking, and daily schedule overview - Project board (Kanban-style) to flesh out long-term goals and drag tasks into your timeline when ready - Recurring tasks & habit tracking, with multi-reminder support to keep routines on track - Powerful, customizable widgets to glance at your agenda without opening the app - Templates, tags, bulk actions: reuse grocery or workout lists, categorize with colors, manage tasks en masse - No Ads & sync across devices keep your focus where it belongs Perfect for:- Students managing assignments and schedules- Professionals planning meetings, projects, and time-blocks- Anyone bullet-journaling digitally or building daily routinesWhy Taskito?Streamlined, beautiful design. Unmatched flexibility with tags, templates, widgets. A planner that adapts to you—not the other way around.Download Taskito now and start turning plans into productivity.• • •If you have feedback or suggestions, feel free to send us an email: hey.taskito@gmail.comWebsite: https://taskito.io/Help Center: https://taskito.io/helpBlog: https://taskito.io/blog",https://taskito.io/,https://play.google.com/store/apps/details?id=com.fenchtose.reflog&hl=en&gl=US,https://play-lh.googleusercontent.com/_cgWAzDGXJKYnkHxOrOfwVQgoaY24lv_R6x4UXezaY4V3D738wcr2TYMqnW6qOPg3Fkj=w240-h480-rw,1.1.4,2019-05-26,2025-07-08,1.0,2025-03-10
ios:id380816407,AppStore,id380816407,mindfulness-bell_appstore,Mindfulness Bell,Spotlight Six Software LLC,Health & Fitness,0,4.60276,10971,0.0,0.0,Free,"Rings a beautiful Tibetan Singing Bowl at a specified interval - or random intervals - throughout the day. 

The sound of these beautiful bells can help bring you back to your true center - and back into the present moment.

Simply set the times that you want to hear the bell and tap Start.  You can then exit the app and the bells will continue to ring throughout the scheduled time period.

A meditation timer using our lovely bells is also included to help you with your meditation practice.

====================================================

Our Privacy Policy: https://spotlightsix.com/privacypolicy
Our Terms of Service: https://spotlightsix.com/tcc_terms.html",https://www.spotlightsix.com,https://apps.apple.com/us/app/mindfulness-bell/id380816407?uo=4,https://is1-ssl.mzstatic.com/image/thumb/Purple125/v4/31/6b/b5/316bb581-e465-0572-4c09-debfd0ba3606/AppIcon-0-1x_U007emarketing-0-7-0-85-220.png/512x512bb.jpg,6.4.1,2010-12-07,2021-10-20,0.225,2025-03-10
ios:id1496908204,AppStore,id1496908204,little-timer-hatch-countdown_appstore,Little Timer Hatch Countdown,Bitscuit Games,Education,0,4.5372,10981,0.0,0.0,Free,"A super fun and simple visual timer for kids, no commercials. 

An egg hatches when timer ends, revealing a surprising animated cute animal!

A great timer that helps with focus, transitions, time outs, getting ready, quiet time, tooth brushing, potty training, play time and taking turns.

Customizable sounds and visuals.

Super friendly for kids with ADHD, autism, and other special needs.",http://littletimer.com,https://apps.apple.com/us/app/little-timer-hatch-countdown/id1496908204?uo=4,https://is1-ssl.mzstatic.com/image/thumb/Purple116/v4/d0/e2/47/d0e24770-cb3c-543b-1f84-f5aa818f901a/AppIcon-0-0-1x_U007emarketing-0-0-0-7-0-0-P3-0-0-0-GLES2_U002c0-512MB-85-220-0-0.png/512x512bb.jpg,1.7,2020-01-29,2021-11-13,0.725,2025-03-10
ios:id1482725254,AppStore,id1482725254,open-breathwork-meditation_appstore,Open: Breathwork + Meditation,Open Inc.,Health & Fitness,0,4.89212,11077,0.0,0.0,Free,"“We believe that mindfulness is more than a form of stress relief — it can be a tool for personal growth, deeper understanding, vibrancy. More than a way to disconnect — it can be a way to feel a part of something bigger. More than simply silence — it can be immersive, beautiful, moving.”

–Raed Khawaja, Open Co-founder & CEO

Regulate your nervous system with Open. Bridge science and spirituality to cleanse your body and mind. Learn breathwork, meditation, and movement techniques designed by experts in neurobiology. Practice on the app and in-person at our flagship studio in Los Angeles. 

CLASSES

BREATHE: Since the dawn of civilization, humans have developed techniques for manipulating our breath to induce desired states of consciousness. Now peer-reviewed studies in neuroscience and psychology confirm that breathwork is a powerful toolkit for regulating your nervous system, optimizing your health and well-being, and catalyzing personal transformation. Breathwork is an umbrella term for myriad practices, both ancient and modern. While many techniques are deeply rooted in spiritual traditions like Yoga, Qi Gong, and Buddhism, contemporary applications integrate ancient wisdom with modern science.This synthesis of ancient and modern has given rise to transformational breathwork, designed to induce profound experiences of catharsis, insight, and breakthrough. Experience a mental reset with just a few minutes of conscious breathing.


MEDITATE: Train your awareness and contemplate wisdom – with techniques that span generations, cultures, and traditions – with our daily meditations and monthly programs. Learn how to enhance your focus, reduce your stress and anxiety, and regulate your emotions with simple mindfulness techniques you can incorporate into your daily life. 


MOVE: Our methodology is designed through the intelligence of fitness – blending endurance, strength, mobility, and recovery – with the wisdom of mindfulness. A ritual for resilience, strengthening the body and mind.

ANYTIME, ANYWHERE: Practice on your time with our endless library, with fresh classes added daily. From simple 5-minute breathwork techniques, to 60-minute strength and conditioning classes, build your practice to fit your schedule and meet your goals. Whether you’re starting your journey or seeking a new challenge, there are classes for every level and mood.

PROGRESS TRACKING: Create a daily habit that sticks with progress tracking, push reminders, streaks, and badges. A consistent breathwork and meditation practice has proven to reduce cortisol levels and regulate the nervous system–decreasing stress, supporting emotional well-being, and enhancing mental clarity. These techniques can also improve physical health by increasing heart rate variability, promoting cardiovascular health, and boosting immune function.

CONNECT WITH US

Questions? Email us: support@o-p-e-n.com. Follow along on Instagram: @op_e___n.

NOTES

Data: Open reads and writes data to the Apple Health App to help you track your Mindful minutes. No data is being sent outside of your device. This is optional.

Pricing info: This pricing is for our customers in the United States. Pricing in other countries may vary. Your subscription to Open will automatically renew, unless you disable auto-renew at least 24 hours before the current period ends. You can turn off auto-renew or manage your subscription from your Apple account settings. Payment will be charged to your Apple account. You can read more about our terms of service here: https://o-p-e-n.com/terms and our privacy policy here: https://o-p-e-n.com/privacy.",https://o-p-e-n.com/,https://apps.apple.com/us/app/open-breathwork-meditation/id1482725254?uo=4,https://is1-ssl.mzstatic.com/image/thumb/Purple221/v4/79/e2/d3/79e2d33a-bee9-a32e-0cbf-c5a83edb78b1/AppIcon-0-0-1x_U007epad-0-1-85-220.png/512x512bb.jpg,25.36,2021-01-29,2025-04-09,0.35,2025-03-10
cws:ngceodoilcgpmkijopinlkmohnfifjfb,ChromeWS,ngceodoilcgpmkijopinlkmohnfifjfb,focus-to-do-pomodoro-timer-to-do-list_chromews,Focus To-Do: Pomodoro Timer & To Do List,TraderThis developer has identified itself as a trader per the definition from the European Union and committed to only offer products or services that comply with EU laws.,Extension,500000,4.8,12200,0.0,0.0,Free,"Overview⏱ Pomodoro Timer ✅ Task Organizer 📊Time Tracker 📅 Schedule Planner 🔔 ReminderFocus To-Do combines Pomodoro Timer with Task Management, it is a science-based app that will motivate you to stay focused and get things done. It brings Pomodoro Technique and To Do List into one place, you can capture and organize tasks into your todo lists, start focus timer and focus on work & study, set reminders for important tasks and errands, check the time spent at work. It's the ultimate app for managing Tasks, Reminders, Lists, Calendar events, Grocery lists, checklist, helping you focus on work & study and tracking your working hours. Focus To-Do syncs between your phone and computer, so you can access your lists from anywhere. How it works: 1. Pick a task you need to accomplish. 2. Set a timer for 25 minutes, keep focused and start working. 3. When the pomodoro timer rings, take a 5 minute break. Key Features: - ⏱ Pomodoro Timer：Stay focused and get more things done. Pause and resume Pomodoro Customizable pomodoro/breaks lengths Notification before the end of a Pomodoro",,https://chromewebstore.google.com/detail/ngceodoilcgpmkijopinlkmohnfifjfb?hl=en,https://lh3.googleusercontent.com/uHXSWfR4HvMlq5Lz5Inu8ZKH8mx28m7c0JGJKysRIZZ2WGOQ9va28P9zQmYbLgf3BaAEDsTCsWJul6qppno4HnG0-A=s128-rj-sc0x00ffffff,"UpdatedMarch 6, 2024",,,1.0,2025-03-10
play:milki.focus.timer,PlayStore,milki.focus.timer,milki-pomodoro-study-timer_playstore,Milki - Pomodoro Study Timer,Christopher ODonnell,Kids,100000,4.6,13000,11.99,59.99,$11.99 - $59.99 per item,"Study timer with custom targets that will end your procrastination forever 🚀. A pomodoro timer with targets is insane for productivity. How much does it suck pulling an all nighter because you left your study to the last minute. Or the disappointment of your side project losing momentum. With Milki, you can set variable daily study targets for each activity and track against them over a defined period e.g. 2 weeks or 2 months. The Actual vs. Target (worm) chart is incredibly powerful at keeping you on track with your goals, you can visually track your performance over the period. No other study timer app does this, so I had to create one that did haha. Milki also uses the Pomodoro productivity hack of 25 minute intervals. With the combination of the Pomodoro technique & Actual vs. Target tracking, you will be shocked at the improvement for your study, work or side projects. 🎯 CUSTOM TARGETS• Set variable daily targets for each activity e.g. Study or Side Project.• Actual vs. Target chart, the ultimate way to stay on track. • See how you are tracking against your targets over the defined period.⏰ PRODUCITIVITY TIMER• Utilizes the Pomodoro Technique.• Perform focus timer intervals.• Short & long breaks between Pomodoro sessions. 🌍 LANGUAGES• 🗺️ English• 🇫🇷 French• 🇹🇷 Turkish• 🇮🇹 Italian• 🇩🇪 German• 🇧🇷 Brazilian Portuguese• 🇲🇾 Malay• 🌏 More coming soon!🍎🤖 SYNC MULTIPLE DEVICES• One account for all your devices.👩🏼‍🎓 ACTIVITIES• Create activities like Study, Work, Side Project, Life Admin or Chemistry 101.• Quickly switch between activities.• Charts and metrics for each activity. 📱CLEAN & BEAUTIFUL DESIGN• Incredible design & animations.• Miki is seriously cute.📊 CHARTS• Actual vs. Target charts, track your performance over time. • Charts for each activity, quickly switch between tasks / activities.  • Daily, weekly, monthly charts for each activity e.g. Physics 101. 🏆 STATUS LEVELS• As you do more focus sessions, you will climb the status levels and unlock more features!• Status Levels including NOOB, BRONZE, SILVER, GOLD & PLATINUM. • Gain access to exclusive features and benefits at each status level increase. • Features are currently being built for the higher levels, coming soon! 🏆 LEADERBOARD• Streak leaderboard.• Daily, weekly, monthly & lifetime leaderboards!🚀 MORE FEATURES• Milki Focus Timer is brand new in 2021, there are many many features in the pipeline which will be coming! • Email me directly if you have feature requests, at hello@milki.app💪🏻 SAY HIMy name is Chris, I developed Milki & I’m from Brisbane, Australia 🐨🌏I’m actively building features for Milki! Let me know if you have feature requests or suggestions. I will reply to your email ridiculously fast (if I am awake 🛌, Australia time zone)Email: hello@milki.app💪 MILKI PRO• Customize session time.• Customize alarm sounds.• Customize long breaks.Milki offers auto-renewing subscriptions:• $11.99 billed annually.The subscription will automatically renew unless it is canceled more than 24 hours in advance of the period. Your account will be charged the subscription price within 24 hours of the period ending. To manage your active subscriptions, go to App Store settings. You can only get the introductory price once. The price above is in USD, prices may vary between countries & with local exchange rates.To read our policies, go to:	• Terms & Conditions: https://www.milki.app/terms	• Privacy Policy: https://www.milki.app/privacy-policy",https://www.milki.app/,https://play.google.com/store/apps/details?id=milki.focus.timer&hl=en&gl=US,https://play-lh.googleusercontent.com/eVtSwB_IIvd7R3YlkO6-JR7wsHyftoRDdNSg8HKqG-fxga5FhvLE8EYfD0xD95t0GQ=w240-h480-rw,2.3.1,2021-03-16,2023-01-02,1.0,2025-03-10
play:com.engross,PlayStore,com.engross,engross-focus-timer-to-do_playstore,Engross: Focus Timer & To-Do,Engross Apps,Kids,500000,4.3,13100,0.99,5.99,$0.99 - $5.99 per item,"Whether you're working on big projects, studying for exams, or just trying to improve productivity, Engross combines the power of the Pomodoro Technique, to-do lists, day planner, and focus analytics to help you stay organized and distraction-free.🔥 Why Engross?Its timer uses a unique ‘Hit me when you are distracted’ hack that makes you more focused & engaged whether you are working or studying. To-do list has features designed keeping in mind the approaches that help in getting things done faster. Calendar is neat & simple so that you can keep your days organised effortlessly. The app is designed to help you achieve more.⏱️ Key Features:⏱ Focus Timer with Pomodoro Technique• Customize focus & break durations with ease• Use the Stopwatch when you simply want to track your time effortlessly• Attach a timer/stopwatch and start sessions right from the To-do list or Calendar• Session tagging for productivity insights✅ To-Do List• Repeat tasks with flexible repeat options like twice a week, every alternate day etc.• Track progress of your long & big tasks with a flexible progress tracker• Reminders that can notify you up to 24 hours in advance• Break the big tasks into smaller & achievable sub-tasks and achieve bigger goals effortlessly📅 Daily Planner/Calendar• Create events and plan routines• From main tasks of the day to lunch break & meditation time, get notified with reminders for everything and stay on track with your schedule• Create Recurring events for your regular routine & keep your days organised📊 Productivity Analytics• Track your focus trends & peak performance times• Session history with charts and detailed insights• Understand where your time goes• Export sessions history for personal analysis💻 Clean, Distraction-Free UI• Minimalist design focused on getting work done🚫 App Whitelist• Block the distracting apps while working and stay fully focused🎵 White Noise• Soothing sounds help to be more focused & engaged when working💼 Engross is perfect for:College Students & High SchoolersRemote Workers & FreelancersADHD & Neurodivergent UsersWriters, Designers, and CreatorsAnyone looking to work smarter, not harder🎓 For Students (High School & College)Study smarter, not harder. Engross is an ultimate study partner, combining the Pomodoro technique, task planner, and focus tracking to help you crush exams, stay ahead of assignments, and make every study session count.🎯 Key Benefits for Students:* ‘Hit me when you are distracted’ helps a lot in staying focused* Flexibility of focus timer* Plan out study blocks, breaks, and classes* With App Whitelist, stay off social media while studying* Stats Dashboard shows how long you study daily, weekly, monthly* No Ads💻 For Professionals* Pomodoro Timer: Stay productive without burning out* To-Do List + Calendar: Manage client tasks, meetings, and deadlines* Session Tags & Stats: Track work hours by client or label* Minimalist Interface🧠 For ADHD & Neurodivergent UsersEngross supports focus, structure, and routine — helping people with ADHD or executive function challenges stay organized and productive. It's simple and flexible.* Flexible Pomodoro Timer: Adjustable sessions and breaks* Simple Task List: Break big tasks into smaller, doable steps* Visual Stats: Get dopamine boosts from seeing your progress* Routine Builder: Create and stick to daily structures* Low Clutter Design: No overwhelming menus or distractionsNo pressure. Just the tools you need to build focus, one session at a time.📈 See real progress, every day.Don’t just manage your time — take charge of it. Whether you want to beat procrastination, develop discipline, or simply get more done, Engross gives you the clarity and control you need to succeed.Pomodoro™ and Pomodoro Technique® are registered trademarks of Francesco Cirillo. This app is not affiliated with Francesco Cirillo.",http://www.engrossapp.com,https://play.google.com/store/apps/details?id=com.engross&hl=en&gl=US,https://play-lh.googleusercontent.com/EMUWOrZFHL8KDLir40QpQ89SqmR3bgohqhJwf0EfYUXMQMedG3G9jIJG1kaAcYdjb0c=w240-h480-rw,11.3.0,2017-02-18,2025-04-16,1.0,2025-03-10
ios:id1644737181,AppStore,id1644737181,bepresent-screen-time-control_appstore,BePresent: Screen Time Control,Screen Detox Inc,Productivity,0,4.81181,13306,0.0,0.0,Free,"BePresent is the #1 app to control your screen time and supercharge your productivity, mental health, and quality of life. Experience life beyond the screen as you reclaim Your Time and earn rewards that improve your life with BePresent!

25 years. That’s the average time you will spend on your phone. 

With a combination of app blocking, gamification, social competition with friends, and real-life rewards, you will reclaim YEARS of your life like thousands of BePresent members already have.

We know you’ve tried to solve this problem before. But we’re not like other screen time apps.

▶ WHAT USERS ARE CELEBRATING ◀

• “I was able to go from 7+ hours per day to less than 2 hours! 10/10 would recommend” - Andrew M.

• “FINALLY an app that actually curbs my screen addiction instead of time limits that I just ignore!” - Gina V.

• “I’ve tried everything but nothing has worked. I almost gave up before I used BePresent! Thank god I tried it as I’ve reduced my screen time by over 3 hours a day!” - Jack W.

Download now to experience life to the fullest.

Instead of annoying app blockers or time limits, BePresent makes it fun and easy to stay off your phone.

▶ FEATURES ◀

[ BePresent App Blocking Sessions - Individual, Group, & BEAST MODE ]

• Dive into Present Sessions! Dedicate breaks from screens, whether it's a focused study session or a no-phone night out. Team up with friends for Group Sessions and joint tech time-outs. Share updates, cheer, and keep one another accountable—all from within the app. Need a stringent break? Enter BEAST MODE, ensuring unwavering commitment

[ Set Daily Goals and Build Your Streak ]

• Choose your digital boundaries. Maintain your streak by sticking to set screen time limits. Back your commitment with a monetary stake — overshoot, and that stake's gone. Customize reminders and design your journey to digital well-being.

[ Compete on Weekly Leaderboards and Challenge Your Friends]

• Show off your productivity prowess by competing against others on weekly leaderboards. Advance tiers so you’ll feel like a productivity superhero every day. Practicing mindful phone habits has never been so motivating and rewarding!

[ Earn Real-Life Rewards ]

• The ultimate motivation - earn points you can redeem for real-life rewards by limiting your screen time. Best of all, your rewards will also improve your life. Learn to meditate with a premium Headspace subscription. Redeem free workout classes with ClassPass. Schedule discounted therapy sessions with BetterHelp. Earn these rewards and more all by staying off your phone.

[ Never Doomscroll Again ]

• Set hourly scrolling awareness reminders so you never lose track of time doomscrolling again

[ Time Tracking & Daily Reports ]

• Measure the moments you're truly present. Access daily and weekly breakdowns, complemented by a comprehensive day-before report, amplifying your adherence to reality.

[ Improve Your Well-Being ]

• By reducing screen time, you'll improve your overall well-being and gain access to educational content that explains how reducing screen time can benefit you in multiple ways. Learn how to manage ADHD better, improve your mental health, and be more present with your loved ones, all while improving your sleep and becoming less distracted.

[ Complete Privacy and Data Security ]

• Data dignity, delivered. All of your data is private and safe with Apple’s Screen Time API. We do not have access to any specific content you access on your iPhone, and none of your personal data ever leaves your device.

▶ WE'RE HERE FOR EVERY QUERY ◀

Questions or feedback? Reach us at https://www.getpresentapp.com/ or shoot an email at contact@getpresentapp.com. Let's journey to mindful tech use together.

Note: All rewards are sponsored by BePresent and our partners. Apple does not sponsor any of the in-app rewards.
Terms of Use: https://www.apple.com/legal/internet-services/itunes/dev/stdeula/
Privacy Policy: https://www.getpresentapp.com/privacy-policy",https://getpresentapp.com,https://apps.apple.com/us/app/bepresent-screen-time-control/id1644737181?uo=4,https://is1-ssl.mzstatic.com/image/thumb/Purple221/v4/f3/59/9b/f3599b61-cb33-5b21-914d-747fb552f901/Modern_Icon-0-0-1x_U007ephone-0-1-0-sRGB-85-220.png/512x512bb.jpg,0.18.18,2022-09-29,2025-01-10,1.0,2025-03-10
ios:id667197203,AppStore,id667197203,daily-affirmations-mindful_appstore,Daily Affirmations | #Mindful,"Mind Blown Apps, LLC",Health & Fitness,0,4.79609,13418,0.0,0.0,Free,"""This app is kind of like getting a text from a good friend telling you how much they appreciate you: it takes a few seconds to read, puts a smile on your face, and reminds you what's really important in life. Simple, effective, uplifting. I love it!"" - adamattcha

""I love this app so much!!
Yes this app is very simple but wow, I think it’s actually making me happier in life? Like the reminders throughout the day are wonderful and relax me, I actually get excited for each new one lol, the pictures are great too, and I don’t know where they get each quote/saying from but they’re really awesome and perfect I think. I’m really happy and thankful an app like this exists, I love it :) -- Spanish 3 student"" 

#Mindful is a daily dose of mindfulness when you need it most.  Different messages remind you to take a pause from anxiety and stress and just be present to the beautiful experience of life.  Share meditations that resonate and it will show you more like it.

You may use this app for free, but if you wish to support our mission of delivering thousands of moments of mindfulness each day, patronage subscriptions are available.

Terms of service: http://www.mindblownapp.com/terms
Privacy policy: http://www.mindblownapp.com/privacy",https://motivation.day,https://apps.apple.com/us/app/daily-affirmations-mindful/id667197203?uo=4,https://is1-ssl.mzstatic.com/image/thumb/Purple221/v4/4b/f0/80/4bf08007-2fdd-ab25-e73e-e9b52f49cffc/AppIcon-7Second-0-0-1x_U007emarketing-0-6-0-85-220.png/512x512bb.jpg,9.4,2013-05-07,2025-07-16,0.1,2025-03-10
play:com.wverlaek.block,PlayStore,com.wverlaek.block,block-apps-sites-wellbeing_playstore,Block Apps & Sites | Wellbeing,BlockApp,Kids,1000000,4.1,13900,0.49,9.99,$0.49 - $9.99 per item,"🔒 Block apps and websites at specific times during the week.📈 View your phone usage, and take control of your time.⏳ Limit app and website usage. Set hourly or daily usage limits.📊 Get weekly usage reports. View trends in your digital wellbeing.👮‍♂️ Strict blocking: can be enabled to become even more productive.💪 Boost your productivity, stay focused, and improve your digital wellbeing!Block is an easy-to-use Android application that improves your self-control by blocking or limiting your app usage and giving you insight into how your time is spent on your phone. Whether you need to focus on your 🎓 study, don't want to get distracted at 💼 work, can't go to 🛌 sleep at night, or want to be more 👥 social, this app can help you out.🕓 BLOCK SPECIFIC APPS AT SPECIFIC TIMESSelect a group of apps and create a custom time schedule during which these apps will automatically be blocked. The schedule is fully customizable, allowing you to set different times on different days in the week, allowing you to create productive habits. An active block cannot be turned off so that it prevents you from using distracting apps.⏱️ You can temporarily activate your blocks at any time for a specific duration. Great for when you start a study session or want to go to sleep. Often combined with a Pomodoro timer for increased productivity.📊 VIEW APP USAGEYou can analyze your phone usage over different time periods, going back up to 2 years. See where your time is spent and take steps to improve your digital wellbeing.⌛ SET HOURLY/DAILY USAGE LIMITSWasting time on social media, or watching too many YouTube videos? You can configure an hourly/daily usage limit for specific apps. When you reach the time limit, the apps will be blocked for the remainder of the day. The limits are customizable per day of the week. For example, detox from Facebook and other social media apps by only allowing 30 minutes per weekday, limit Reddit to 20 minutes in the weekend, or block Whatsapp after 1 hour of messaging.📈 RECEIVE WEEKLY USAGE REPORTSAt the start of each week, you will receive an overview of your app usage of the week before. This contains a detailed breakdown of where your time was spent during the week, allowing you to easily decide which apps to restrict. You will be able to have more quality time and reduce your phone addiction, resulting in a better digital diet.🔒 STRICT APP BLOCKINGStrictness of each block can be configured, when strict mode is enabled you cannot pause or edit an active restriction, except by rebooting your phone. If that is too easy, you can even prevent a reboot from disabling active blocks in the app's settings. This app uses the Device Administrator permission. The permission can (optionally) be enabled inside the app's settings to prevent the app from being force closed or uninstalled, such that there is no way to circumvent a block. Procrastinators, this app is made for you.OTHERAdditionally, you can place widgets on your home screen that allow you to start a block in a single tap. There is Tasker support to automate the starting of a block at any time.PRIVACYThis app uses a number of special permissions, like an Accessibility service, to detect and block app and website usage. No personal information or app usage data is collected from these permissions, all data stays on your phone.SUPPORTPlease see the FAQ and troubleshooting tips in the app for any issues. The most common problems can be solved by disabling aggressive battery management settings to allow the app to run in the background.",https://block-11764.web.app,https://play.google.com/store/apps/details?id=com.wverlaek.block&hl=en&gl=US,https://play-lh.googleusercontent.com/RrH3xzURIlvg8O_OrHTO0p3NRGe2x2fyfOdV0Zirm9D3Xeh1YRSvtfZBTWMY1iMHYSs=w240-h480-rw,9.3.1,2016-01-08,2025-07-13,1.0,2025-03-10
play:seekrtech.sleep,PlayStore,seekrtech.sleep,sleeptown_playstore,SleepTown,Seekrtech,Kids,1000000,4.1,13900,1.99,1.99,$1.99 per item,"🏠💤Build regular and healthy sleep habits in the most simple and interesting way!💤🏠🎊Awarded Best Personal Growth Apps of 2019 in 15 regions (Canada, Australia, UK, Mexico, Brazil, Russia, Germany, France, Spain, Italy, Turkey, India, Thailand, Indonesia and North Africa)Developed by SeekrTech, the creator of Forest app which has more than 25 million users around the globe. Do you often stay up late scrolling on your phones? Hit the snooze button until you're late? If you have trouble putting your phone down at bedtime, or if you suffer from insomnia and want to attain a healthy, regular sleep schedule. SleepTown is your best solution.     How it works: 3 steps to a healthy sleep schedule    1) Set your own challenging bedtime and wake-up goal.    2) Open the SleepTown app before your bedtime goal and start constructing a building.    3) Wake up before your wake-up goal, shake your phone to clear your mind, and see which building you got. Every morning the building is a surprise that will motivate you to wake up!    SleepTown Can Help You:    • Beat your phone addiction and get more sleep    • Maintain regular sleep hours between 4-10 hours a day    • Construct amazing buildings by achieving your bedtime and wake-up goals    • Wake up to a reward every day - your new building!    • View your ""SleepTown"" and all your sleep statistics in the town page    • Night shift mode helps reduce blue lightConstruct Your Own Town:    • Over 70 types of unique buildings available    • Spend your earned coins to unlock new buildings    • Earn revenue after each successful construction    • Earn extra revenue from consecutive successful days     • Design your own town with land, buildings, and decorations    • Apply special themes on holidays to decorate your SleepTown    Customize Your Sleeping Schedule:    • Set up to two days off in a week: failing on your ""day-off"" won't end your streak, so relax and take a break!    • Reset bedtime & wake-up time goals anytime    • Set up a bedtime reminder and alarm clock    • Adjust the volume and sound of your alarm    • Adjust ""shake your phone"" challenge to wake you up easily in the morning    UNLOCK PRO VERSION:    • Get daily coin rewards    • Choose which building you want to construct next    • Get a reward ticket for succeeding on 7 consecutive days    • Redeem reward tickets to significantly increase your chances of getting a rare building    • Earn extra tickets from events    • Unlock achievements and earn extra rewards    • Create an account to back up your data (all your sleeping stats and lovely buildings!)New Challege:• Invites friends and family to join the circle and set the same sleep goals, develop healthy sleep habits together!• Encourage memebers in the circle to reach the goals to contribute energy to consruct your own wonders of the world.• These elaborately designed wonders will make your town spectacular!    🏘Go to sleep on time, and start building your own ""SleepTown"" tonight! 🏘    Notice:SleepTown is an app available for both Android mobile and tablet devices. The Pro version can be restored on other Android devices. To download a non-Android version of SleepTown, a separate purchase is required. However, by logging into the same registered account, the account data can be synchronized across different platforms and devices..    Like us on Facebook: https://www.facebook.com/SleepTownAppFollow us on Twitter: https://twitter.com/sleeptownappFollow us on Instagram:https://www.instagram.com/sleeptownapp/Find out more on https://sleeptown.seekrtech.com!Privacy Policy:https://sleeptown.seekrtech.com/privacy/",https://sleeptown.seekrtech.com,https://play.google.com/store/apps/details?id=seekrtech.sleep&hl=en&gl=US,https://play-lh.googleusercontent.com/Q4QKI-tnjqdukBszG4fG5DsCwFnaWM2YFA4QCbUUzkNH5sdmpnrUFYIcax2qZnYMLls=w240-h480-rw,3.4.1,2017-02-05,2023-11-29,0.15,2025-03-10
ios:id332520417,AppStore,id332520417,time-timer_appstore,Time Timer,Time Timer LLC,Education,0,4.60425,13938,0.0,0.0,Free,"Feel time move. Stay on track. Stress less.
From the makers of the original red disk timer, the Time Timer® App transforms the powerful visual tool trusted by families, teachers, therapists, and productivity pros for over 30 years into a fully customizable experience on your device.
Whether you’re helping students build focus, supporting kids through daily routines, or simply managing your own tasks without overwhelm—Time Timer makes time feel more tangible and manageable.
What Makes Time Timer Different?
Iconic Visual Timer
Watch time disappear as the disk gets smaller—a simple, intuitive way to feel time passing, not just track it.
Inclusive by Design
Trusted by people with ADHD, Autism, executive function challenges, or just a busy brain. Invented by a mom for her child, Time Timer has supported users of all abilities for decades.
Flexible for Every Routine
Use it once or build structured sequences. Create presets for daily habits. Run multiple timers at once. Make routines visual and calm transitions.
Trusted in Schools, Homes & Workplaces
From kindergarten classrooms to therapy sessions to boardrooms, Time Timer helps reduce resistance, improve focus, and make time awareness easier for everyone.

Free Features Include:
Create up to 3 timers 
Run multiple timers at once
Use the original 60-minute red disk — or choose any duration
Adjust sound, vibration, and color with limited options

Premium Features Unlock Even More:
Unlimited customization
Build routines with timer sequencing (morning checklists, therapy steps, work sprints)
Organize timers with Groups
Sync across mobile and desktop devices
Quick Set +/- buttons for fast adjustments
Customize disk size and detail level

Use Time Timer For:
Morning and bedtime routines
Homework and study blocks
Transitions between tasks
Work sprints and focus sessions
Therapy, coaching, or classroom support
Daily life skills for kids, teens, and adults

Why It Works
Time Timer® transforms time from something abstract and invisible into something your eyes can track and your brain can trust. That’s why it’s backed by research, loved by educators, and recommended by occupational therapists worldwide.

Created for real life. Trusted for decades. Download Time Timer today and feel the difference.",https://www.timetimer.com/,https://apps.apple.com/us/app/time-timer/id332520417?uo=4,https://is1-ssl.mzstatic.com/image/thumb/Purple221/v4/92/4c/83/924c839a-7efa-771e-54b8-a3264378ba0d/AppIcon-0-0-1x_U007epad-0-1-85-220.png/512x512bb.jpg,4.2.9,2009-09-29,2025-08-27,1.0,2025-03-10
ios:id1348097043,AppStore,id1348097043,t-mobile-familymode_appstore,T-Mobile FamilyMode,"T-Mobile USA, Inc.",Lifestyle,0,4.50344,14407,0.0,67.0,Free,"FamilyMode is the all-in-one family safety solution that can help you locate your family in real-time and improve online habits for your kids across devices. From pausing Internet access for dinner, to rewarding good grades with more screen time, FamilyMode helps make digital parenting easier.

We’ve added some new features:

WORRY LESS ABOUT A LOST DEVICE

Find a lost phone by ringing it

LET YOUR FAMILY KNOW YOU NEED HELP

Send out an SOS alert with the touch of a button

STAY IN TOUCH WITH YOUR FAMILY

Check-in and share your location with the touch of a button

 

While keeping the features you’ve come to rely on:

SET HEALTHY DIGITAL HABITS

Set time limits for your kids, pause Internet access, or give screen time as a reward

STAY IN THE KNOW WITH REAL-TIME LOCATION

Know where your kids are and the path that they took to get there

SET CONTENT FILTERS.

Use pre-set or custom filters to help ensure your kids only see age-appropriate content online. FamilyMode is the all-in-one family safety solution that can help you locate your family in real-time and improve online habits for your kids across devices. From pausing Internet access for dinner, to rewarding good grades with more screen time, FamilyMode helps make digital parenting easier.",https://www.t-mobile.com/offers/t-mobile-family-mode,https://apps.apple.com/us/app/t-mobile-familymode/id1348097043?uo=4,https://is1-ssl.mzstatic.com/image/thumb/Purple221/v4/e6/b6/08/e6b6087a-370d-fca9-325a-375d325f2934/AppIcon-0-1x_U007emarketing-0-7-0-0-85-220-0.png/512x512bb.jpg,3.7.2.1,2018-06-07,2024-11-13,0.475,2025-03-10
play:com.aurahealth,PlayStore,com.aurahealth,aura-meditation-sleep-cbt_playstore,"Aura: Meditation & Sleep, CBT","Aura Health - Mindfulness, Sleep, Meditations",Kids,1000000,4.6,14800,1.99,399.99,$1.99 - $399.99 per item,"Aura: Meditation & Sleep, CBT is a premier meditation and self-help app for better sleep, stress relief and self-improvement. It provides personalized guided meditations, mindfulness life coaching, CBT (Cognitive Behavioral Therapy), breathwork, soothing sleep sounds, sleep stories and much more. Aura is an all-in-one app that offers daily meditations, CBT, hypnosis on subjects like better sleep, stress, anxiety, depression, insomnia, motivation and more topics for any situation. Learn mindfulness, choose guided meditations and take breathing exercises led by top coaches. ** Featured on: The New York Times, Forbes, The Oprah Magazine, Women’s & Men’s Health, and more.** With a global community of 7 million users, a 98% user satisfaction rate, and advanced personalization, the Aura mobile app is the trusted choice for daily mental health, motivation, self-help, and self-care, all achievable in just 3 minutes a day. WHAT YOU GET WHEN YOU DOWNLOAD EXTENSIVE CONTENT LIBRARY:Access to the world's largest premium wellness library. The content is divided into categories such as meditation, sleep, anxiety, breathwork, ASMR, affirmations, happiness, and more.There is a large collection of self-care relaxing sounds: rain sounds, soothing sleep sounds, nature sounds, white noise, calming sea, and more.EXPERT GUIDANCE: Content led by top motivational, mindfulness and insomnia coaches, therapists, and storytellers from around the world. Receive effective self-help & motivational guidance from daily meditations to cognitive behavioral therapies (CBT). Enjoy live sessions or schedule your activities at your preferred time. BETTER SLEEP:Meditations for sleep, sleep sounds & stories, cognitive behavioral therapies for insomnia (CBT-I) and relaxing sounds to promote restful & better sleep. BREATHWORK:Take breathing exercises with a coach at a guided session or take one of our offline breathwork courses. PROGRAMS:Explore subjects deeply and effectively with the following pre-designed programs: - Sleep Meditation,- Calm Anxiety,- Stress Relief,- Hypnosis for Sleep,- Intro to Cognitive Behavioral Therapy (CBT).- Cognitive Behavioral Therapies for Insomnia (CBT-I), and more. GRATITUDE JOURNAL:A tool for self-help, self-reflection and gratitude, which can have a positive impact on your mental health. Manage stress, anxiety, and depression by focusing on positive aspects and self-care of your life. MOOD TRACKER:A feature to help you become more aware of your moods and emotions, allowing you to visualize your progress over time. WHY MILLIONS OF PEOPLE USE AURA?  Daily Wellness Habit: An easy-to-follow, daily self-help routine that takes just 3 minutes a day to help you relax, become more mindful and motivational, and enhance your mental health with Aura: Meditation & Sleep, CBT. Stress and Anxiety Relief: On-demand resources to reduce stress and anxiety, providing guided meditations, relaxing sounds, life coaching to find positivity and calm. Personalization:  Aura has the world's most advanced personalization engine powered by the latest research in machine learning. It offers highly personalized content and recommendations to each user's specific needs and preferences, making it a valuable and relevant resource to improve your mental health. Сonstantly Updated Content:  With a vast library of content spanning guided meditations, life coaching, CBT, and more. Supportive Community:  Join a passionate community of 7 million users worldwide who love Aura and benefit from its offerings. Download Aura: Meditation & Sleep, CBT and get access to a world of personalized mental wellness resources, including guided meditations, life coaching, and CBT.Privacy Policy: http://www.aurahealth.io/privacy-policy",http://www.aurahealth.io,https://play.google.com/store/apps/details?id=com.aurahealth&hl=en&gl=US,https://play-lh.googleusercontent.com/Dffj23mQG3I-6fHT79mrhN-q6oymwuhJJHDdn8P0JFYbcpRfqyglBaqoxmuIyWZBxw=w240-h480-rw,3.18.153,2017-03-21,2025-02-07,0.4,2025-03-10
play:com.motorola.spaces,PlayStore,com.motorola.spaces,family-space_playstore,Family Space,Motorola Mobility LLC.,Kids,100000000,3.6,15100,0.49,4.99,$0.49 - $4.99 per item,"Family Space provides peace of mind for families that need to stay connected while promoting productive, safe and healthy digital interactions with their devices. We understand the importance of creating a safe and secure digital environment for your loved ones, and every family has different technology needs, so Family Space is here to assist you with these needs.Spaces: For the youngest members of your family who are not ready for their own devices but you find opportunities to lend your device to them. Simply pass your phone to your little ones, and rest assured they only access the selection of apps that you've deemed suitable for their age. Say goodbye to accidental message replies, in-app purchases or inappropriate content – it's all about safe, educational fun!Family hub: Take the reins of your family's digital experience with parental control features. Set time limits, monitor app usage, see their location and ensure your children are engaged in content that aligns with your family values. Family Space lets you strike the perfect balance between screen time and quality family moments.Customizable Experience: Every family is unique, and so are their needs. Tailor Family Space to suit your family dynamics. It's your family's digital world – make it work for you!Family Space uses Accessibility services.Screen time management feature requires accessibility permissions to monitor and limit daily screen time usage. Specifically, Accessibility services are required for App blocking both on-demand and schedule based blocking on kid’s devices.",http://www.motorola.com,https://play.google.com/store/apps/details?id=com.motorola.spaces&hl=en&gl=US,https://play-lh.googleusercontent.com/YeqkPGR3S6iPg_4MH5eSn7KWgiZFIsv24uhMgt2l6nPeNv5ga0HAP-gygT4VNKH6w0o=w240-h480-rw,3.1.18.6,2023-11-01,2025-02-25,0.575,2025-03-10
ios:id1474170096,AppStore,id1474170096,fitmind-mental-fitness_appstore,FitMind: Mental Fitness,FitMind LLC,Health & Fitness,0,4.84115,15568,0.0,0.0,Free,"Maximize your focus, vitality, and joy. FitMind is a meditation program backed by neuroscientists and practiced by monks. In a world of chaos, join the mental fitness revolution.

You'll learn to master meditation in 30 days by progressing through a series of guided trainings. The FitMind app will also explain the science and psychology behind the practice and provide daily challenges for integrating it into your everyday life. This is not ""McMindfulness,"" nor is it just another app to clutter your phone. Here's a deep mental training program that can impact the way you perceive the world.

ABOUT FITMIND
FitMind is a professional mental fitness company teaching at Fortune 500 companies, addiction centers, schools, government offices, and other organizations. 

We believe that mental fitness is the next health revolution and are passionate about bringing mind training to a wider audience with a secular and scientific method.

UNIQUE FEATURES:
• 30-day advanced meditation training program that systematically trains your mind
• Mental Fitness scoring and charts so you can track your progress as your mind becomes increasingly fit
• Ability to ask questions about your practice in the app
• Scientific explanations of the techniques and how to apply them throughout the day
• ""Daily Challenges"" that make meditation a lifestyle, rather than just a habit
• New guided trainings and lessons added regularly
• Access to a meditation community, science research, recommended books, retreats, and more

SUBSCRIPTIONS AND TERMS:
FitMind is a free mental training program. However, our services do cost money and we invite our community to help pay for the cost of running the training program. We offer two auto-renewing subscriptions at $19.99 per month and $9.99 per month. These are optional, and we appreciate your support and commitment to the FitMind community. 

Note - These prices are for United States customers and pricing in other countries may vary.

Your subscription to FitMind will automatically renew unless you disable auto-renew at least 24 hours before the current period ends. You can turn off auto-renew or manage your subscription from your iTunes Store account settings. Payment will be charged to your iTunes account.

This app integrates with the Apple Health app, adding ""mindful minutes"" in the Mindfulness section. 

You can read about our terms and privacy policy here -   https://www.fitmind.org/fitmind-privacy-terms.

Website: www.fitmind.org
Social: @fitmind on Instagram",http://fitmind.org/app,https://apps.apple.com/us/app/fitmind-mental-fitness/id1474170096?uo=4,https://is1-ssl.mzstatic.com/image/thumb/Purple221/v4/13/ce/a6/13cea6ed-861c-4fff-c756-f5af4a6d2b26/AppIcon-0-0-1x_U007emarketing-0-8-0-85-220.jpeg/512x512bb.jpg,5.2.1,2019-07-10,2025-01-29,0.35,2025-03-10
play:com.app.floatingapptimer.com,PlayStore,com.app.floatingapptimer.com,screen-time-app-blocking_playstore,Screen time: App blocking,Mind & Body Apps,Kids,1000000,4.1,15800,1.49,32.99,$1.49 - $32.99 per item,"StayOff - Your Screen Time, Phone Usage TrackerYour Time is in Your hands!Save hours every day! App blocker. Get better sleep! Limit your screen time👨‍🎓 How much screen time my apps use?👨‍🎨 I have troubles sleeping!🙍 I am unhappy.👩‍🔬 I want to limit phone use so I can do my hobbies!👨‍🎨 I want to stop phone addiction! 👨‍🔧 Do I watch too much YouTube?👩‍🚀 I want to play less games!☝️ Is that you? Try ""StayOff"" now and get some space of your screen!*** ⏱️StayOff⏱️® ***The best screen time tracker and app blocker in one app!👌 Free Detailed screen time of your phone time, every day, every week👌 Free Apps Tracking how many times you open apps👌 Free Weekly and monthly summary👌 Free Interesting app usage statistics👌 Long term average improvement of your digital wellbeingHour after hour, you spend more time on your phone. It is so easy to slip into phone addictionWe want to prevent thisThere are so many interesting things that can be done instead.Phone use harms you in two ways1. Using phone before bed makes your sleep much worse. Sleep is extremely important!2. Using phone first thing after waking up can cause you to be less happy for the rest of the day!Your digital wellbeing during the day is important, but good sleep is essential for the longevity and health.🏅Pro membership 🏅You get access to the pro features that will allow you to take a full control over your phone usage.📵Always see your app time on the screen (Really effective!)📵App blocker, any app, any time of the day📵Screen time notifications.People on average spend 4 hours a day on the phone. That's a lot!From the time you wake up, until you go to sleep there are on average 12 hours. That's 33% of your day!Track apps all day and then read interesting stats about your phone usage. 📊 Your average day📊 Your worst day📊 Your most used apps📊 What percentage of your day was your screen time📊 Which days did you use the tracking and which days were you slacking📊 Total week times📊 Total month timesAccessibilityService DisclosureStayOff uses the AccessibilityService API to detect when specific distracting app screens (such as YouTube Shorts) are open, so it can block them and help you stay focused.This permission is only used locally on your device and is never used to collect, share, or store your personal or sensitive information.Get the ""StayOff"" and save time! Sleep well!",https://bubbleapps.co.uk,https://play.google.com/store/apps/details?id=com.app.floatingapptimer.com&hl=en&gl=US,https://play-lh.googleusercontent.com/uivqehWmBaNV3SFxrh2gIhrJNMGwc3Hx5zI6Ng_kJIqmEqzeyJly3KJ-RItvpgRA7WM=w240-h480-rw,5.7.2,2019-01-20,2025-01-10,0.9,2025-03-10
play:com.alt.goodmorning,PlayStore,com.alt.goodmorning,routine-planner-habit-tracker_playstore,"Routine Planner, Habit Tracker",Routinery,Kids,1000000,4.4,16100,0.99,41.99,$0.99 - $41.99 per item,"😓 Struggling to follow through?Routinery helps you turn intentions into actions.This habit tracker and routine planner give you structure so starting feels easy and continuing feels natural.💡 Why people trust Routinery• 🏆 Featured by Choosing Therapy as best for building habits and routines (2025)• 📱 App of the Day on App Store (2025)• 🌍 Google Play recommended in 95 countries• 🤝 Trusted by over 5 million people across 200+ countriesStruggling with routines is more common than you think. This habit tracker helps you start small and stay on track—without the overwhelm.⚙️ What’s getting in your way?This routine planner tackles it head-on.1️⃣“I plan a lot. But I don’t follow through.”Decision fatigue is real. When your brain is overwhelmed with options, it’s hard to begin.✔︎Our habit tracker removes the friction→ Set up your day in steps→ The timer guides you forward→ You follow the next task without overthinkingStart small. You don’t need more motivation. You need fewer decisions.Let the habit tracker lower the pressure and raise your success.2️⃣ “I’m always busy, but nothing feels done.”Multitasking creates stress, not progress.When your attention is split, your energy fades fast.✔︎This routine planner helps you focus on one task at a time→ Every task has its own timer→ You stay present, not scattered→ Your day flows in a clear, calm sequenceTimeboxing is proven to improve focus, especially for people with ADHD.3️⃣“I gave up. Again.”Most routines break because life gets in the way.One bad morning doesn’t mean you’ve failed.✔︎This habit tracker lets you bounce back→ Pause, skip, or reorder tasks anytime→ Add time or edit without stress→ You stay flexible and consistentResilience builds real habits, and the routine planner keeps you going.4️⃣“I know I should start. But I don’t feel like it.”Motivation doesn't lead to action. It follows it.Behavioral science shows that small actions trigger internal drive.✔︎This routine planner builds momentum through action→ Start the timer→ Press complete for tiny dopamine rewards→ Watch your progress and keep goingThat small click of “done” rewires your brain. It’s how habits grow.A habit tracker like this makes change feel rewarding.🌟 Why Routinery stands outOther apps help you make plans. This habit tracker helps you build habits.This routine planner is designed to support ADHD and anyone building routines with structure.• Step-by-step timer flow to beat procrastination• Auto-next guidance with notifications, vibration, or voice• Edit anytime without losing your flow• Start routines instantly with widgets or Wear OS• 800+ icons for easy, visual routine planner setup• Templates for ADHD, Pomodoro, hydration, bedtime, and more• Auto-logging with stats and reflection featuresPlanning is easy. Repeating is where the real change happens.That’s why a habit tracker and routine planner that work together make all the difference.📬 Have questions?• Reach out to hello@routinery.app — our team answers every message• Or browse the in-app FAQ for instant help✨ Try it today✔︎Popular routines:• Morning focus: Wake up → Drink water → Stretch• Night wind-down: Digital detox → Journaling → Bedtime• Pomodoro: 25-min deep work → 5-min break• ADHD prep: Airplane mode → Open laptop → Sort tasksBuild real habits.One small action at a time — with this habit tracker and routine planner.",https://routinery.app,https://play.google.com/store/apps/details?id=com.alt.goodmorning&hl=en&gl=US,https://play-lh.googleusercontent.com/RLed3Lx8K2VPi1hAOytAtIbLLrLEN-FpJ8pkG9rLX-gtANqPlEuv68wGM2YwLgOM0oo=w240-h480-rw,Varies with device,2019-01-31,2025-01-10,1.0,2025-03-10
play:journaling.app,PlayStore,journaling.app,honestly-wellbeing-coaching_playstore,Honestly: Wellbeing Coaching,RefaceLithuania,Kids,100000,4.6,16100,0.99,64.99,$0.99 - $64.99 per item,"Honestly is everything your mind needs. Honestly helps you release stress, clear your head, and understand what really affects your mood. Spend a few minutes each day writing or speaking, and Honestly will guide you with gentle prompts and turn your reflections into helpful insights.It’s like having a caring coach in your pocket, helping you make sense of how you feel and building habits that support your mental health.Feel more in controlTake a few mindful minutes each day to pause and check in with yourself. Honestly helps you release stress and build inner calm—one small step at a time.Understand what’s really going on insideGo through a wellbeing plan with personalised insights about you. Just 5 minutes a day for a lasting change. Honestly’s carefully crafted bite-sized lessons and guided prompts help you slow down, notice your emotions, and build deep self-awareness one step at a time.Unlock personal growth through reflectionBased on what you share, Honestly reveals helpful patterns in your mood and behavior—so you can better understand what helps or harms your wellbeing.Talk it out. We’ll do the rest.Honestly listens, summarizes, and organizes your voice reflections so you can focus on how you feel, not what to write.See how far you’ve comeYour weekly reflections show emotional trends and recurring themes, helping you spot growth, triggers, and what truly matters to you.Respect PrivacyYour reflections are private. Your journal entries, voice recordings, and images are stored securely in private cloud storage. We use industry-standard encryption to protect your data both during transfer and in storage. You can delete your data anytime.Your emotional wellbeing starts with one small reflection.--Terms and Conditions: https://reface.ai/honestly/termsPrivacy Policy: https://reface.ai/honestly/privacy",https://reface.ai/,https://play.google.com/store/apps/details?id=journaling.app&hl=en&gl=US,https://play-lh.googleusercontent.com/bvr1JKJ3kGS8xdYRy7r8eHd7_AVXUiMVNTRUHHQekzqmadhQppSwftwxWZgVVrVTuqvf=w240-h480-rw,2.6.2,2024-08-30,2025-03-09,0.1,2025-03-10
play:com.screenzen,PlayStore,com.screenzen,screenzen-screen-time-control_playstore,ScreenZen・Screen Time Control,screenzen,Kids,500000,4.8,17400,4.99,19.99,$4.99 - $19.99 per item,"Multiple strategies to control your screen time, block apps and websites, and stay focused. Regain your freedom.Pause before opening apps or websites: Take a moment before launching a distracting app. The wait time can increase with each use, helping you build intention — a technique also seen in apps like Opal.Interrupt your scrolling: Limit your time on distracting apps to short bursts so you don’t get pulled in. If you’ve tried tools like Opal, this approach will feel familiar.Set usage goals: Define daily limits per app — and optionally block access when you hit your target.Customize by day and time: Flexible settings for different days of the week and hours of the day, tailored per app.Mindful prompts before opening apps: Messages like “Is this important?” encourage reflection — a small but powerful habit, also appreciated by users of focus-first apps like Opal.See only the screen time that matters: Track your time on distracting apps only. Productive tools like Google Maps won’t distort your stats.ScreenZen uses Accessibility permissions to block websites.",https://screenzen.co,https://play.google.com/store/apps/details?id=com.screenzen&hl=en&gl=US,https://play-lh.googleusercontent.com/vojRokYSHkjs7QdATihGzPoQYRSnpZ0vxJ2mqjY1UqpBsD9k0atYzW7LFZwAzLIkcyCV=w240-h480-rw,2.1.7,2023-07-04,2025-06-28,0.85,2025-03-10
ios:id672401817,AppStore,id672401817,strides-habit-tracker-goals_appstore,Strides: Habit Tracker + Goals,Goals LLC,Productivity,0,4.78895,18223,0.0,0.0,Free,"Imagine having all of your most important habits, routines and goals together in one simple to do list. Now you can! With Strides, you can track good or bad habits, SMART goals, and more. Keep up with reminders to hold you accountable and charts to keep you motivated. Explore new ways to manage your life with over 150 templates and the ability to create your own trackers.

Get organized with a daily checklist to help create your perfect routine. Keep up with what you’ve accomplished with progress reports that compile your goals, projects and progress all in one place. Set up reminders and add notes to ensure you’re on track and on task. 

Track anything you want with four types of trackers. Streak calendars let you keep up with your success rate, and milestone calendars help you to keep up with project timelines. Want to keep track of a repeating number? Check out the Average tracker. Looking to hit a goal by a specific date? Give the Target tracker a try.

Start keeping track of your habits and goals anywhere you go. Download today to get organized and create the perfect routine with Strides.

TRACKERS:
- 150+ templates to choose from, or create your own customized tracker
- Progress Reports with everything in one place
- View charts with history, streak, success rate and more
- Unlimited reminders to set yourself up for success

ADDITIONAL FEATURES:
- Integration with Apple Health
- Sync between iPhone, iPad & Mac
- Add notes to logs and trackers
- Reminders to keep you on track

SEE WHAT OTHERS ARE SAYING:
""I just wanted to say a big THANK YOU! Strides is one of the most useful apps out there. Nowadays, I can't even imagine myself without it :)” ~Leyla

""Amazing app. The sheer amount of flexibility with what you can track with Strides is amazing."" ~Carlo

""My life has become so much more organized and fulfilled since I started using your app. I really appreciate it!” ~Micah

""Best tracking app. I love, love, love this app! This is exactly what I've been looking for for two or three years. I can track multiple goals and see them all on one screen. Perfect!"" ~Kate

–

Strides is free forever to track what's most important to you. If you want to get even more out of it and support development, you can upgrade to Strides Plus with a monthly or annual subscription - or with a one-time purchase of the lifetime plan - to unlock all premium features, including Unlimited Trackers, sync between iPhone, iPad & Mac, Tags & Filters, Today List, Export Data, Goal Notes and more.

Payment will be charged to the credit card connected to your iTunes Account when you confirm the initial subscription purchase. Subscriptions automatically renew unless auto-renew is turned off at least 24-hours before the end of the current subscription period. Your account will be charged for renewal within 24-hours prior to the end of the current period, and the cost of the renewal will be identified. You may manage your subscription and auto-renewal may be turned off by going to your Account Settings after the purchase. Any unused portion of a free trial period, if offered, will be forfeited when you purchase a subscription, where applicable.

–

Read our full Privacy Policy / Terms of Use:
https://www.stridesapp.com/privacy.html
https://www.apple.com/legal/internet-services/itunes/dev/stdeula/

Keep making strides!",https://www.stridesapp.com,https://apps.apple.com/us/app/strides-habit-tracker-goals/id672401817?uo=4,https://is1-ssl.mzstatic.com/image/thumb/Purple221/v4/7e/04/23/7e04239e-1a82-ba4e-53e7-1b8a6020b200/AppIcon-0-0-1x_U007epad-0-1-0-P3-85-220.png/512x512bb.jpg,18.6,2013-07-22,2025-09-22,0.725,2025-03-10
play:com.changecollective.tenpercenthappier,PlayStore,com.changecollective.tenpercenthappier,happier-meditation_playstore,Happier Meditation,"Happier Meditation, Inc.",Kids,500000,4.8,18500,4.99,99.99,$4.99 - $99.99 per item,"Experience a whole new way to meditate with Happier Meditation. Whether you're new to mindfulness or a seasoned meditator, Happier Meditation offers a personalized and flexible approach to help you integrate real mindfulness into your real life. Embrace imperfection, reduce the pressure to be perfect, and discover new ways to find calm and clarity in every moment.Why Choose Happier Meditation?- Personalized Meditation Experience: Happier Meditation tailors your meditation journey with customized plans that evolve with you. Set practice goals, track your progress, and experience meditation that grows as you do.- Flexible Meditation Options: Life is busy, and meditation should fit into it seamlessly. Choose from mindful activities that suit your schedule and mood, whether you have 5 minutes or 50.- Embrace Imperfection: Meditation isn’t about being perfect. Happier Meditation encourages you to embrace the journey with all its ups and downs, helping you to stay committed and compassionate with yourself.- Familiar Faces, New Content: Learn from the best. Our world-renowned teachers bring fresh content regularly, keeping your practice engaging and relevant.- Monthly Meditation Evolution: Your needs change, and so should your meditation. Happier Meditation offers monthly check-ins to adjust and personalize your practice, ensuring it remains effective and enjoyable.Key Features:- Introductory Course: Start your journey with our beginner-friendly course that makes meditation accessible and enjoyable.- 500+ Guided Meditations: Access an extensive library covering topics like anxiety, focus, sleep, and more.- Sleep Meditations: Drift off with ease using our sleep-focused sessions designed to help you fall asleep and stay asleep.- Mindful Moments: Short, on-the-go meditations and wisdom to integrate mindfulness into your daily routine.- Weekly Content Updates: Keep your practice fresh with new guided meditations and content every week.Awards & Recognition#1 App in New York Times ‘How to Meditate’ GuideFeatured in The Washington Post for ‘Emergency Election Stress’ MeditationsLaunched on ABC’s Good Morning AmericaJoin Happier Meditation TodayStart your journey towards a calmer, happier life with personalized meditation plans, flexible options, and a supportive community. Whether you're looking to sleep better, manage stress, or just find a moment of peace, Happier Meditation is here to help. Download now and discover how meditation can transform your life.Enjoying Happier Meditation? Please leave a review—it really helps!Questions or need support? Contact us at support@meditatehappier.com.",https://www.tenpercent.com/,https://play.google.com/store/apps/details?id=com.changecollective.tenpercenthappier&hl=en&gl=US,https://play-lh.googleusercontent.com/jbUYIUW9TdEYWcv79Eerxa55uJvUkI0htJ8nV-nBpIYsK_mKjWTAus8d6dTeJwYs3bk=w240-h480-rw,2025.8.1,2017-11-13,2025-05-09,0.35,2025-03-10
play:com.boostedproductivity.app,PlayStore,com.boostedproductivity.app,boosted-time-tracker_playstore,Boosted Time Tracker,Boosted Productivity,Kids,1000000,4.5,19600,1.99,9.99,$1.99 - $9.99 per item,"Achieve more by improving your productivity with the Boosted - Productivity & Time Tracker app.  Understand your habits with insightful reports and improve your productivity and time management with various productivity tools like the Pomodoro timer and simple time tracking.Understanding is the first step to progressImproving your habits is the shortest path to self-improvement. The most effective way to do this is to understand them first. By tracking your time, you'll be able to understand your current habits and you'll be able to use this knowledge to build better ones.Time tracking should be as effortless as possibleTo spend the day effectively, you need to invest your time wisely. By using the productivity and time management tools in Boosted, you can make better use of your time.We are constantly striving to make Boosted as simple as possible so that it works for you and not the other way around. Effortless time tracking - that's our goal.Let's start the changeWe want to help you reach your goals and we believe Boosted is a great tool for that. That's why we are constantly improving the app so you can have an awesome experience on your journey of self-improvement.Here are some of the key features that Boosted gives you:★ Single click time tracking for all of your activities★ Stay organized by splitting your projects into smaller tasks★ Pomodoro timer, countdown timer, and many other productivity tools★ Export your data to CSV★ Control your time tracking quickly from the notification bar★ Keep your data safe with Google Drive backups★ View detailed reports and statistics of all your tracked time★ View all of your tracked activities in a calendar★ Stay productive even at night with the Dark mode★ No ads - stay focused without unnecessary distractionsWe value your privacy.Boosted doesn't store any of your personal data on our servers. All the time tracking data is stored on your phone.You can optionally backup your data to a private folder in your Google Drive. These backups will only be accessible by the Boosted app.You can also export your data to a CSV file and you will have full control over where that will be stored.We love feedback!You can always contact us at app.boosted@gmail.com if you have any questions or if you want something new in the app. We listen to all the feedback we get from you because we want to create an app that fits your needs!Take control of your time by installing Boosted for FREE!",https://www.boostedproductivity.com,https://play.google.com/store/apps/details?id=com.boostedproductivity.app&hl=en&gl=US,https://play-lh.googleusercontent.com/elkZympwd6mKhh8z3H3BwPrG0i1KNY8-8EitROqeogXWVzCU7S7gk6J-43b3hTxgWbw=w240-h480-rw,1.6.8,2018-10-12,2023-09-10,1.0,2025-03-10
ios:id353334746,AppStore,id353334746,at-t-secure-family-parent-app_appstore,AT&T Secure Family® parent app,"AT&T Services, Inc.",Lifestyle,0,4.58343,19603,0.0,0.0,Free,"AT&T Secure Family ® is a device locator & parental control app to help parents or guardians protect their family members by offering real-time device location tracking with safety alerts, screen time control, content blocker, website & app usage tracker, and ability to find a lost phone. Secure Family is available for all families, no matter which mobile provider you use. Take your family’s safety to the next level.

KEEP TRACK OF YOUR FAMILY’S DEVICES
* Locate devices in real-time on the family map and view location history
* Get location alerts when your family member’s device enters or leaves a saved safety area, such as school or home
* Set scheduled alerts on your family member’s device location. Are they home from school at 3PM?
* Use breadcrumb map as a location tracker to know where your family member’s device was during the day
* Get notified when a family member’s device has arrived at a destination with check in notifications

CONTROL YOUR CHILD’S SCREEN TIME & BLOCK CONTENT
* Parental controls to block apps and website content with age range filters
* Block internet access instantly
* Set time limits for access to your child’s favorite apps to control screen time
* Track web and app usage on child devices

FAMILY SAFETY AND REWARDS
* Help children develop good digital habits by encouraging them to track their app usage
* Parents, give your child extra screen time as a reward for good behavior
* Family Members can send an emergency alert to everyone with the press of a button
* Find a lost phone with a ring that enables a sound to play for two minutes to help locate the device
* Support your child’s digital journey with expert-created content designed to promote safe online habits
* Dual parent or guardian admin feature supports co-parenting needs

Legal Disclaimers
The AT&T Secure Family service is free for the first 30 days. After the first 30 days, you will be automatically billed $7.99 each month (includes support for up to 10 family members and up to 30 devices in total). Service auto renews every 30 days unless cancelled. To use the AT&T Secure Family service, you must download two Apps: the AT&T Secure Family App (adults, parents or guardians) and the AT&T Secure Family Companion App (family member). Visit att.com/securefamily for details.

Install the Companion App on your child’s device and pair it with the Parent App on your device. Pairing is required to access all features. Only authorized app users have permission to use the App to locate a family member’s device. Requires iOS v.16 or higher.

Note: Continued use of GPS running in the background can reduce battery life. Availability, timeliness, or accuracy of location is not guaranteed. Coverage not available in all areas.

There is a compatibility conflict that can prevent the addition of AT&T Secure Family Companion App to your child’s companion device if you have AT&T ActiveArmor Advanced Mobile Security running on the same companion device.  If you wish to continue with the purchase, you must downgrade to the FREE version of AT&T ActiveArmor Mobile Security on the companion device before adding AT&T Secure Family Companion App.

AT&T Secure Family FAQs: https://att.com/securefamilyguides

The collection, use, and disclosure of any personal information through this application is governed by AT&T's Privacy Policy found at: att.com/privacypolicy and the App’s End User License Agreement found at att.com/legal/terms.secureFamilyEULA.html.

* AT&T Postpaid Wireless customers:
View, modify or cancel service anytime within the Secure Family app.
AT&T does not provide credits or refunds for partial months.

* AT&T PREPAID wireless customers and all other mobile networks billed by the App Store:
See Apple’s polices regarding cancellation in the App Store at https://support.apple.com/en-us/HT202039",https://att.com/securefamily,https://apps.apple.com/us/app/at-t-secure-family-parent-app/id353334746?uo=4,https://is1-ssl.mzstatic.com/image/thumb/Purple211/v4/c8/29/93/c829931a-c673-90b7-55d5-4ff33ddeec5d/AppIcon-0-0-1x_U007emarketing-0-8-0-0-85-220.png/512x512bb.jpg,11.5.3,2010-05-02,2025-04-09,1.0,2025-03-10
play:com.qustodio.family.parental.control.app.screentime,PlayStore,com.qustodio.family.parental.control.app.screentime,qustodio-parental-control-app_playstore,Qustodio Parental Control App,Qustodio LLC,Kids,5000000,3.6,19900,34.99,137.95,$34.99 - $137.95 per item,"Awarded PC Mag’s Editors’ Choice, Qustodio Parental Control App makes parenting easier with daily screen time limits, app blocking, kid tracking, AI powered search and message alerts, social media monitoring, porn blocking and more.- Screen time limits: Automatically blocks the device after the set time has passed. - Family locator & GPS family tracker: Tracks your kid's phone and sends you the GPS location - AI-powered message and search alerts: Monitors and alerts for any suspicious browsing activity, or harmful SMS and social messages.Start by downloading this Qustodio Parental Control App onto your device. Then download the Kids App Qustodio companion app onto your child’s devices. Together, the apps allow you to seamlessly manage your child’s daily screen time allowance on linked mobile, tablet or desktop devices across platforms including Android, iOS and other major operating systems.Protect your child’s online safety✓ Filter content (block games, websites, porn, gambling)✓ Receive alerts about web activity and blocked websites✓ Block games & apps ✓ Enforce safe searchNurture healthy habits✓ Set daily screen time limits on all content✓ Pause the internet at the touch of a button✓ Set limits on games & apps ✓ Custom routines for apps and websitesHave full visibility✓ Receive search alerts✓ Receive SMS message alerts.✓ Receive social monitoring alerts. (available WhatsApp, Instagram, and Line)✓ 30-day online activity reports, as well as daily and weekly reports straight to your inbox✓Receive app download alerts✓ Monitor their Youtube activity✓ Track and block unwanted calls and SMS messaging ✓ Supervise together: Invite another parent/guardian to monitor and set rules for your child (co-parent)✓ Monitor on any iOS, Windows, Mac, Android or Kindle device✓ Get up-to-date app insightsLocate your family✓ GPS location monitoring (geolocation kid tracker)✓ Find your child’s phone✓ Locate kids on the move✓ Share your location✓ Save your favourite places✓ Panic button for your child that can be installed on your child's deviceChoose Qustodio’s basic parental control plan to access some of these features, or upgrade to the premium plan for full access to all featuresHow to protect, block, & monitor screen time with Qustodio Parental Control Apps:1 – First download Qustodio Parental Control App onto your device (usually your mobile phone or laptop), create an account or log in2 – Then install Kids App Qustodio on the device you want to supervise3 – Log in and follow the quick setup instructions4 – Once done, inappropriate websites will be blocked automatically5 – To monitor activity and screen time use this Qustodio Parental Control App on a Parent’s device or log in to your online Qustodio Family Screen Time dashboard (https://family.qustodio.com) Our FAQ:• Does Qustodio Parental Control family screen time blocker app support Android 8 (Oreo): Yes.• Does Qustodio family screen time blocker app work on other platforms besides Android?  Qustodio can protect Windows, Mac, iOS, Kindle and Android.• What languages do you support? Qustodio is available in English, Spanish, French, Italian, Portuguese, Dutch, German, Japanese and Chinese.For support. Contact us here: https://www.qustodio.com/help and support@qustodio.comNotes:This app uses the Device Administrator permission. This will prevent a user from uninstalling Qustodio Family Screen Time App without your knowledge.This app uses Accessibility services to build an excellent device experience that helps users with behavioral disabilities set appropriate levels of access and monitoring of screen time, web content and apps, in order to limit their risks and enjoy life normally.Troubleshooting notes:Huawei devices owners: Battery-saving mode needs to be disabled for Qustodio.",http://www.qustodio.com,https://play.google.com/store/apps/details?id=com.qustodio.family.parental.control.app.screentime&hl=en&gl=US,https://play-lh.googleusercontent.com/nxpmx1-g7mLx5e7cfMv5qS5qiNqXiG0bF9omTSf_Q9Ay5ONFtVNHfknnY12AiHx90Fg=w240-h480-rw,182.31.1,2020-09-30,2025-03-09,1.0,2025-03-10
play:se.lichtenstein.mind.en,PlayStore,se.lichtenstein.mind.en,the-mindfulness-app_playstore,The Mindfulness App,Reflective Technologies,Kids,1000000,4.3,20400,4.99,299.99,$4.99 - $299.99 per item,"Feeling overwhelmed or stressed in your everyday life? Want to feel more balanced and more joyful?Enjoy a more restful sleep, stress less, and reduce your anxiety together with The Mindfulness App. With over 350 guided meditations and courses from experts around the world, we have options for every mood, time of the day, and for everyone from beginners to experienced.• Guided meditations and courses in over 10 different languages.• Sleep Stories for a gentle closing of the day.• Personalised users statistics. • Personalised reminders to help you remember to meditate.• Reminders based on time and location.If you find that you enjoy a silent meditation, or simply want to include a personalized meditation into your practice, you can pick and choose between:• 3-99 minute meditations. • Option of silent or guided.• Inclusion of bells and a guided introduction. • Different background sounds such as forest, rain, waves and more.• Possibility to save your favorites for quick access. As a new user, you have the option to take advantage of our Free Trial that allows you to test the app and access all premium content for a full seven days. Included in our Premium Subscription:• Unlimited access to all meditations and courses in over 20 different topics. • Make meditations and course sessions available offline.• Regularly updated content allows you to discover new favorite meditations and teachers.You have the option to try all of the Premium content now with a one-week free trial.We’re here to help you find what meets your needs and make meditation work for your daily life to improve your inner wellbeing. It doesn’t matter where you are on your journey, we’re here for you every step of the way!",https://themindfulnessapp.com,https://play.google.com/store/apps/details?id=se.lichtenstein.mind.en&hl=en&gl=US,https://play-lh.googleusercontent.com/T8VpmRoEZggWddkKJ5CClQBhn2NnnIYmz-vjis8_n1t2n5fQ5lXQej1Jj0N3ZnxtsOw=w240-h480-rw,6.9.2,2012-08-10,2025-09-29,0.15,2025-03-10
play:focustree.app,PlayStore,focustree.app,focus-tree-focus-timer_playstore,Focus Tree - Focus Timer,Focus Tree,Kids,500000,4.4,20800,0.99,99.99,$0.99 - $99.99 per item,"Can't stop scrolling? You spend too much time on your phone? Focus Tree is a new-kind of productivity app levereging the power of communities and web3 to protect your most precious asset: timeWe help people build a healthy relationship with technology and screens so they can reach their full potential.START FOCUSING ANYWHERE, AT ANYTIMEDuring your focus session, ALL distractions are blocked automatically so you stay focused on what's in front of you.FOCUS & GROW GARDENS WITH FRIENDSJoin shared gardens of people with similar goals and interestsGrow your garden with your community by focusing everydayCompete with others communities to win prizesTRADE YOUR ITEMSCollect new items for your gardens by focusingBuy & sell new items on marketplacesBuilt on Starknet with love!Privacy Policy: https://focustree.notion.site/Privacy-Policy-5019aee0f2594a23baea87e59fafa5cbTerms of Service: https://focustree.notion.site/Terms-of-Service-72262ac543e9415a97c0556daad51fb0",https://www.focustree.app/,https://play.google.com/store/apps/details?id=focustree.app&hl=en&gl=US,https://play-lh.googleusercontent.com/w3oBZpqIn4RuAIoLJFyNeLXWpfbUtXwQ5lZDvIuOMIZLBr0OJyT87R6b5mu0I2rOni-9=w240-h480-rw,0.3.118,2022-10-20,2025-01-10,1.0,2025-03-10
play:com.yygg.note.app,PlayStore,com.yygg.note.app,notewise-ai-notes-pdf-docs_playstore,"Notewise - AI Notes, PDF, Docs",Notewise,Kids,1000000,4.4,20900,0.99,89.99,$0.99 - $89.99 per item,"🏆 Google Play’s Best of 2024 WinnerNotewise is the future of note-taking on Android. Whether you’re sketching diagrams, annotating PDFs, journaling ideas, or building a second brain—Notewise gives you a freeform canvas that feels like pen and paper—supercharged by AI.With Notewise, you don’t just take notes. You create good notes —searchable, flexible, and future-proof.✨ AI Superpowers for Your NotesNotewise AI makes your notes smarter—without compromising your privacy.• Chat with your notes: ask questions, summarize content, or review key ideas.• Auto-generate guided podcasts from your writing.• Highlight anywhere—typed or handwritten—and ask context-aware questions.• OCR handwriting, scanned documents, and images in 20+ languages.• Make messy scribbles searchable—instantly.🚫 No data selling. 🚫 No creepy analytics.🖊️ Handwriting That Feels Like MagicDesigned for stylus-first note-takers, Notewise offers:• Ultra-low-latency writing• Reliable palm rejection• Pressure-sensitive pens and smooth highlighters• Realistic stroke stabilization and smart shape assistWhether you're taking class notes or sketching wireframes, it just works.🛠️ Tools Built for Power UsersUse the full toolbox to create your own system of thinking and learning:Pen, Highlighter, Eraser, Lasso, Tape, Shape, Textbox, Image, Audio Recorder, Table, Zoombox, Ruler, Laser Pointer.Create freely. Every tool is fast, fluid, and purpose-built.🔍 AI OCR: Your Handwriting, Now Searchable• Extract text from handwritten notes, scans, or imported PDFs• Find formulas, quotes, or action items in seconds• Multilingual support for global users• Works across class notes, whiteboards, worksheets, and more📂 Organize with Confidence• Unlimited folders, tags, and sorting options• Pin recent notes, merge content, reorder pages• Bulk import/export with smart file handling• Color-code and customize your library🤝 Sync, Collaborate, Share• Real-time collaboration in shared notebooks• Seamless sync across Android, iOS, and Web• Offline-first with automatic cloud sync• Share via URL, QR code, or export to PDF/image formats🔒 Privacy-First by DesignWe’re a small, independent team. We don’t sell your data. We don’t show ads. Your notes are encrypted, secure, and under your control.• Choose one-time purchase or subscription• Notewise Cloud unlocks sync, AI, OCR, and collaboration• Use core features for free—foreverNo paywall for basics. No lock-in.🚀 Always Getting BetterWe ship fast: 20+ major updates in the last year. Recent additions include:• Redesigned UI with adaptive layout• Tape tool to hide and reveal content• Tabbed navigation, note linking, shape editing• Table support, image tools, audio export• Recycle bin, page rotation, and moreAnd we're just getting started.✍️ Take Good Notes OnlyNotewise is built for thinkers, tinkerers, students, and builders of all kinds. Whether you’re diagramming an idea, revising a lecture, or designing your own productivity system—Notewise adapts to how you think.—Skip the bloat. Keep the power. Build your notes your way—with a tool that respects your privacy.📥 Download Notewise for free today and experience note-taking that works like code: fast, indexable, and smart.",https://notewise.dev,https://play.google.com/store/apps/details?id=com.yygg.note.app&hl=en&gl=US,https://play-lh.googleusercontent.com/NxKqwBq8iCpn7WgNmgqm91PYDtaqjCSgJjVZ3wQb9rNvBXuJVC-FTm_AnHDykFDZOc0=w240-h480-rw,3.1.4,2022-05-21,2025-09-26,0.275,2025-03-10
ios:id1532875441,AppStore,id1532875441,one-sec-screen-time-focus_appstore,one sec | screen time + focus,riedel.wtf apps S.L.,Productivity,0,4.83739,21069,0.0,0.0,Free,"In contrast to Screen Time, one sec delays access to apps and websites instead of blocking them completely – this is fundamentally different than any other screen time tool you’ve tried before!

Have you tried a digital detox? And it did not work, because you fall back into your habits immediately? 

Well here is the solution:

one sec solves our unhealthy phone relationship at its roots: by making distracting apps less appealing, our brains lose interest to open them all the time without proper intention.

The effectiveness of one sec has been confirmed in a peer-reviewed scientific study with the Max-Planck Institute and Heidelberg University: app usage drops by 57% on average! Long-term!

Fight the social media algorithms and win back control over your phone usage & your subconsciousness!

“one sec” uses Shortcuts Automation to toggle a deep breath animation whenever you open one of the configured apps (Instagram, Twitter, YouTube…). This breaks unconcious social media habits short-term (literally, as soon as you have set it up) and even helps long-term by adding more friction when opening these apps.

Did you really want to open Instagram? Or was it just because you're bored waiting for your bus?
This app helps you to reflect your actions, thoughts, and feelings; disrupting harmful social media habits with mindfulness.

On top of that, “one sec” also contributes your mindful moments to the Health App via HealthKit.

Especially for people with ADHD one sec is a great tool to gain back control for incredible focus and concentration.

Integrations and collabs:
- You can set up one sec to sync tasks with Structured, so you won't be able to access social media apps during ongoing unfinished tasks.
- You can set up one sec to learn a new language with LENGO, so every time you open social media, you have to answer a handful of vocabularies.

Available Subscription Options:
one sec pro (annual / monthly / lifetime unlock)

Terms (EULA): https://www.apple.com/legal/internet-services/itunes/dev/stdeula/
Privacy Policy: https://one-sec.app/privacy/",https://one-sec.app,https://apps.apple.com/us/app/one-sec-screen-time-focus/id1532875441?uo=4,https://is1-ssl.mzstatic.com/image/thumb/Purple221/v4/e6/9f/41/e69f4165-f8a0-efb0-f040-a2a7a1dcd7b9/AppIcon-0-0-1x_U007epad-0-0-0-1-0-0-sRGB-0-85-220-0.png/512x512bb.jpg,5.0.4,2020-09-29,2025-09-27,0.975,2025-03-10
play:com.digitalchemy.timerplus,PlayStore,com.digitalchemy.timerplus,multi-timer-timer-stopwatch_playstore,Multi Timer: Timer + Stopwatch,"Digitalchemy, LLC",Kids,1000000,4.6,21100,0.69,14.99,$0.69 - $14.99 per item,"Experience the ultimate time management tool with Multi Timer: Timer + Stopwatch, a comprehensive mobile app designed to revolutionize the way you track and manage time. Digital stopwatch and free timer is a simple, easy, and accurate mobile app for Android that will help you to measure the time of any situation, like sports, cooking, etc. With the time app, you'll enjoy the freedom of unlimited timers and a feature-packed stopwatch, complete with a lap function and a crystal-clear display. The timer feature empowers you to set up and manage multiple timers simultaneously. Whether you're working on various projects, organizing your daily routines, or simply need to time different activities, MultiTimer has got you covered. Take control of your time like never before. ⏱ Timer also offers an exceptional stopwatch feature. Perfect for athletes, fitness enthusiasts, or anyone who needs precise timing, the stopwatch provides accurate measurements down to the millisecond. With the lap feature, you can track your progress and analyze your performance with ease. The clear display ensures you never miss a beat.🕰  This all-in-one app combines unlimited timers with a lap-enabled stopwatch, giving you the tools you need for optimal time management. No hidden charges or in-app purchases. Enjoy seamless timing without breaking the bank.📱 Personalize your timers and stopwatches with Multi Timer sleek and user-friendly interface. Choose from a variety of themes and visual styles to match your preferences and create a personalized experience. Customize sound and vibration alerts to ensure you never miss an important timing event again. ⏳ MultiTimer is your ultimate time management companion. Whether you're a professional looking to optimize your productivity, a student juggling multiple tasks, or a sports enthusiast striving for peak performance, a MultiTimer is here to support you.  Main advantages of free Multi Timer: Timer + Stopwatch: ✅ Easy to start - just set the time and press play;✅ Multiple timers & stopwatches;✅ The MultiTimer makes a noise when it ends - no need to watch your phone;✅ Various themes;✅ Progress bar for elapsed time;✅ Full lap display;✅ Just one tap to switch between timer and stopwatch;✅ Large numbers and scrolling display for easy operation.No more searching for separate apps for timers and stopwatches. This free timer and free stopwatch are your all-in-one solution for managing unlimited timers, utilizing the lap feature with a clear display, and making the most of your time. ⏳ Download the free timer + stopwatch now and experience the convenience and accuracy of a top-notch timing tool. Don't wait – get a Multi Timer + Stopwatch today and unlock the power of efficient time management! ⏳",http://www.digitalchemy.us,https://play.google.com/store/apps/details?id=com.digitalchemy.timerplus&hl=en&gl=US,https://play-lh.googleusercontent.com/DSKDcSklyWlPfiayJmYO_VEy4FrX8_3QqMwft15LkckAtc2udGqH8YyeBdCGYMFDVA=w240-h480-rw,2.2.14,2018-08-27,2025-09-15,1.0,2025-03-10
play:com.wlxd.pomochallenge,PlayStore,com.wlxd.pomochallenge,productivity-challenge-timer_playstore,Productivity Challenge Timer,Ensit Media,Kids,500000,4.8,21100,7.99,7.99,$7.99 per item,"Productivity Challenge Timer is a Pomodoro timer which aims to help you be more productive, more focused, waste less time and so on, you already know all that stuff.What this app is about is challenging you to work and study harder and tracking your work habits. You'll earn/lose ranks depending on your performance, earn achievements and track your productivity over time, so you'll know how long you worked on what and during which days of the week and hours of the day you're at your most productive.Now here's a few things you should know before downloading:- This is not an organizer. If you can't keep track of what you're supposed to be doing, this app is not for you. The app includes tracking of projects so you know how much time you spent working on each of your clients/books/websites/whatever - like a time sheet, but it's not meant to be an organizer or a to-do list.- This app is in English only. No translations are planned for the foreseeable future.- This app will not let you pause work sessions or finish them early, so if you have a tiny baby-sized bladder and you need to pause every few minutes, this app is not for you. The shortest work session you can set is 10 minutes and you're not supposed to be interrupted. Also because I use this app too, and I'd be the first to abuse that pause feature to go look up useless nonsense instead of getting work done.- The purpose of this app is not to promote a healthy work-life balance, but to get you to work harder. Because of this, it does not recognize weekends or holidays or parenting or any other excuse to take time off, and it will demote you if you start slipping. Please don't expect the app to validate your goals, its sole purpose is to make you work harder, even when you shouldn't.- If you want to use the app with the screen off, make sure it's been exempted from any battery saving apps/features your device may be using.That's it, thanks for reading and I hope you find this app as useful as I do.",https://productivitychallengetimer.com,https://play.google.com/store/apps/details?id=com.wlxd.pomochallenge&hl=en&gl=US,https://play-lh.googleusercontent.com/ZmgOHQfgOdn_rVLxVfxLFqaPvzqTdSHeAlHlFYca0YkPqWYtUBOGfryMuCSlXA4P3bs=w240-h480-rw,1.13.4,2014-10-04,2024-12-23,1.0,2025-03-10
play:io.unorderly.structured,PlayStore,io.unorderly.structured,structured-daily-planner_playstore,Structured - Daily Planner,unorderly GmbH,Kids,1000000,4.5,21200,6.49,64.99,$6.49 - $64.99 per item,"Structured is the visual planner that makes your day finally click.Calendar, tasks, and to-dos – all in one clean, easy-to-use timeline. Already loved by millions, now on Android. Join the community, plan smarter, and make every day less chaotic. Why Structured?Planning shouldn’t feel like homework. With a timeline at its core, Structured brings together meetings, personal events, and to-dos in one simple flow. Create tasks in seconds, set deadlines, and shape your day your way. Whether you’re juggling work, uni, ADHD, or just looking for more balance – Structured helps you stay on track without the stress. Start free and: - See your whole day in a clear timeline - Capture thoughts quickly in the Inbox – organize them later when it suits you - Break down big goals into smaller steps with notes & subtasks - Stay on top of deadlines with smart reminders - Boost focus with color-coding & a wide range of task icons - Match your vibe with custom app colors - Track your daily energy with the Energy Monitor, built with experts Go Pro to unlock more power: - Create repeating tasks for effortless planning - Use Structured AI to build your schedule with natural language - Personalize notifications for every situation Structured Pro is available monthly, yearly, or as a one-time Lifetime plan.",https://structured.app/,https://play.google.com/store/apps/details?id=io.unorderly.structured&hl=en&gl=US,https://play-lh.googleusercontent.com/cvo_vcGvd4U7ZonBsdCbjQWEJkuRI1Q2_6wFqRkRpxihMFzG9FuW7GhGDdKVmjvx1xbu=w240-h480-rw,3.0.8,2023-11-11,2025-02-10,0.275,2025-03-10
play:com.kappa.teddybear.android,PlayStore,com.kappa.teddybear.android,teddycare-daily-routine-plan_playstore,TeddyCare: Daily Routine Plan,Kappa Yazilim Anonim Sirketi,Kids,100000,4.7,21500,12.99,71.99,$12.99 - $71.99 per item,"Meet TeddyCare: Daily Routine Plan – your all-in-one tool to track daily habits, rituals, and tasks, helping you bring structure and ease to your everyday life with smart to-do lists and uplifting tips.TeddyCare isn’t just a digital planner – it’s your personal guide, life organizer, and self-care companion designed to align with your unique lifestyle. It empowers you to grow, build better habits, and thrive with a consistent, nurturing routine.With TeddyCare, self-love and personal growth aren’t just goals—they become your daily reality.What TeddyCare: Daily Routine Plan brings you:• Begin each morning with inspiring rituals that set a positive tone for the day• Discover curated routine ideas from meditation and workouts to reading, tidying, and pet care• Customize your day with flexible tasks and schedules that move you closer to your personal goals• Stay on track with powerful to-do lists that turn intention into actionTeddyCare is more than just a task manager—it’s a motivational tool that helps you organize with purpose and make meaningful progress. Whether you're managing a busy life or navigating ADHD, TeddyCare offers gentle structure, helpful reminders, and a calm, supportive space to stay focused.Designed to move with your pace, TeddyCare adapts to your rhythm and encourages self-care without the pressure.Unlock the magic of mindful planning. With TeddyCare, turn your routines into rituals and build the best version of yourself—one day at a time.",https://www.stoikk.co,https://play.google.com/store/apps/details?id=com.kappa.teddybear.android&hl=en&gl=US,https://play-lh.googleusercontent.com/nRcT_r01VFEvVA3s9Fh5dX4bwfqEwuiREqqUD6kHGL9yEav9k2s7w3JzkD_JwKiOCZAg=w240-h480-rw,1.0.7,2025-04-29,2025-02-09,0.475,2025-03-10
ios:id1190294015,AppStore,id1190294015,meditopia-sleep-meditation_appstore,"Meditopia: Sleep, Meditation",YEDI70 YAZILIM VE BILGI TEKNOLOJILERI ANONIM SIRKETI,Health & Fitness,0,4.85174,21827,0.0,0.0,Free,"With hundreds of mindfulness meditation apps to pick from, what makes Meditopia so special? Well, unlike most of the other options, Meditopia offers more than just a short-term solution to falling asleep, finding balance and de-stressing; we offer each member over 1000 deep-dive meditations and breathing exercises that get right to the heart of what we as a people, regardless of age, background, or experience, are dealing with everyday.

These meditations, offered in 12 languages, aim to cover the entire spectrum of human experiences from relationships, expectations, acceptance, and loneliness, to our body-image, sexuality, life purpose, and feelings of inadequacy. Meditopia doesn’t just want to be a band-aid for wounds which we know require permanent healing. Our goal is to create a mental health sanctuary in which you can access the guidance and tools you need to build up mental resilience, calm, balance, a healthy headspace and peace of mind. Everything you need to feel happier, relax, and sleep like a baby.

Download now and try a free meditation! 

What can you get with Meditopia?

Sleep Meditations + Breathing exercises
Your quality of sleep affects almost every aspect of your daily life. So why not help yourself get better sleep? Try any one of our +30 sleep meditations to learn new techniques as well as breathing and visualization exercises that you can continue to practice throughout the rest of your life to promote good sleep. Say bye to that old sound machine and that one-function breathing app.

Bedtime Stories 
Bedtime fairy stories aren’t just for kids! As you tuck yourself into bed, all warm and cozy, let us lull you to sleep with our wide selection of bedtime stories. From fairy tales and adventures to experiences in places all throughout the world, feel yourself getting pulled into these vivid and soothing stories. After all, at the end of a long day, you deserve to gently ease into a dreamworld of sleep and recovery. We also have a wide library of sleep sounds like rain, waves, and relaxing noises like white noise and more.

AI Therapy
Introducing SOUL, our custom AI therapy solution. Designed by psychologists and mental health experts, SOUL is your AI mental health companion. Tailored to address diverse mental health needs, SOUL utilizes its intricate understanding of language nuances to offer personalized support, engaging users in insightful and compassionate dialogue

Apple Watch + Siri Shortcuts
Even if you don't have your iPhone with you, you can access all of our content from Apple Watch!

Our Top Features:
+1000 guided meditations
Nature sounds with a timer
Independent WatchOS app
Apple HealthKit integration to count your worry-free minutes
Dark Mode support
Daily Meditations on a new topic every day
Daily Inspirational Quotes
Personal Note-taking to track your progress
Mindful Meter to see your mindfulness stats at a glance
In-app challenges with friends to feel challenged
Custom reminders to sleep and meditate
Siri shortcuts
User-friendly and user-oriented interface


Meditopia’s meditation library offers over 1000+ guided meditations on topics including: 
Stress
Acceptance
Compassion
Gratitude
Happiness
Anger
Self-Confidence 
Motivation
Focus
Sexuality
Breath
Body Positivity
Change & Courage
Inadequacy
Self-Love
Less Guided Meditations
Body Scan

_________________

Subscription Pricing and Terms: 
The iTunes Account will be charged for renewal within 24 hours prior to the end of the current period. The subscription automatically renews with the same price unless auto-renew is turned off at least 24-hours before the end of the current period. You can go to your iTunes Account settings to manage your subscription and turn off auto-renew. 

Subscriptions can be deactivated at the following link: https://support.apple.com/en-us/HT202039
Terms & Conditions: https://meditopia.com/terms-en.html",https://meditopia.com,https://apps.apple.com/us/app/meditopia-sleep-meditation/id1190294015?uo=4,https://is1-ssl.mzstatic.com/image/thumb/Purple221/v4/43/83/6c/43836c6a-c109-0142-2ebd-2c57604d8d11/AppIcon-0-0-1x_U007epad-0-1-0-0-0-85-220.png/512x512bb.jpg,4.20.1,2017-01-24,2025-09-18,0.35,2025-03-10
ios:id726780077,AppStore,id726780077,brainbuddy-quit-porn-now_appstore,Brainbuddy: Quit Porn Now,AppStudio Australia Pty Ltd,Health & Fitness,0,4.67587,24095,0.0,0.0,Free,"Brainbuddy is the #1 porn-recovery app, built to help you crave less and live more. Whether your goal is to cut back or quit pornography entirely, Brainbuddy’s neuroscience approach can help you change your relationship with porn, sex and dopamine. 

With a core 100-day, evidence-based education program, progress tracking, supportive community, and a multitude of tools (think meditations, games, and more!), you’ve got everything you need to reset your relationship with porn. Reboot your brain. Reboot your life. (Note: certain features require subscription).

**WHY THOUSANDS CHOOSE BRAINBUDDY**

REWIRE YOUR BRAIN 
Based on years of addiction research, our state-of-the-art rewiring program teaches you how to conquer your brain, one step at a time. Turn your brain into an ally.

MAKE EVERY DAY A GOOD DAY
Our fun, daily exercises are specifically designed to replace temptation with motivation and a positive outlook. Stop craving, start living.

PROGRESS YOU CAN SEE
Your daily checkup tracks in real-time the positive changes you are making to your relationships and health. Don’t just feel the change, track it.

GROW YOUR LIFE TREE
Your own personal “Life Tree” grows with you. With every positive choice you make, your tree becomes a little more beautiful. Watch as it grows each day because of *you*.

THE BEST COMMUNITY
Brainbuddy has one of the most vibrant and friendly self-improvement communities. Stay motivated with stories from others, and work with your team to win healthy challenges. 

EXPERIENCE PERSONAL SATISFACTION
From one day to one year, build up your self-control and willpower one challenge at a time. You’ll be amazed at what you are capable of.

TOOLS TO LIVE BETTER
The best porn blocker and filter on the planet. Temptation control with machine learning. Brainbuddy has everything you need to live your best life. 

LEVEL UP YOUR LIFE
Rebooting your brain has immense psychological and physical benefits. Start now, change forever.

**REVIEWS FROM THE BRAINBUDDY COMMUNITY**

""Now I am controlled, stable, focused, and feel super confident. When you save your energy up, you get that unconquerable will where what would have been a huge wall for your old self becomes a little knee-high fence you can step over.""

""I feel like a different person. I'm much more talkative and aware in social settings. at work I'm on top of everything instead of forgetting things and asking people to repeat themselves. It's been over a decade since I started looking at porn and this now feels who I truly am.""

""The clarity and lack of depression for me was extremely noticeable and you will likely feel like a different person. It gave me hope that there is nothing totally wrong with me. Just having that experience of clarity and happiness can be a powerful thing.""

""Confidence. When I walk down the street I don't feel uncomfortable anymore. I can speak to anyone without feeling shy. It's not that I have become arrogant, I just regard myself on equal footing with others where before I always felt inferior. My social anxiety has completely flown out the window.""

SUBSCRIPTION INFORMATION

Consider Brainbuddy PREMIUM and enjoy full access to all features and content. If you choose a Brainbuddy PREMIUM subscription, payment will be charged to iTunes Account at confirmation of purchase.

The subscription will automatically renew unless turned off in your iTunes Account Settings at least 24 hours before the current period ends. From iTunes Account settings you can manage your subscription and turn off auto-renew. Your iTunes Account will be charged when the purchase is confirmed. If you subscribe before your trial ends, the remaining free trial period will be forfeited when your purchase is confirmed.

Brainbuddy optionally saves your meditation sessions to the Apple Health app.

Terms of Use - https://www.brainbuddyapp.com/terms
Privacy Policy - https://www.brainbuddyapp.com/privacy-policy

We love your feedback. Contact support@brainbuddyapp.com",http://www.brainbuddyapp.com,https://apps.apple.com/us/app/brainbuddy-quit-porn-now/id726780077?uo=4,https://is1-ssl.mzstatic.com/image/thumb/Purple211/v4/53/13/d2/5313d210-9467-d19c-79e2-b1d973c8376b/AppIcon-0-1x_U007epad-0-9-0-85-220-0.png/512x512bb.jpg,11.4.1,2013-11-11,2025-08-26,0.35,2025-03-10
ios:id1541027222,AppStore,id1541027222,screenzen-screen-time-control_appstore,ScreenZen- Screen Time Control,ScreenZen LLC,Productivity,0,4.84489,25215,0.0,0.0,Free,"Multiple strategies to reduce your screentime

1. Delay before opening your app: A bit of time before choosing if you need to open your distracting app. You can have the wait time increase each time you open your app.

2. Interrupt your scrolling: Check your distracting apps for short periods of time so you don't get sucked in.

3. Set an app goal and optionally block when you reach your limit.

4. Configurable for different days of the week and time by app.

5. Messages like ""Is this important"" before opening your app.

6. See your screen time for only your distracting apps. Don't worry about Google Maps bloating up your time.

7. Strict block your apps: Either for time ranges, after a certain number of opens or ScreenTime. Strict blocked apps can be hidden from the home screen.

8. Locks on Settings to prevent you from changing your settings when you want to open an app.

9. Breathing and other activities to encourage you not to need to open the app while waiting for it to unlock.

10. Streaks to encourage you not to exceed your limits or override your settings.",https://screenzen.co,https://apps.apple.com/us/app/screenzen-screen-time-control/id1541027222?uo=4,https://is1-ssl.mzstatic.com/image/thumb/Purple221/v4/62/6c/14/626c1436-8c88-c72b-a51f-2c364cebebd5/AppIcon-0-0-1x_U007emarketing-0-11-0-sRGB-85-220.png/512x512bb.jpg,1.2.173,2021-07-16,2025-07-24,0.6,2025-03-10
play:com.mmguardian.parentapp,PlayStore,com.mmguardian.parentapp,mmguardian-parental-control_playstore,MMGuardian Parental Control,MMGuardian.com,Kids,1000000,4.2,26500,1.99,99.99,$1.99 - $99.99 per item,"Use MMGuardian Parental Control on your child's phone to view messages, receive safety alerts and set limits for screen time and app usage.This is the app is for the parent's phone - you must also install a different app on your child's phone. If you install this app first, you will be guided on how to download the child phone app from the relevant app store for your child's iPhone or Android phone.Receive alerts when your child's text messages, certain social media chat messages or web searches are indicative of drugs, sexting, cyberbullying, child grooming, violence, suicidal thoughts and more.What does MMGuardian Do?With the MMGuardian Parental Control Child app installed to your child's Android phone, you will also be able to monitor and block:• SMS text messages• Web browsing activity• Application usage• To whom phone calls are madeSocial Media Chat MonitoringIn addition to normal SMS texts, chat messages from Facebook Messenger, WhatsApp, Snapchat, Instagram, Kik, TikTok and Discord are reported. Alerts will be sent to you if the content in a chat message appears to relate to one of nine special categories including sexting, cyberbullying and suicidal thoughts.The benefits of using MMGuardian Parental Control when your child has an Android phone include:• Alerting you when text messages or web searches are indicative of sexting, cyberbullying, suicidal thoughts and more.• Alerting you when pictures on your child's phone, or sent in an MMS message, are of an adult nature or indicative of sexting.• Comprehensive reports for text messages,  app usage, web browsing and voice calls.Additional Functions• Locate your child's phone• Quickly lock or unlock your child's phone• Set limits for screen time, app usage, web filteringThis app on your phone and the one on your child's phone must be registered using the same (parent's) email address. Both your phone and your child's phone should have network data capability, as the app uses data to send and receive configuration commands, reports and alerts.Free 14 day trialAfter the free 14 day trial period of the app on the child's phone has ended, unless the child phone app is licensed or has an ongoing subscription, the functions in this Parent App that relate to premium functions on the child's app will be disabled. However you can still use MMGuardian to locate your child's phone remotely.SubscriptionsYou may purchase a subscription  to apply to the MMGuardian Parental Control app installed on your child's phone from within this parent phone app. Subscriptions are $4.99/mo or $49.99/year for one child phone. Family plans for up to 5 child devices are twice these amounts.We encourage parents to discuss the reasons to use a parent control app with their children, which include to help protect them from potential risks of their own actions and the actions of others, such as excessive screen time, cyberbullying and sexting.",https://www.mmguardian.com,https://play.google.com/store/apps/details?id=com.mmguardian.parentapp&hl=en&gl=US,https://play-lh.googleusercontent.com/XDbzjZTJKvfqMiXx_no27w7J9vfZQGP2IG8NFj9LoAETvWNwvxIdvSkEFEQ7uoEpc60=w240-h480-rw,3.7.33,2013-09-30,2025-03-10,0.9,2025-03-10
ios:id601617403,AppStore,id601617403,alo-wellness-club_appstore,ALO Wellness Club,"Alo, LLC",Health & Fitness,0,4.8901,28190,0.0,0.0,Free,"Welcome to ALO Wellness Club. Get the VIP treatment with unlimited fitness, mindfulness, and wellness classes from our lineup of A-list instructors. Achieve your wellness goals with on-demand workouts, expert instructors, and personalized class recommendations that fit seamlessly into your schedule. Once you’re a member of ALO Wellness Club, you’ll have all the tools you need for lifelong wellness. Now let's get to work—see you on your mat. 

 

WHAT’S INCLUDED 

3,000+ on-demand fitness and mindfulness classes 

Access to top-tier instructors, wellness professionals, and celebrity trainers 

New classes added weekly from beginner to advanced skill levels 

Programmed series to meet your fitness and mindfulness goals 

Personalized recommendations based on your interests

Stream anytime, anywhere on desktop, tablet, and mobile 

 

TRAIN LIKE A VIP 

All you need to do is press play. Here to help set the pace, motivate, and push you beyond your limits, our roster of trainers is one you can rely on to meet any goal—big or small.  

 

HIT YOUR GOALS 

Whether you’re looking to build strength, increase flexibility, relieve stress, or learn a new skill, there’s a class or series for you. Using our Class Finder, you can sort by style, difficulty, time, and instructor to suit your mood and schedule. 

 

Choose from thousands of studio-style yoga, fitness, and mindfulness classes, including:


Yoga: Vinyasa, Ashtanga, Hatha, Restorative, Yin, Yoga for Beginners, Kundalini, Prenatal Yoga

Fitness: Pilates, Strength, Sculpt, Cardio, HIIT, Barre, Dance, Core Workouts

Mindfulness: Guided Meditation, Breathwork, Visual Meditations, Yoga Nidra, Sound Healing

 

CONNECT WHEREVER 

From the comfort of your living room to a hotel room across the globe, we put your favorite classes for mind and body at your fingertips — available on phone, tablet, and web. No Wi-Fi? Download classes offline and take your practice on the go. 

Terms: https://www.aloyoga.com/en-in/pages/terms-of-use
Privacy: https://www.aloyoga.com/pages/privacy-policy",https://wellnessclub.aloyoga.com/,https://apps.apple.com/us/app/alo-wellness-club/id601617403?uo=4,https://is1-ssl.mzstatic.com/image/thumb/Purple211/v4/58/52/9d/58529dfa-679e-0766-0e9e-5f515f3687bb/AppIcon-0-0-1x_U007epad-0-1-0-85-220.png/512x512bb.jpg,5.50.0,2013-03-28,2025-09-24,0.1,2025-03-10
ios:id1346247457,AppStore,id1346247457,endel-focus-sleep-sounds_appstore,Endel: Focus & Sleep Sounds,Endel Sound GmbH,Health & Fitness,0,4.65108,29422,0.0,0.0,Free,"Focus, relax, and sleep through the power of sound. Endel creates AI-powered sounds designed to support your everyday life. Backed by science, and enjoyed by millions worldwide.

Endel is powered by its patented core AI technology. It takes inputs like location, environment, and heart rate, to create the optimal personalized soundscape. This happens on the fly and allows Endel to reconnect your state with your circadian rhythm.

Get access to the following classic soundscapes at home, work, or on the move to relax, concentrate, and minimize distractions and brain fatigue:


• Focus – boosts your productivity by helping you concentrate for longer

• Sleep – soothes you into a deep sleep with soft, gentle sounds

• Relax – calms your mind to create feelings of comfort and safety

• Move – feel grounded and present while walking, hiking, or running


ENDEL PREMIUM SUBSCRIPTION


Alongside the classics, the Premium package contains the following Endel Soundscapes and features:


• Colored Noise – choose one of 9 colors of noise to focus, relax, sleep, and mask outside sound

• Study – improves concentration and keeps you calm while studying or working

• Dynamic Focus – get your perfect productivity support with real-time sound tuning

• Hibernation – nourish your ears with cozy sounds for cold-season slumber

• Nature Elements – nurture the mind with sounds of nature, your way

• Rainy Outside – cozy up to the gentle patter of rain, blended with sleep-aiding sounds

• Recovery – revives your wellbeing with sounds engineered to lower anxiety

• Spatial Orbit – venture into a more peaceful dimension with an immersive Spatial Audio experience

• Focus Timer – the famous interval work method, upgraded with science-backed Focus sounds


On top of the much-loved original Endel soundscapes, Endel works with innovative artists and thinkers to create unique experiences. These collaborative Endel Soundscapes are available for Premium users:


• James Blake: Wind Down – prepare your body for sleep with soothing sounds from an award-winning artist

• Grimes: AI Lullaby – supports sleep for babies and adults with original sounds and vocals from Grimes

• Plastikman: Deeper Focus – a deep focus techno soundscape created with Richie Hawtin

• Alan Watts: Wiggly Wisdom – soothing and motivation spoken word soundscape, infused with the playful wisdom from Alan Watts

• Miguel: Clarity Trip – elevate your every step with original sounds from Miguel


Endel Pacific is the patented technology that powers our apps and integrations. All soundscapes are available offline.

Apart from the Premium sounds and features, Endel Premium users get access to the exclusive Apple Podcast shows.


SUBSCRIPTION TERMS


Skip the payment screen by tapping “X” in the top-right corner of the offer. The Free Edition of Endel will start automatically.

You can get access to Endel Premium by subscribing to a recurrent plan of your choice or with a one-time Lifetime purchase.

Subscriptions automatically renew unless auto-renewal is turned off at least 24 hours before the end of the current period.

Payment will be charged to your Apple account at confirmation of purchase.

Account will be charged for renewal within 24 hours of the end of the current period, and the cost of the renewal will be provided.

Subscriptions may be managed by the user. Auto-renewal may be turned off by going to the user’s Account Settings after purchase.

No cancellation of the current subscription is allowed during the active subscription period.

Any unused portion of a free trial period, if offered, will be forfeited when the user purchases a subscription to that publication.


For more information:

Terms of Use - https://endel.zendesk.com/hc/en-us/articles/360003558200

Privacy Policy - https://endel.zendesk.com/hc/en-us/articles/360003562619",https://endel.io,https://apps.apple.com/us/app/endel-focus-sleep-sounds/id1346247457?uo=4,https://is1-ssl.mzstatic.com/image/thumb/Purple211/v4/ff/76/3d/ff763d26-3049-4fda-5c3e-386395f88d56/AppIcon-Original-0-0-1x_U007emarketing-0-11-0-85-220.png/512x512bb.jpg,4.6.2,2018-06-21,2025-09-22,1.0,2025-03-10
ios:id1052216403,AppStore,id1052216403,minddoc-mental-health-support_appstore,MindDoc: Mental Health Support,MindDoc Health GmbH,Health & Fitness,0,4.70552,29445,0.0,0.0,Free,"Discover MindDoc: Your Mental Health Companion


Embark on your journey towards better mental health with MindDoc. Trusted by over 3 million users worldwide, MindDoc is rated 4.7 stars from 26,000+ reviews, making it the go-to app for mental well-being.

DEVELOPED BY EXPERTS IN MENTAL HEALTH

Developed by clinical psychologists and researchers, MindDoc is designed to support individuals facing common mental health challenges including depression, anxiety, insomnia, and eating disorders.

TRACK YOUR MOOD AND JOURNAL YOUR THOUGHTS

Utilize our intuitive mood tracking feature to monitor your emotional state and journal your thoughts, feelings, and experiences.

PERSONALIZED INSIGHTS AND FEEDBACK

Receive regular feedback on your symptoms, problems, and resources as well as a global assessment of your emotional health that you can download and share with your health care provider.

A COMPREHENSIVE COURSE LIBRARY BASED ON COGNITIVE BEHAVIORAL THERAPY (CBT)

Receive personalized course recommendations, become an expert in your own mental health, and learn and practice actionable strategies for taking charge of your mental health.

UNLOCK PREMIUM FEATURES WITH MINDDOC PLUS

Elevate your experience with MindDoc+ and gain unlimited access to our exclusive features with a subscription. Whether you choose a 3-month, 6-month, or 1-year plan, MindDoc+ offers you comprehensive resources and insights to support your mental well-being.

YOUR TRUSTED MENTAL HEALTH PARTNER

MindDoc serves as your dedicated companion on your mental health journey, offering support for various aspects of well-being, including symptom management, coping with painful emotions, stress management, mindfulness, relationships, time management, and self-image.

PRIVACY AND SUPPORT

We are committed to your privacy and security. Certified with ISO 27001 and fully GDPR compliant, we prioritize protecting your personal information with the highest standards of security.

Our robust data security measures ensure that your information is encrypted and securely stored at all times.

Rest assured, your privacy is our priority. For assistance or inquiries, reach out to service@minddoc.com. Learn more about our terms and privacy policy to ensure a safe and secure experience.

https://minddoc.com/us/en/terms

https://minddoc.com/us/en/self-help/privacy-policy

REGULATORY INFORMATION

MindDoc app is a risk class I medical product according to Annex VIII, Rule 11 of the MDR (REGULATION (EU) 2017/745 on medical devices).

INTENDED MEDICAL PURPOSE

The MindDoc app allows users to log signs and symptoms of common mental illnesses in real time over long periods of time.

The application enables users to self-manage symptoms and related problems by providing evidence-based transdiagnostic courses and exercises to help identify, understand, and manage symptoms through self-initiated behavior change.

The application provides users with regular guidance on whether further medical or psychotherapeutic evaluation is indicated through a general feedback on emotional health.

The MindDoc app explicitly does not replace a medical or psychotherapeutic assessment or treatment, but can prepare and support the path to psychiatric or psychotherapeutic treatment.

EMPOWERING SELF-MANAGEMENT

Empower yourself with tools and resources for self-management and promoting a proactive approach to mental health care.

START YOUR MENTAL HEALTH JOURNEY TODAY

Take the first step towards taking care of your mental health by downloading MindDoc for free today. Promote your well-being, one step at a time.",https://minddoc.com/us/en,https://apps.apple.com/us/app/minddoc-mental-health-support/id1052216403?uo=4,https://is1-ssl.mzstatic.com/image/thumb/Purple221/v4/ea/2f/a0/ea2fa0c0-cb41-a02c-9954-d18625ce959d/AppIcon-0-0-1x_U007emarketing-0-10-0-85-220.png/512x512bb.jpg,4.18.28,2015-11-11,2025-04-09,0.1,2025-03-10
play:net.smartwod.timer,PlayStore,net.smartwod.timer,smartwod-timer-wod-timer_playstore,SmartWOD Timer - WOD timer,SmartWOD fitness apps,Kids,1000000,4.9,29700,1.49,49.99,$1.49 - $49.99 per item,"SmartWOD Timer is a simple and easy to use timer app for all common functional fitness and Cross Training workouts: AMRAP (As many rounds as possible), For Time, EMOM (Every minute on a minute) and Tabata HIIT interval training. Just choose the WOD type, set the duration and GO!This is what you get:•	 big and clear display•	 simple navigation •	 motivational sound support•	 timer for AMRAP workouts•	 timer for EMOM workouts•	 timer for For Time workouts•	 timer for Tabata workouts (HIIT)•	 integrated round counter•	 workout log•	 runs in background•	 ideal for Functional Fitness, Cross Training, Metcons, HIIT, Running, Interval Training, Weighlifting, Circuits, etc.Timer types explained:AMRAP Timer - WOD Timer for ""As many rounds as possible"" type of functional fitness and cross training workouts. In AMRAP timer you can set a time that will count down. Try to do as many reps or rounds in the set time as you can! AMRAP timer also runs in the background.For Time Timer - WOD Timer for ""For Time"" type of functional fitness and cross training workouts. Just do your workout as fast as possible while the timer counts up. You can end your For Time WOD anytime by swiping the finish button.EMOM Timer - WOD Timer for ""every minute on a minute"" type of functional fitness and cross training workouts. You can adjust your EMOM timer by setting the total time and the length of one interval. A beeping sound will let you know every time one interval is over and the next one begins. The EMOM timer can also be used as an interval training (HIIT) timer.Tabata Timer - WOD Timer for ""Tabata"" style interval workouts (HIIT). Just set work and rest times, as well as total rounds and start your Tabata WOD. Get fit with SmartWOD!",https://smartwod.app,https://play.google.com/store/apps/details?id=net.smartwod.timer&hl=en&gl=US,https://play-lh.googleusercontent.com/EOZ9KFojX7EMXp9aeHNetxIp3h6L-KVzV0Bb6TbKGx72fSkb3mGTTcGWA-nnksN4DH0=w240-h480-rw,1.43.8,2017-06-21,2025-06-09,1.0,2025-03-10
ios:id867374917,AppStore,id867374917,focus-keeper-pomodoro-timer_appstore,Focus Keeper - Pomodoro Timer,PIXO Incorporation,Productivity,0,4.79842,30212,0.0,0.0,Free,"Focus Keeper is the ultimate focus timer and Pomodoro timer designed to help you boost productivity and fight against procrastination. Whether you're a student preparing for an exam, managing ADHD, or simply trying to stay focused, this app is here to make your time management easier. By leveraging the original Pomodoro method, Focus Keeper helps you break down your tasks into manageable intervals and balance work with breaks, so you can stay on track without burning out.

With a built-in study tracker, customizable settings, and an intuitive design, Focus Keeper is ideal for those who need a reliable exam timer or just want to track their progress efficiently.

Focus Keeper: Pomodoro Timer, Exam Timer, ADHD
Pomodoro – Stay true to the original technique with 25-minute sessions followed by short breaks to keep your mind sharp.

Customizable Focus Timer – Adjust the length of your sessions, short breaks, and long breaks to suit your workflow.

Exam Timer & Study Timer – Ideal for students and professionals, the product acts as a perfect exam timer to help you easily manage study sessions.

ADHD Friendly – Tailored for those with ADHD, the app’s structured technique helps improve concentration and task completion.

Time Tracker – Track your productivity over time with insightful charts and fight against ADHD and procrastination.

Simple Interface – With a clean and intuitive design, it's easy to set up your focus timer and start working on your tasks immediately.

How Its Works?
Set Your Focus Timer & Study Timer– Choose a task and set the clock for 25 minutes.
Work Until the Rings – Stay focused on your task until the Pomodoro rings.
Take a Short Break – Enjoy a 5-minute break after each session to refresh your mind.
Long Breaks – After completing 4 focus sessions, take a longer break of 20-30 minutes to recharge.
The app automatically starts the next session, so you can stay productive without interruptions.

Who Can Benefit?
Whether you're a student needing a reliable study timer for exams, a professional managing multiple tasks, or someone who struggles with ADHD, the concentration app is the perfect tool. The app provides a structured routine, making it easier to avoid distractions and procrastination. Its built-in time tracker and customizable settings ensure that you can stay productive in any environment, from the office to the study room.

Why ?
Unlike other apps, Focus Keeper offers an original Pomodoro experience while giving you full control over how you manage your focus sessions. Whether you're using it as an exam timer, a study timer, or to manage ADHD, its versatile features and easy-to-use interface make it stand out. Track your productivity over time, customize your features, and use it as a stopwatch for specific tasks – all while avoiding procrastination and staying on task.

Read our terms and conditions at https://www.iubenda.com/terms-and-conditions/36391786
Read our privacy policy at https://www.iubenda.com/privacy-policy/36391786

[ Support: support@pixo.co ]",https://focuskeeper.co/,https://apps.apple.com/us/app/focus-keeper-pomodoro-timer/id867374917?uo=4,https://is1-ssl.mzstatic.com/image/thumb/Purple211/v4/3c/64/bf/3c64bf0d-fbf1-065a-3f19-b4788a2feefc/AppIcon_Free-0-1x_U007epad-0-1-0-85-220-0.png/512x512bb.jpg,3.8.4,2014-04-05,2025-01-10,1.0,2025-03-10
ios:id1210209691,AppStore,id1210209691,oak-meditation-breathing_appstore,Oak - Meditation & Breathing,"Oak by Big Sky Health, Inc.",Health & Fitness,0,4.83587,31384,0.0,0.0,Free,"**2018 New Apps We Love** - Apple
**Oak will guide you to more mindful, relaxed living** - AppAdvice

Oak helps you decompress by transforming your meditation practice from an experiment into a habit. We support you from your first session to your 500th, with mindful, loving-kindness, and sleep meditations as well as unguided sessions and breathing exercises. Individualize your meditations by duration, and customize with silence or calming background sounds. Oak tracks your progress and encourages you to continue building a healthy meditation practice. 

WHAT'S INCLUDED:

Meditation 
- Guided mindful and loving-kindness meditations with male and female instructors
- Choose a guided session duration ranging from 5 to 30 minutes in length
- Choose unguided meditation sessions ranging from 5 minutes to 24 hours in length
- Sit in silence or choose soothing background tracks (bells, blocks, bowls, streams, and other gentle sounds) that encourage restfulness 
- Courses: go deeper and learn to practice Mantra meditation with a 10-day course 

Breathing 
- Simple yogic breathing exercises that can easily be performed on-the-go
- Options include Box Breathing, Deep Calm, and Awake sessions
- Animated instruction removes the guesswork 

Sleep 
- Guided breathing exercises help relax your mind as you drift off to sleep
- Choose silence or gentle background sounds to play during and after your session

Meditation Timer 
- For unguided meditation, set your custom mediation duration, background sounds (or silence), and interval chimes

Progress Tracking
- Oak tracks the number of minutes/hours you’ve meditated, mindful breaths you’ve taken, and the number of meditation/breathing sessions you’ve accomplished, as well as any consecutive streaks 
- Discover new accomplishment badges the more you breathe and meditate with us
- The power of community: Monitor the number of Oak members mindfully breathing and meditating in real time
- Oak supports Apple HealthKit for tracking “mindful minutes” with the Health app (optional).

Thank you for taking care of yourself through meditation. Have questions or feedback? Reach out to us anytime at support@oakmeditation.com.",http://www.oakmeditation.com,https://apps.apple.com/us/app/oak-meditation-breathing/id1210209691?uo=4,https://is1-ssl.mzstatic.com/image/thumb/Purple123/v4/ca/4e/12/ca4e121e-5988-e31c-4a35-99463179959e/AppIcon-0-0-1x_U007emarketing-0-0-0-7-0-0-sRGB-0-0-0-GLES2_U002c0-512MB-85-220-0-0.png/512x512bb.jpg,2.5.2,2017-10-31,2020-04-13,0.475,2025-03-10
ios:id1023475268,AppStore,id1023475268,glo-yoga-and-meditation-app_appstore,Glo | Yoga and Meditation App,"YogaGlo, Inc.",Health & Fitness,0,4.88249,31470,0.0,0.0,Free,"Embark on a journey to wellness with Glo. Glo isn't just an app; it's your gateway to feeling more connected and centered-whether you're at home or on the move. Our mission is to bring the best yoga, meditation, Pilates, and fitness classes directly to you, led by the world's top instructors. Tailored to fit your life, Glo supports you from the moment you roll out your mat to the final savasana.

Why Choose Glo?

Unparalleled Class Variety: With Glo, experience the richness of yoga, Pilates, meditation, and fitness classes designed to meet you at every level of practice. From soothing meditation to energizing yoga flows and strength-building Pilates, every class is an opportunity to nurture your body and mind. 

Live Classes & A Personalized Library: Join live classes to feel the collective energy of real-time practice or dive into our extensive on-demand library to fit wellness into your schedule. Glo's personalization features let you curate your own wellness path, saving your favorite classes and tracking your journey.

World-Class Instruction Anywhere: Learn from globally recognized teachers who provide compassionate instruction and support. Whether you're seeking to start a meditation habit, explore Pilates, or deepen your yoga practice, our instructors are here to guide you.

Flexible Practice for Every Stage: Glo adapts to your life. Start with beginner fundamentals, challenge yourself with advanced sequences, or find comfort in prenatal and postnatal offerings. Wherever you are in your wellness journey, Glo has a class for you.

Accessible Anytime, Anywhere: With the ability to download classes, Glo ensures your practice is always within reach. Transform any space into your personal studio- from a quiet room at home to a serene outdoor setting.

Join the Glo Community

Glo is more than an app; it's a community. Beyond the mat, you'll find a supportive network of like-minded individuals all working towards personal growth and wellness. With Glo, every day is a chance to connect more deeply with yourself and your practice.",https://www.glo.com/devices,https://apps.apple.com/us/app/glo-yoga-and-meditation-app/id1023475268?uo=4,https://is1-ssl.mzstatic.com/image/thumb/Purple221/v4/1a/86/c3/1a86c338-5511-43e8-6df4-247b382efaad/AppIcon-black-0-0-1x_U007emarketing-0-8-0-85-220.png/512x512bb.jpg,7.37.1,2015-12-16,2025-09-28,0.225,2025-03-10
ios:id923408272,AppStore,id923408272,verizon-family_appstore,Verizon Family,Verizon Wireless,Lifestyle,0,4.27299,33059,0.0,0.0,Free,"Help keep your family safe and connected on the go with Verizon Family. With features such as Location sharing, Parental Controls, Safe Walk with SOS, Crash Detection, Roadside Assistance, and Family Line all in one app.

From a single app, you can:
- Use content filtering
- Monitor and limit Verizon call and text activity on smartphones
- Limit Verizon data usage on smartphones or connected tablets
- Monitor web and app activity
- Manage screen time
- Pause internet
- Use location sharing, pick-me-up and check-in features
- Get location alerts
- View driving activity

Basic location sharing is now available on your Smartwatch via Wear OS. Location services such as Safe Walk & 24/7 Assist are not available at this time.

Legal: To use the Verizon Family app, a Verizon standard monthly postpaid account on an eligible device or an invitation from a Verizon account is required. Verizon postpaid mobile plans include Verizon Family location sharing features at no add’l cost or upgrade to Verizon Family Plus ($14.99/mo until canceled) for location sharing and alerts, parental controls for calls, texts and online activity, driving insights and roadside assistance. Roadside assistance through Signature Motor Club, 4 events/yr. Verizon Family app download required. Service does not monitor calls or texts sent over the internet and does not contact 911 for crash or SOS alerts. Push notifications must be enabled to see when new members join family acct. Some alerts sent via text message. Msg & data rates apply.

See full terms and conditions at: https://www.verizon.com/support/verizon-family-legal/",https://vzw.com/smartfamily/,https://apps.apple.com/us/app/verizon-family/id923408272?uo=4,https://is1-ssl.mzstatic.com/image/thumb/Purple211/v4/67/cb/91/67cb91e7-5e9c-35d5-64c1-49dc95560205/AppIcon-0-0-1x_U007epad-0-1-0-85-220.png/512x512bb.jpg,3.85.20,2014-05-11,2025-08-09,0.35,2025-03-10
play:com.bybazsoft.challenge,PlayStore,com.bybazsoft.challenge,wipepp-habit-tracking_playstore,Wipepp - Habit Tracking,ByBaz,Kids,1000000,4.3,35600,1.49,9.99,$1.49 - $9.99 per item,"Wipepp is an effective habit tracker that was made to help you cultivate good habits, get rid of the bad ones, and also change your entire lifestyle in only 21 days. With the help of the well-known concept that it takes 21 days to build a habit, Wipepp delivers a method that is easy, organized, and encouraging to achieve your personal goals. Through Wipepp, you will have the support and guidance to go through your journey one step at a time no matter if your goal is to improve your health, increase your productivity, practice self discipline or live a more mindful life.Create and customize habitsIt is great to define and track any habit you wish to do. Activating every day can be a habit or eating in a healthy way, journaling,, digital detox, or study routines. Pick goals that are according to you, set the targets that are clear, and modify the frequency to fit you best.Take the 21 Days ChallengeYou can engage in already existing challenges that are specifically made to provide you with life changing habits only in 21 days. Work on different aspects such as fitness, self care, productivity or personal growth, or make your own challenge that fits with your goals.Don’t Break the ChainStay full of energy and inspired with the “Don’t Break the Chain” approach. Record your activities for each day, and notice how your growing streak becomes a strong motivator to keep on going.Stay on track with remindersOf course, smart reminders and notifications play their role when it come to you not missing any part of your daily habits. Wipepp is there for you during the entire day and thus even when the going gets tough you keep on with your habit.Track your progress with detailed analyticsWipepp supplies straightforward and easy to understand statistics that illustrate your advancement with the passage of time. Keep up with your streaks, completion percentages, and progress graphs to keep your energy level high and acknowledge your victories.Join a supportive communityInterlink with people having similar thoughts and objectives. Talk over the experiences, reveal your successes, and get motivated by others that are also undertaking their 21 days transformation course.Why choose Wipepp?A crisp, user friendly layout that makes habit tracking a breeze.A thoroughly tested approach to habit formation, that puts emphasis on regularity rather than intensity.Frequently renewed content, challenges, and motivational resources, to keep out the monotony of your journey.The only place you need to go for everything related to your personal growth: habit formation, productivity, mindfulness, and goal achievement.Wipepp is not only a habit tracker, it is a self development platform that gives you the power to manage your daily routine and slowly change your lifestyle. Try your 21 days challenge today and see how little daily actions can have an impact on long lasting change.",https://wipepp.com,https://play.google.com/store/apps/details?id=com.bybazsoft.challenge&hl=en&gl=US,https://play-lh.googleusercontent.com/TIjZuV_JWnZZWWUolTx7yMNkSEipnSDkD34Bl-afZ3QugoOEUqlpssLFbVeNMo8L2uE=w240-h480-rw,18.1.1,2020-01-10,2025-09-21,1.0,2025-03-10
play:com.urbandroid.ddc,PlayStore,com.urbandroid.ddc,digital-detox-focus-live_playstore,Digital Detox: Focus & Live,Petr Nálevka (Urbandroid),Kids,1000000,4.6,36500,1.99,99.99,$1.99 - $99.99 per item,"Disconnect from your phone in order to reconnect with yourself, others, and the world. Start your challenge today!Are you always on your phone? Do you live with a constant fear of missing out? Do you panic when you have no signal? It’s time for a detox. You can do this. We’re here to help.Features:⚫ Limited access to your phone during the challenge⚫ Multiple difficulty levels with built-in accountability⚫ Scheduling and whitelisting capabilities⚫ Achievements and leader board at Play GamesWarning: XioaMi phones requires a special permission in order to open whitelisted apps. Please follow our guide here: https://team.urbandroid.org/ddc-fix-whitelisted-apps-on-xiaomi/AutomationTo start detox automatically from Tasker or similar:- broadcast- package: com.urbandroid.ddc- action: com.urbandroid.ddc.START_DETOX- time_extra: number of milliesExample:adb shell am broadcast --el time_extra 60000 -a com.urbandroid.ddc.START_DETOXAccessibility ServiceIn order to effectively block you from using the addictive and distracting apps the ""Digital Detox"" app may ask you to enable its Accessibility Service if you decide to use the cheating protection features. We use this service only to block you from leaving an ongoing Detox without paying an accountability fee or using a quit code (the cheating). We do not use the service to collect any personal information.See how the use of Accessibility Service works in Digital Detox:   https://youtu.be/XuJeqvyEAYwDevice AdminIf granted by the user, ""Digital Detox"" app may use the Device Administrator permission to (and only to) prevent users from cheating - make uninstalling of the app during an active Detox harder.",https://team.urbandroid.org,https://play.google.com/store/apps/details?id=com.urbandroid.ddc&hl=en&gl=US,https://play-lh.googleusercontent.com/IvmBmQC7yacFNstFFdTr-LnfdPYM_i_ZywXxEGJ8x9V5OBIDm8aE_rM8URxbcxgQG2A=w240-h480-rw,Varies with device,2015-11-08,2025-09-16,0.525,2025-03-10
ios:id954029412,AppStore,id954029412,parental-control-app-ourpact_appstore,Parental Control App - OurPact,Eturi Corp.,Lifestyle,0,4.39682,36734,0.0,0.0,Free,"Use OurPact parental control app to:

• View – Capture automated periodic or on-demand views of your children’s online activity, all encrypted for safety
• App Blocker – Block internet, text messages, and apps with a single tap
• App Rules – Block & allow specific apps
• Block/Allow Websites – Prevent access to specific websites, including adult content, for safe internet browsing
• Block Texting – Block access or set rules for texting apps
• New App Alerts – Receive alerts when new apps are installed on your child’s device
• Block Schedules – Automate your family’s daily routine
• App Permissions – Custom rules to exclude specific apps from being blocked by any schedule
• Screen Time Allowance – Set daily screen time limits for your kids
• Geofencing with Places – Create GPS geofences around specific locations and receive real-time alerts when kids leave and arrive at home, school, or any set place
• Family Locator – Locate family members and devices using geolocation and geofences

OurPact allows parents to foster healthy habits and manage their child's screen time using screen time allowance, blocking specific apps, blocking texts, and scheduling daily screen time for a child's daily routine. OurPact is the most comprehensive parental control app and family locator, perfect for families of any size.

Block apps like social media and games and have peace of mind knowing you can see your kid’s location and have insight into their online activity. 

By pairing your family's iPads, iPhones, iPods, or other device platforms with OurPact's parental control app, you have the power to manage your entire family's screen time & device locations from one powerful application.

Recommendations:
• Use OurPact's app blocker and parental control app solution to reinforce agreements and healthy boundaries regarding screen time limits and mobile device use with your child.
• Use OurPact parental control app to block social media or games with a single touch while leaving apps that help your children learn and grow.
• Use OurPact’s View function for spot-check monitoring of your child’s online content.
• Set daily screen time allowance and teach your children how to budget their screen time effectively.
• Set one-time or recurring schedules to manage your child’s screen time even when they are not with you.
• Find your family or locate lost or stolen items using Family Locator.

OurPact offers Premium and Premium+ monthly auto-renewing subscriptions charged to your iTunes account. Try 14 days free! You'll be billed monthly within 24 hours of the end of the current billing period. You may cancel or turn off auto-renewal of your OurPact subscriptions at any time by going to Account Settings. To avoid being billed for an additional period, subscriptions must be canceled at least 24 hours before the end of the current period.

For more information, visit:
ourpact.com/privacy
ourpact.com/terms

If you have any questions or need technical support, do not hesitate to reach us via email: support@ourpact.com",https://ourpact.com,https://apps.apple.com/us/app/parental-control-app-ourpact/id954029412?uo=4,https://is1-ssl.mzstatic.com/image/thumb/Purple211/v4/a8/02/17/a8021757-5ca8-581a-14c8-d1bae204ef50/AppIcon-0-0-1x_U007emarketing-0-7-0-85-220.png/512x512bb.jpg,9.16.0,2015-05-02,2025-04-08,1.0,2025-03-10
play:meditofoundation.medito,PlayStore,meditofoundation.medito,medito-meditation-sleep_playstore,Medito: Meditation & Sleep,"Medito for Mindfulness, Meditation and Sleep",Kids,1000000,4.9,37400,5.99,59.99,$5.99 - $59.99 per item,"Free Meditation & Sleep Made Easy — Always Free.Join 2 million+ people finding calm with Medito, your pocket‑size studio for guided meditation, mindfulness courses, breathing exercises and sleep stories. No ads. No subscriptions. Pure daily calm.Why Medito?• 100 % FREE & non‑profit – built by Medito Foundation to make mindfulness accessible to everyone.• Courses for every goal – quick daily calm, focus boosts, anxiety SOS, mindful walking, loving‑kindness and more.• Sleep stories & sounds – rain, ocean, white noise and narrated tales that turn screens‑off into lights‑out.• Personalised programmes – 7‑day starter, 30‑day challenges and advanced packs for any situation.• Offline mode – download any session and practise anywhere, anytime.• Evidence‑based – a 2024 RCT proved regular Medito use boosts wellbeing (Remskar et al., 2024).• Background audio – keep meditating or listening to sleep sounds with your screen off or while multitaskingMedito Meditation for SleepMedito, guided meditation and mindfulness app, offers everything you need, from rain sounds to white noise, sleep stories to sleep meditations, for a stress & anxiety free sleep for your well being. It also offers bedtime stories for adults.Here’s what Medito offers for sleep:• White noise• Nature sounds: rain sounds, ocean sounds• Sleep stories• Sleep meditations• Bedtime stories for adultsMedito, guided meditation and mindfulness app, aims to increase users’ well being by offering guided meditation and mindfulness courses.How our Mindfulness app works- Pick a mood or goal (Calm, Sleep, Focus, Anxiety relief).- Choose a length – 3 to 30 mins.- Press play, breathe, enjoy.• Track your streaks & get gentle reminders• Meditation packs for Students, Sleep, Anxiety, Stress, Well being and more• Dark‑mode friendly designInstall Medito now – unlimited free meditations in under a minute.Contacthello@meditofoundation.orgTwitter / Instagram @meditoappLearn more at meditofoundation.org",http://meditofoundation.org,https://play.google.com/store/apps/details?id=meditofoundation.medito&hl=en&gl=US,https://play-lh.googleusercontent.com/LhGw9GyCVeJrB_DJtQlO-h1hD0iV_gzbYav0E0dkiSP323TpdZjRWiLVf-_fXMD9tCsC=w240-h480-rw,3.5.1,2020-04-14,2025-05-09,0.4,2025-03-10
ios:id1504538204,AppStore,id1504538204,innernow-meditation-joy_appstore,InnerNow: Meditation & Joy,Chopra Enterprises Corporation,Health & Fitness,0,4.86805,39371,0.0,0.0,Free,"Sleep better, relieve stress, and find purpose with InnerNow - your total guide to well-being. Take the next step on your journey with proven practices for integrated and holistic self-care.
For 20 years, we've been empowering millions of people to balance their bodies, revive their minds, and activate their spirits.
Now, for the first time, you can easily access our expert knowledge in one easy to use app. Whether you’re new to meditation and mindfulness, or you're an advanced practitioner, find your peace on a path that suits you.
Relax with our best meditations, self-care tools, tips, and practices for your well-being based on our unique wisdom and scientific research. With an extensive library of knowledge for your mind, body, and spirit, plus new meditations featured daily, InnerNow is specially designed to help you discover your best you.
Transform your health & well-being by:
* Learning how to meditate
* Finding immediate relief from daily stressors
* Discovering your unique you - mind, body & spirit
* Going deeper on your journey to self-discovery, purpose, and joy
Uncover a range of popular topics including:
* Better Sleep
* Stress & Anxiety Relief
* Peace & Calm
* Confidence, Purpose & Success
* Health, Weight & Increased Energy
* Relationships & Connection
* Creativity & Consciousness
* Personal & Spiritual Growth
InnerNow's complete guide to mind, body and spirit comes with:
* Over 500 meditations and practices representing our best tools
* A variety of well-being experts to guide your experience such as Dr. Deepak Chopra
* 5, 10, 20 and 30-minute sessions to suit your needs wherever you are
* Our most popular well-being challenges including our 21-Day and Journey to Well-being programs
* A quiz to discover your unique mind-body type and receive personalized content designed for you
* Daily recommended sessions to build your practice
* Monthly new programs and collections
* Personalized tracking to help you stay motivated and see your progress
We believe everyone is entitled to a healthy and joyful life. Download InnerNow and enhance your journey to integrated well-being.
Access your guide to well-being for free, with a selection of our signature programs, or unlock the full range of InnerNow content for $69.99 annually with a 7-day free trial, that’s just $0.19 a day.
InnerNow saves your meditation sessions to your Apple Health app.
Read the terms and conditions here:
https://innernow.com/policies/terms-of-service
Read the privacy policy here:
https://innernow.com/policies/privacy-policy",https://innernow.com,https://apps.apple.com/us/app/innernow-meditation-joy/id1504538204?uo=4,https://is1-ssl.mzstatic.com/image/thumb/Purple221/v4/d9/9a/6a/d99a6a6f-b285-395c-e9d7-a9a8e19707e2/AppIcon-0-0-1x_U007epad-0-1-85-220.png/512x512bb.jpg,3.0.3,2020-08-31,2025-08-25,0.1,2025-03-10
play:org.wakingup.android,PlayStore,org.wakingup.android,waking-up-meditation-wisdom_playstore,Waking Up: Meditation & Wisdom,Waking Up LLC,Kids,1000000,4.7,41300,7.99,209.99,$7.99 - $209.99 per item,"Recognized as a 2025 Pick by NYT WirecutterThousands worldwide call Waking Up life-changing. Whether you want better sleep, more clarity, or deeper meditation, Waking Up is your complete guide.What’s Inside- Introductory Course—28-day program that has transformed thousands- Daily Meditation with Sam Harris- Moments—short reflections when you need them most- Daily Quote—a spark of insight each day- Reflections—lessons that shift perspective- Sleep—talks and meditations to help you rest- Meditation Timer—customize your own sessions- A vast library of meditations, theory sessions, life courses, conversations, and Q&As- Community—connect with members to discuss meditation, philosophy, psychedelics, and moreWhy Waking Up Stands OutUnlike conventional meditation apps, Waking Up blends practice with theory—so you not only learn to meditate but also understand how it transforms your mind. It’s meditation, science, and timeless wisdom in one place.Topics & TechniquesOur library combines contemplative traditions with modern science, offering tools for both practice and understanding. Techniques include mindfulness (Vipassana), Loving-Kindness, body scans, Yoga Nidra, and nondual awareness practices from Dzogchen, Zen, and Advaita Vedanta. Topics span neuroscience, psychology, Stoicism, ethics, psychedelics, productivity, and happiness.Content & TeachersCreated by neuroscientist and best-selling author Sam Harris, Waking Up features leading voices in meditation, philosophy, and psychology:- Practice—Vipassana, Zen, Dzogchen, Advaita Vedanta (Joseph Goldstein, Diana Winston, Adyashanti, Henry Shukman, Richard Lang)- Theory—Philosophy and science of consciousness, ethics, and well-being (Alan Watts, Charlotte Joko Beck, Joan Tollifson, James Low, Douglas Harding)- Life—Mindfulness in relationships, productivity, Stoicism, and more (David Whyte, Oliver Burkeman, Matthew Walker, Amanda Knox, Donald Robertson, Bob Waldinger)- Conversations—Sam Harris with Yuval Noah Harari, Michael Pollan, Morgan Housel, Roland Griffiths, Cal Newport, Shinzen Young, and more- Q&As—Sam Harris with Joseph Goldstein, Adyashanti, Henry Shukman, Jack Kornfield, Loch KellyCreated by Sam HarrisNeuroscientist and best-selling author Sam Harris built Waking Up as the resource he wished he’d had when he began meditating 30 years ago. Every practice, course, and teacher is chosen for its power to change lives.Testimonials“Waking Up has led to my most consistent meditation practice. Family and staff also use it because it’s such a powerful tool.” —Andrew Huberman, neuroscientist“Waking Up is a critical part of my daily practice. It’s my go-to for presence, peace, and well-being.” —Rich Roll, athlete & author“Waking Up is the most important meditation guide I’ve ever used.” —Peter Attia, MD“If you’ve had trouble getting into meditation, this app is your answer!” —Susan Cain, best-selling authorFree for Anyone Who Can’t Afford ItWe never want money to be the reason someone can’t benefit.Subscriptions renew unless auto-renew is disabled 24 hours before the current period ends. Manage in Apple account settings. Payment charged to your Apple account.Terms: https://wakingup.com/terms-of-service/Privacy: https://wakingup.com/privacy-policy/Satisfaction guarantee: Email support@wakingup.com for a full refund.",https://wakingup.com,https://play.google.com/store/apps/details?id=org.wakingup.android&hl=en&gl=US,https://play-lh.googleusercontent.com/J0oxp8IHHS2tsPzwdCJWDIoI2EgiNh_YKjm1-O9Gb5q0N3avXr8r6MBKg851l3l6oUgZ=w240-h480-rw,3.15.0,2018-10-28,2025-09-29,0.525,2025-03-10
ios:id1307736395,AppStore,id1307736395,waking-up-meditation-wisdom_appstore,Waking Up: Meditation & Wisdom,"Waking Up Course, LLC",Health & Fitness,0,4.9229,41697,0.0,0.0,Free,"Recognized as a 2025 Pick by NYT Wirecutter
Thousands worldwide call Waking Up life-changing. Whether you want better sleep, more clarity, or deeper meditation, Waking Up is your complete guide.

What’s Inside
- Introductory Course—28-day program that has transformed thousands
- Daily Meditation with Sam Harris
- Moments—short reflections when you need them most
- Daily Quote—a spark of insight each day
- Reflections—lessons that shift perspective
- Sleep—talks and meditations to help you rest
- Meditation Timer—customize your own sessions
- A vast library of meditations, theory sessions, life courses, conversations, and Q&As
- Community—connect with members to discuss meditation, philosophy, psychedelics, and more

Why Waking Up Stands Out
Unlike conventional meditation apps, Waking Up blends practice with theory—so you not only learn to meditate but also understand how it transforms your mind. It’s meditation, science, and timeless wisdom in one place.

Topics & Techniques
Our library combines contemplative traditions with modern science, offering tools for both practice and understanding. Techniques include mindfulness (Vipassana), Loving-Kindness, body scans, Yoga Nidra, and nondual awareness practices from Dzogchen, Zen, and Advaita Vedanta. Topics span neuroscience, psychology, Stoicism, ethics, psychedelics, productivity, and happiness.

Content & Teachers
Created by neuroscientist and best-selling author Sam Harris, Waking Up features leading voices in meditation, philosophy, and psychology:
- Practice—Vipassana, Zen, Dzogchen, Advaita Vedanta (Joseph Goldstein, Diana Winston, Adyashanti, Henry Shukman, Richard Lang)
- Theory—Philosophy and science of consciousness, ethics, and well-being (Alan Watts, Charlotte Joko Beck, Joan Tollifson, James Low, Douglas Harding)
- Life—Mindfulness in relationships, productivity, Stoicism, and more (David Whyte, Oliver Burkeman, Matthew Walker, Amanda Knox, Donald Robertson, Bob Waldinger)
- Conversations—Sam Harris with Yuval Noah Harari, Michael Pollan, Morgan Housel, Roland Griffiths, Cal Newport, Shinzen Young, and more
- Q&As—Sam Harris with Joseph Goldstein, Adyashanti, Henry Shukman, Jack Kornfield, Loch Kelly

Created by Sam Harris
Neuroscientist and best-selling author Sam Harris built Waking Up as the resource he wished he’d had when he began meditating 30 years ago. Every practice, course, and teacher is chosen for its power to change lives.

Testimonials
“Waking Up has led to my most consistent meditation practice. Family and staff also use it because it’s such a powerful tool.” —Andrew Huberman, neuroscientist
“Waking Up is a critical part of my daily practice. It’s my go-to for presence, peace, and well-being.” —Rich Roll, athlete & author
“Waking Up is the most important meditation guide I’ve ever used.” —Peter Attia, MD
“If you’ve had trouble getting into meditation, this app is your answer!” —Susan Cain, best-selling author

Free for Anyone Who Can’t Afford It
We never want money to be the reason someone can’t benefit.

Subscriptions renew unless auto-renew is disabled 24 hours before the current period ends. Manage in Apple account settings. Payment charged to your Apple account.

Terms: https://wakingup.com/terms-of-service/

Privacy: https://wakingup.com/privacy-policy/

Satisfaction guarantee: Email support@wakingup.com for a full refund.",https://wakingup.com/,https://apps.apple.com/us/app/waking-up-meditation-wisdom/id1307736395?uo=4,https://is1-ssl.mzstatic.com/image/thumb/Purple211/v4/5b/f8/e1/5bf8e1a7-d27f-2548-ed51-e200616c1dd3/AppIcon-0-0-1x_U007epad-0-1-0-85-220.png/512x512bb.jpg,3.15,2018-09-21,2025-01-10,0.475,2025-03-10
ios:id1458862350,AppStore,id1458862350,hevy-workout-tracker-gym-log_appstore,Hevy - Workout Tracker Gym Log,Hevy Studios S.L.,Health & Fitness,0,4.92285,43783,0.0,0.0,Free,"** Featured by Apple ** Join +8 million users!
Hevy is the most intuitive workout tracker & planner in the world. No ads and free. Plan your weight lifting routines, log your workouts and track your exercise progress. Join a growing community and get started today - for free!

WHAT USERS ARE SAYING
•  ""Seriously the best workout tracker I've ever used. Simple. Free. Tons of graphs. Amazing quality videos"" - Sam Ilelaboye
•  ""Seeing what my friends and other athletes are working out at the gym has totally changed my experience. Now I can copy my friend's workouts and compare myself. It's super motivating"" - Jaume
•  ""Tracking my workouts with Hevy has taken my training to the next level, I'm getting stronger every week. Being able to plan my routines really helps me being efficient at the gym."" - Carlos D.

FEATURES
•  Track your lifts with an intuitive, simple to use interface.
•  Use the calendar to stay on top of your training schedule
•  Hundreds of exercises with free high-quality videos for you to focus on your form
•  Follow your friend's progress by following their lifts and copying their routines
•  Create your own custom exercises for your workouts
•  Set up your profile as a private profile or a public one
•  Mark sets as Warmup, Normal, Drop sets, Failure and Supersets
•  Customize automatic rest timers for each exercise
•  Analyze your workout sessions in detail with muscle group graphs
•  Calculation of One Rep Max for all strength exercises
•  Create an unlimited amount of routines
•  Analyze the progression of your lifts with beautiful full-screen graphs of volume, best weight & total reps
•  Copy your friends' workouts
•  Dark Mode
•  Hevy uses HealthKit and CareKit to export your Hevy workouts into the Health app, this feature can be turned on in the settings.

APPLE WATCH
•  Live sync your Apple Watch workout with your phone
•  Use your Hevy routines on your Apple Watch
•  Easily track your weight lifting sets
•  Use Hevy Apple Watch Complications on your Watch Face
•  Keep track of your heart rate during your workout
•  Helpful timers for duration exercises
•  Mark sets as Warmup, Normal, Drop sets, or Failure
•  Watch workouts automatically save when reconnecting to iPhone

iOS FEATURES
•  Use the latest iOS technology
•  Live activity on your lock screen
•  Dynamic island to never lose track of your workout
•  Widgets for quick access
•  Fully featured iPad app
•  iMessage stickers to lift Hevy

DETAILS
•  https://www.hevyapp.com
•  https://www.instagram.com/hevyapp
•  https://www.facebook.com/hevyapp
•  https://www.twitter.com/hevyapp
•  hello@hevyapp.com

HEVY PRO
•  Create unlimited routines
•  Get unlimited access to graph history
•  Create unlimited custom exercises
•  Track advanced measurements

The Hevy Pro subscription automatically renews if you do not cancel it at least 24 hours before the end of the current subscription period. Your account will be charged for the next subscription period up to 24 hours prior to the current subscription’s expiration. You can manage your subscription and disable automatic renewal at any time by adjusting your Apple account settings. You have the right to withdraw from your initial subscription within 14 days of starting it. By purchasing, you accept our Terms of Use and Privacy Policy.

Terms & Conditions
https://www.hevyapp.com/app-terms-conditions/

Download Hevy and take your training to the next level!",https://www.hevyapp.com,https://apps.apple.com/us/app/hevy-workout-tracker-gym-log/id1458862350?uo=4,https://is1-ssl.mzstatic.com/image/thumb/Purple221/v4/89/9e/87/899e87cd-884e-df52-b40f-aef4513bbd0b/AppIcon-0-0-1x_U007emarketing-0-7-0-sRGB-85-220.png/512x512bb.jpg,2.4.8,2019-01-07,2025-09-29,0.475,2025-03-10
play:com.simplehabit.simplehabitapp,PlayStore,com.simplehabit.simplehabitapp,simple-habit-meditation_playstore,Simple Habit: Meditation,"Ingenio, LLC",Kids,1000000,4.6,45200,4.99,131.99,$4.99 - $131.99 per item,"Simple Habit is a wellness & sleep app recommended by psychologists, therapists and mental health experts. Try Simple Habit for free today and join over 5 million people on this life-changing journey. Sleep better and be happier in your life, marriage, parenthood, work, and health.Our wellness & sleep therapy sessions offer guided mindfulness & meditation, daily motivation, guided sleep sessions and coaching by world-renowned experts, personalized for the way you live your life. We’ll help you feel less stressed, get better sleep and be your best self whether you have 5 minutes in the morning, 20 minutes during your commute or need to fall asleep quickly. Start your Simple Habit for free today and live better every day.----FEATURED ON* 2018 Google Play Awards Standout Well-Being App Winner* 2018 Google Material Design Awards Winner* 2017 Google Play's Best Apps Winner* Shark Tank Season Premiere 2017WHY SIMPLE HABIT?MINDFULNESS AND MEDITATION• Just 5-minutes of mindfulness and meditation per day can improve your life through stress relief and improved sleep• New meditation guided by the world’s best experts, from mindfulness experts at Google to former monks• Track your progress and stay motivated with Mindful Minutes• Access meditations offline with Premium subscription so you can meditate at any timeWELLNESS FOR YOUR BUSY LIFESTYLE• Perfect for busy lifestyles— listen when you wake up, while driving or go to sleep• Sessions designed for life’s daily problems• Use Simple Habit's On-the-Go feature to quickly calm your anxiety to achieve a sense of mindfulnessHEALTH AND RELAXATION• Sleep better• Relieve stress• Manage anxiety and depression• And moreFIND MOTIVATION• Coaching content• Motivational talks• Streak tracking and mindful minutes to track your progressBENEFITS OF USING SIMPLE HABIT• Build a meditation habit• Get a better night’s sleep• Motivation in your pocket• Improve focus• Reduce stress and anxiety• Stay calm and relaxed• Increased self-awareness• Be an effective leader• Breathe deeper and easier• Increased sense of perspective• Achieve mindfulness on the go• Calm down and relax at the end of a long day• Tackle different life challenges in a calm, focused manner• Improve relationships• Be happier, more relaxed, and calmGET UNLIMITED ACCESS WITH PREMIUMSimple Habit offers two auto-renewing subscription options to help you achieve mindfulness and breathe easier. Your subscription will automatically renew at the end of each term and your credit card will be charged through your Play Store account. You can turn off auto-renew at any time from your Play Store account settings, but refunds will not be provided for any unused portion of the term. Any unused portion of a free trial period will be forfeited when a subscription is purchased. These prices are for United States customers. Pricing in other countries may vary and actual charges may be converted to your local currency depending on the country of residence.CONNECT WITH SIMPLE HABITFacebook - https://www.facebook.com/simplehabitapp/Instagram - https://www.instagram.com/simplehabitapp/Twitter - https://twitter.com/simplehabitappHave questions or feedback? Reach out to us at feedback@simplehabit.com.Thanks for using Simple Habit :)Privacy Policy - https://www.simplehabit.com/privacyTerms and Conditions - https://www.simplehabit.com/tos",https://www.simplehabit.com,https://play.google.com/store/apps/details?id=com.simplehabit.simplehabitapp&hl=en&gl=US,https://play-lh.googleusercontent.com/RANHZnUT7KSTfyd8LxLjXB3uDtdqnPUPisjDpejCatYbEBVimQHhfxQWUdCr_cxHomo=w240-h480-rw,6.0.12,2016-07-11,2024-03-12,1.0,2025-03-10
play:com.screentime.rc,PlayStore,com.screentime.rc,screen-time-parental-control_playstore,Screen Time - Parental Control,Parental Control App by Screen Time Labs,Kids,1000000,3.1,49400,1.52,49.99,$1.52 - $49.99 per item,"Manage your children’s screen time and app usage on both Android and iOS mobile devices with amazing Parental Control App. Set time limits, use content blocker and location tracker, and more.  Kids who have a smartphone spend an average of 7.5 hours on their devices per day. Screen Time was developed to help parents get their children to put the phones down and engage in outdoor activities, family chats at the dinner table, concentrate on their homework, and get a good night’s sleep.Screen Time provides parents with information about their children's’ smartphone and tablet usage. With our screen time tracker, you are able to:▪ Monitor your kids’ screen time▪ See which apps are being used and for how long▪ See what websites they have visited▪ Monitor which social media platforms are used and for how long▪ See which YouTube videos they have watched▪ Receive a notification when your kids try to install a new app▪ Receive a daily summary of your kids app and web usageIf you decide you need to proactively manage your children's’ screen time on their Android or Amazon devices, the Premium version of our app gives parents greater control over their kids’ devices. With Premium, you can:▪ Set a specific daily time limit for your kids’ screen time▪ Set schedules of when they can and can’t use their device▪ Instantly pause your kids’ devices at the push of a button▪ Block app activity during bedtime▪ Block certain apps from being accessed at all▪ View your children’s web history and search history▪ Block websites from being accessed▪ See exactly where your children are with GPS phone location tracking▪ Get an alert when your child arrives or leaves a specific location▪ Receive a daily email summary of your kids app and web usage▪ Set tasks and chores for your kids to complete, allowing them to earn additional screen time when they’re done▪ Use Free Play mode to temporarily override settings, like during long trips▪ Share app management with other adults in your kids’ lives▪ Have up to 5 devices per account, so you can track multiple kids and devicesAll new users will get a 7 day free trial of the Premium version of Screen Time. No credit card information is needed for this free trial, and you will not be automatically charged unless you decide to sign up for a membership.See our Premium pricing here https://screentimelabs.com/pricingFeedbackIf you have any problems please take a look at our help pages, or contact us via the contact page of our website.Screen Time Parental Control App Help: https://screentimelabs.com/helpScreen Time Parental Control App Contact: https://screentimelabs.com/contactReady to take control of your kid’s screen time? Download our child lock and location tracker app now.",https://screentimelabs.com,https://play.google.com/store/apps/details?id=com.screentime.rc&hl=en&gl=US,https://play-lh.googleusercontent.com/RudUM1P-WeYwzILEKkLqFTh-awT1zSlPg0d46YOC-80DFn5bkGVhjYqEyO-1wNvhAq5h=w240-h480-rw,3.11.71,2013-07-30,2024-06-09,1.0,2025-03-10
ios:id1279716547,AppStore,id1279716547,timer-plus-workouts-timer_appstore,Timer Plus - Workouts Timer,VGFIT LLC,Health & Fitness,0,4.83922,49457,0.0,35.99,Free,"Interval Training Timer perfect for HIIT Circuit and Tabata Workouts

Timer Plus is an easy to use special app for high intensity interval Training.

-Ability to display the number and duration of rounds and cycles.
-Interval Stopwatch
-Timer works in background mode
-Informative screen flash
-Create an infinite number of timers, save them in the history of workouts.
-Voice guidance

Use our Timer Plus app while training at home, at the gym, boxing, MMA, Bodyweight exercises or other fitness activities.

 Timer Plus comes also with an Apple Watch app that allows you to use your saved custom workouts from the iPhone on your Apple Watch.

This app uses Apple Health Kit in order to run the Apple Watch app in the background.",http://vgfit.com,https://apps.apple.com/us/app/timer-plus-workouts-timer/id1279716547?uo=4,https://is1-ssl.mzstatic.com/image/thumb/Purple122/v4/1f/c3/ae/1fc3aec9-c003-7bb1-80d6-8efd3eaa9ffe/AppIcon-0-0-1x_U007emarketing-0-7-0-85-220.png/512x512bb.jpg,1.4.7,2017-02-10,2024-02-16,1.0,2025-03-10
play:com.claudivan.agendadoestudanteplus,PlayStore,com.claudivan.agendadoestudanteplus,student-calendar-timetable_playstore,Student Calendar - Timetable,Apps CC,Kids,1000000,4.7,53500,2.79,2.79,$2.79 per item,"The Student Calendar was made to help students get organized and have, consequently, better performance in studies.The objective of using this app is to perform tasks within the combined deadlines, divide better the time between academic and personal life, conduct the day-to-day with more calmness and less stress.On Student Calendar, important information about tests, homeworks, appointments and timetable will always be available on your smartphone to checks and new schedulings, wherever you are. There are also the reminders (with alarms and notifications), that will help you don't forget important activities.Student Calendar lists the events as a To Do List or Check List where you should mark the events as completed so that they are no longer highlighted. In addition, it groups by past and future events, and it is possible to see when some activity is late.These features are adequate for school, for college, for your day-to-day... The goal is to make student life more organized, managing appointments that can't be forgotten.The app was developed to be simple and easy to use. To start, you can simply add your subjects, your timetable and your tasks.Main features:• Simple and easy to use;• Timetable;• Scheduling of events (exams, homeworks/tasks, and returning books to the library and other);• Add alarms and notifications (reminders) for events;• Check events as ""completed"";• Events ordered by day, week and month;• Timetable of the week;• Calendar;• Management of marks;• Timetable and events widgets.",https://apps-cc-mobile.web.app,https://play.google.com/store/apps/details?id=com.claudivan.agendadoestudanteplus&hl=en&gl=US,https://play-lh.googleusercontent.com/M4XPo85JGJqrkCyT4kAnW52lTtUi7rhrPQeeSnMXlBKCxp5zOGR3uj9vDXckj7zk7uc=w240-h480-rw,2.3.8,2019-07-12,2025-09-29,0.15,2025-03-10
ios:id1248966041,AppStore,id1248966041,smartwod-timer-wod-clock_appstore,SmartWOD Timer - WOD Clock,SmartWOD GmbH,Health & Fitness,0,4.93954,54055,0.0,0.0,Free,"SmartWOD Timer is a simple yet powerful timer for all popular functional fitness workouts: AMRAP, EMOM, For Time, Tabata, and custom intervals.

Just select your workout type, set the time, and go!

**Key Features:**
• Clean and intuitive design 
• Timers for AMRAP, EMOM, For Time, and Tabata  
• Customizable MIX timer for personalized workout flows
• Motivational sound and voice cues
• Mid-workout reminders to keep you on track
• Round counter to track your sets 
• Landscape mode with large, clear numbers
• Runs in the background
• Works great with Apple Watch

Whether you're training at the gym, at home, or preparing for events like HYROX or The Open – SmartWOD Timer keeps you on track. 

Train smart. Train strong. With SmartWOD.


SUBSCRIPTION PRICING AND TERMS

SmartWOD offers two auto-renewing subscription options:
$1.99 per month
$12.49 per year

These prices are for United States customers. Pricing in other countries may vary and actual charges may be converted to your local currency depending on the country of residence.

Your SmartWOD Timer subscription payment will be charged to your Apple ID account at the confirmation of purchase. The subscription automatically renews unless it is canceled at least 24 hours before the end of the current period. Your account will be charged for renewal within 24 hours prior to the end of the current period. You can manage and cancel your subscriptions by going to your App Store account settings after purchase.


SmartWOD Timer also offers a Lifetime subscription which is paid for by a one-off upfront payment of $35.99 with unlimited access to the SmartWOD Timer features forever.


Read more about our privacy policy and terms and conditions here -
https://smartwod.app/terms/timer
https://smartwod.app/en/privacy",https://smartwod.app,https://apps.apple.com/us/app/smartwod-timer-wod-clock/id1248966041?uo=4,https://is1-ssl.mzstatic.com/image/thumb/Purple221/v4/ad/ca/29/adca292c-8277-a0c1-6c27-daafbb36172f/AppIcon-0-0-1x_U007epad-0-11-0-85-220.jpeg/512x512bb.jpg,1.43.7,2017-06-22,2025-08-09,1.0,2025-03-10
ios:id1194023242,AppStore,id1194023242,daylio-journal-daily-diary_appstore,Daylio Journal - Daily Diary,Relaxio s.r.o.,Lifestyle,0,4.7731,55452,0.0,0.0,Free,"Self-Care Bullet Journal with Goals - Mood Diary & Happiness Tracker

Daylio enables you to keep a private journal without having to type a single line. Try this beautifully designed & stunningly simple micro-diary app right now for FREE!


** WHAT IS DAYLIO **

Daylio is a very versatile app, and you can turn it in whatever you need to track. Your fitness goal pal. Your mental health coach. Your food log. Your gratitude diary. Mood tracker. Exercise, meditate, eat, and be grateful. Take care of your mental, emotional, and physical health. Good self-care is a key to improved mood and reduced anxiety.

This is the time for your wellbeing, self-improvement, and self-care. Use Daylio as your daily bullet journal. We build it on three principles:

1.) Reach happiness and self-improvement by being mindful of your days.
2.) Validate your hunches. How does your new hobby influence your life?
3.) Form a new habit in an obstacle-free environment—no learning curve. Daylio is super simple to use, create your first entry in two steps.

For anxiety and stress relief, make sure to include activities that help you to cope with negativity. Everybody can use a mood boost! You can measure their impact on your mood in stats. 


** HOW DOES IT WORK **

Pick your mood and add activities you have been doing during the day. You can also add notes and keep an old school diary. Daylio is collecting recorded moods and activities in the statistics and calendar. This format will help you to understand your habits better. Keep track of your activities and create patterns to become more productive!

You can review all entries in the statistics on charts or the calendar and share them with your friends.

To make it even better, Daylio allows you:
- Make reflection a daily habit
- Discover what makes you happy
- Use a big database of beautiful icons for your personalized activities 
- Mix and match your own moods using funny emojis
- Explore exciting statistics about your life on weekly, monthly or yearly charts
- Deep dive into advanced statistics for every mood, activity or group
- Customize color themes
- Enjoy nights with dark mode
- See your whole year in 'Year in Pixels'
- Create daily, weekly or monthly goals and motivate yourself
- Build habits and collect achievements
- Share statistics with your friends
- Safely back up and restore your entries via your private Google Drive
- Set reminders and never forget to create a memory
- Turn on PIN lock and keep your diary safe
- Export PDF and CSV documents to share or print your entries


** PRIVACY AND SECURITY **

We are a top private journal since we do not store or collect your data.

At Daylio, we believe in transparency and honesty. Your data is stored locally on your phone. You can optionally schedule backups to your private cloud storage or take your backup file with you anywhere. Data are entirely under your control at all times.

Data stored in the app's private directories are not accessible by any other apps or processes. Your backups are transferred to the iCloud Drive via the secure (encrypted) channels.

Journaling has never been easier!

---
Read our full Terms of Use and our Privacy Policy:

Terms of Use:
http://terms.daylio.net

Privacy Policy:
http://privacy.daylio.net",https://daylio.net,https://apps.apple.com/us/app/daylio-journal-daily-diary/id1194023242?uo=4,https://is1-ssl.mzstatic.com/image/thumb/Purple221/v4/e7/b4/4b/e7b44b10-b0e5-03ba-626b-5b974e4a4ff5/AppIcon-mint-new-0-0-1x_U007epad-0-1-0-85-220.png/512x512bb.jpg,1.68.2,2017-01-25,2025-09-29,0.35,2025-03-10
play:app.voicestories.android,PlayStore,app.voicestories.android,voice-mental-health-guide_playstore,Voice: Mental Health Guide,Goodvyzn,Kids,1000000,4.7,56200,1.99,49.99,$1.99 - $49.99 per item,"The Hero's Journey program will help you become more emotionally stable, conquer the challenges in your life, and achieve your goals! Unlike meditation, it's fun, easy, and brings fast results. Try it out, and see the effects in as little as 8 minutes!VOICE WILL HELP YOU- deal with anxiety and stress less- complete everyday tasks easier- get your sleep patterns back on track, sleep better and more deep- build confidence and self-esteem- deal with mood disorders and even mild depression- recover from caregiver burnout and emotional exhaustion- get unique motivational quotes and wallpapers- build personal development plan and enjoy life moreMental health, just like physical health, is an essential part of a happy life. Voice can be your mental guide, a source of motivation, and an aid in making important life decisions.You no longer have to struggle to focus when meditating. Let yourself go and allow your imagination to run wild! You'll get all the effects of meditation without actually having to meditate.EASIER THAN MEDITATION. FASTER RESULTS- Your past experiences don't matter. Even if you're brand new to this, you'll still see progress in just 8 minutes.- You don't need to focus hard on your breathing or be in a certain pose. All you need is to sit down, close your eyes, plug in your earphones, and start listening. We'll take care of the rest.HYPNOTELLING: OUR SECRET WEAPONWe like to believe we make all our decisions rationally, but that's not exactly true. Most of the time, we're driven by emotions we don't fully understand or can't entirely control.Luckily, your subconscious mind can give you all the things you need. You just need to speak its language - images, sensations etc.Your subconscious mind is like a monkey: it doesn't understand words, but it understands visual information, and remembers emotions. Once you understand this, you can tune it to your liking. Voice allows you to connect to your subconscious mind. It teaches, it heals, it helps to calm down and regain your strength.For example, it won't only help you deal with anxiety, sleep problems, or burnout, but will also help get to the root of your problems and the reason behind their symptoms, so you can feel calm, inspired, and motivated again.You become the main character of an exciting adventure story. It's sort of like embarking on a psychological quest in a dreamlike state. You move through a story, face challenges along the way, and learn how to tackle them.Unlike meditation, our stories help keep your brain alert and conscious. It enters a trance-like state where it absorbs information more effectively, giving you faster results. The closest thing it can be compared to is affirmations. You'll notice relaxation and motivation as quick as 8 minutes story.BASED ON RESEARCH-BACKED TECHNIQUESHypnotelling is based on a method that has been used for athlete training, supportive therapy, psychotherapy, and for scientific research.HYPNOTELLING EFFECTIVELY HELPS- lower anxiety and stress levels- get you to sleep faster without meditation, and improve your sleeping habits- boost your energy- increase self-motivation- improve mental healthMeditation help you develop mindfulness, but it's a slow and difficult process that can be hard to navigate on your own. Voice is like meditation 2.0: it not only allows you to expand your consciousness, but also helps you apply this experience and take action today, tomorrow, and forever. And the best thing is, you'll acquire beneficial mental skills that will stay with you for the rest of your life!EMBARK ON YOUR ADVENTURE WITH VOICE TODAYSend your suggestions and questions to help@voice-stories.appUser terms and conditions: https://voice-stories.app/#popup-terms",https://voice-journey.app,https://play.google.com/store/apps/details?id=app.voicestories.android&hl=en&gl=US,https://play-lh.googleusercontent.com/av6nj_oyNGELhSWdvU9Krl6y7qAy4kwDUlcqJCyA7LYm7ZADPKs2y4gX9TQK4AU05A=w240-h480-rw,4.0.62,2021-10-26,2025-01-10,0.275,2025-03-10
play:com.meditation.elevenminute,PlayStore,com.meditation.elevenminute,let-s-meditate-relax-sleep_playstore,Let's Meditate: Relax & Sleep,Let's Meditate Team,Kids,1000000,4.7,68100,2.49,99.99,$2.49 - $99.99 per item,"Simple design. Easy to use.A very straightforward approach to guided meditation; no clutter, no distraction. Just choose a track and hit play. It’s as simple as it can get.Variety of content.A curated list of guided meditation tracks catering to a wide variety of topics to suit your situation; including anxiety, body scan, healing, sleep and many more.Short as well as long meditation tracks.Take a quick break from your routine with meditation tracks as short as 5 minutes; or recharge yourself thoroughly with meditation tracks lasting over 40 minutes.Selective downloading. With offline support.Save your phone's storage space by downloading only the meditation tracks that you would listen to. Once downloaded, listen to them even when you are offline.No ads. No sign ups.Ads and sign-ups do the opposite of relaxing and calming the users; and that is not what we want you to experience. A clean interface to help us keep the experience soothing for you.",https://twitter.com/LetsMeditateApp,https://play.google.com/store/apps/details?id=com.meditation.elevenminute&hl=en&gl=US,https://play-lh.googleusercontent.com/sLqVRnCibDIruDS3EZVfrQlf7Ip4HFBEUb8lzgc9ZyLk14iwsNwy11tv_hFC-D0t=w240-h480-rw,2.7.1,2015-11-27,2024-02-21,0.275,2025-03-10
play:com.mindefy.phoneaddiction.mobilepe,PlayStore,com.mindefy.phoneaddiction.mobilepe,yourhour-screentime-app_playstore,YourHour - ScreenTime App,Mindefy Labs,Kids,1000000,4.3,76700,1.99,3.99,$1.99 - $3.99 per item,"✔️  Trusted Globally By Over 4+ Million Users for Curing their Phone Addiction.✔️  Best Tailored & Curated Solution to Awaken Self-Realization Against Excessive phone Usage and also to Experience features like App Block, App Lock.✔️  Available in 22 Global Languages including English, German, Spanish, French etc.✔️  Get Personalized Challenge Recommendations to Break the Habit Loop & Control Screentime.✔️  Highly Rated By Over 75K+ Users to Help Control Screen Time & achieve Digital WellbeingAre you struggling with screen time addiction? Feeling overwhelmed by constant notifications and the endless scroll? YourHour is here to empower you with the tools you need to take control of your digital life.Trusted by over 4 million+ users worldwide, YourHour is the comprehensive solution to curb excessive phone usage. With its user-friendly interface and personalized features, you'll gain insights into your screen time habits and break the cycle of addiction.We have got a Smart Digital Solution to achieve digital wellness.Our app gives a variety of fun, user-friendly and personalized features that can help to track & control usage. Key features of YourHour:  💙  Dashboard: Gateway to Complete Day!  Dashboard provides all essential information at one place. It keeps a track on ""Usage Time"" & “Unlock Count"" & thereby, gives a comparative info-graphic view of today’s and past 7 days activity.💙  Goal Spots: Know Level of Addiction! By analyzing data of past 7 days, we define Category of Phone Addict that user currently belong to from this listed six categories vis-a-vis Addicted, Obsessed, Dependent, Habitual, Achiever and Champion.💙 ""Clock Timer"": See Days slip by! ""Floating Timer"" is one of unique feature to show realtime statistics. It appears on all apps so that users can see for themselves their time slipping by. It can easily be dragged & dropped anywhere on screen. And it would even change color from Green to Amber to Red, highlighting that preset limit has reached.We don't block notifications or calls because we want users to be the best judge of their time.💙 Tap That App!This section shows comprehensive insights in a progress bar about how much individual apps has been used out of set limit. There are numerous setting that can be customized here as per own preference.💙 Phone’s Daily Routine! Timeline is a sequential diary of *What's Been Cooking* around whole day, it goes on recording every minute details. In short, it is *WHAT, WHEN and HOW MUCH* of all used apps.💙 Multiple Detailed Reports!Insightful Daily, Weekly and Monthly report with great analytics. Daily consolidated report gets delivered to you everyday through a notification. For Premium members, there is also an option to export PDF format of weekly and monthly reports.💙 Export data to XLSX format! We does not store any personal data, as everything is stored in local storage. Entire data can be exported in an excel-sheet since installation date for data analysis or statistics purpose. Benefits:💙 Reduce screen time and improve productivity💙Enhance focus and concentration💙Improve sleep quality and overall well-being💙 Foster self-awareness and digital mindfulness💙 Break the cycle of addiction and reclaim your timeJoin the millions of users who have transformed their digital habits with YourHour. Download now and embark on a journey towards a healthier and more balanced screen time experience!: Credit for freely available images used here goes to Kirsty Barnby and Ryan Stone.",https://www.yourhour.app/,https://play.google.com/store/apps/details?id=com.mindefy.phoneaddiction.mobilepe&hl=en&gl=US,https://play-lh.googleusercontent.com/crxJT-pSF9tDJTBOWrQpj2ED0Y5ZR0-RkkX4ZB30oBf15KwcGNlrgfZNcSEiSAP5CA=w240-h480-rw,3.1.2,2018-05-06,2025-07-16,1.0,2025-03-10
ios:id1093360165,AppStore,id1093360165,simple-habit-sleep-meditation_appstore,"Simple Habit Sleep, Meditation","INGENIO, LLC",Health & Fitness,0,4.80542,77848,0.0,0.0,Free,"Simple Habit is the #1 app for your wellness & sleep recommended by top mental health experts.

Try Simple Habit for free today and join over 5 million people on this life-changing journey. Sleep better and be happier in your life, marriage, parenthood, work, and health.

Our wellness & sleep therapy sessions offer guided mindfulness & meditation, daily motivation, guided sleep sessions and coaching by world-renowned experts, personalized for the way you live your life. We’ll help you feel less stressed, get better sleep and be your best self whether you have 5 minutes in the morning, 20 minutes during your commute or need to fall asleep quickly. Start your Simple Habit today and live better every day.


FEATURED ON
* Shark Tank Season Premiere 2017
* #1 in Apple’s ""New Apps We Love” 2016
* #1 in Apple's ""Health & Fitness - Meditation & Mindfulness"" 2016

WHY SIMPLE HABIT?

MINDFULNESS AND MEDITATION
• Just 5-minutes of mindfulness and meditation per day can improve your life through stress relief and improved sleep
• New meditation guided by the world’s best experts, from mindfulness experts at Google to former monks
• Track your progress and stay motivated with Mindful Minutes
• Access meditations offline with our Premium subscription so you can meditate at any time

WELLNESS FOR YOUR BUSY LIFESTYLE
• Perfect for busy lifestyles— listen when you wake up, drive, or go to sleep
• Sessions designed for life’s daily problems
• Use Simple Habit's On-the-Go feature to quickly calm your anxiety to achieve a sense of mindfulness

HEALTH AND RELAXATION
• Sleep better
• Relieve stress
• Manage anxiety and depression
• And more

FIND MOTIVATION
• Coaching content
• Motivational talks
• Streak tracking and mindful minutes to track your progress

BENEFITS OF USING SIMPLE HABIT
• Build a meditation habit
• Get a better night’s sleep
• Motivation in your pocket
• Improve focus
• Reduce stress and anxiety
• Stay calm and relaxed
• Increased self-awareness
• Be an effective leader
• Breathe deeper and easier
• Increased sense of perspective
• Achieve mindfulness on the go
• Calm down and relax at the end of a long day
• Tackle different life challenges in a calm, focused manner
• Improve relationships
• Be happier, more relaxed, and calm

APPLE HEALTH INTEGRATION
• Optionally integrate your meditations with Apple Health by connecting your meditations with Mindful Minutes!
• Accept the prompt to allow Simple Habit to record your mindful minutes in Apple Health, or manually turn it on in Settings.

GET UNLIMITED ACCESS WITH PREMIUM
Simple Habit offers two auto-renewing subscription options to help you achieve mindfulness and breathe easier. Your subscription will automatically renew at the end of each term and your credit card will be charged through your iTunes account. You can turn off auto-renew at any time from your iTunes account settings, but refunds will not be provided for any unused portion of the term. Any unused portion of a free trial period will be forfeited when a subscription is purchased. These prices are for United States customers. Pricing in other countries may vary and actual charges may be converted to your local currency depending on the country of residence.

CONNECT WITH SIMPLE HABIT
Facebook - https://www.facebook.com/simplehabitapp/
Instagram - https://www.instagram.com/simplehabitapp/
Twitter - https://twitter.com/simplehabitapp

Have questions or feedback? Reach out to us at feedback@simplehabit.com.

Thanks for using Simple Habit :)
Privacy Policy - https://www.simplehabit.com/privacy
Terms and Conditions - https://www.simplehabit.com/tos",http://www.simplehabit.com,https://apps.apple.com/us/app/simple-habit-sleep-meditation/id1093360165?uo=4,https://is1-ssl.mzstatic.com/image/thumb/Purple221/v4/50/d9/9c/50d99c8f-56cc-bd85-a9d7-df18bc320a34/AppIcon-0-0-1x_U007emarketing-0-7-0-0-85-220.png/512x512bb.jpg,6.1.1,2016-01-04,2024-12-16,1.0,2025-03-10
ios:id1203637303,AppStore,id1203637303,fabulous-daily-habit-tracker_appstore,Fabulous: Daily Habit Tracker,Fabulous,Health & Fitness,0,4.49259,83819,0.0,0.0,Free,"Welcome to the world of Fabulous. Unlock the power of habits and routines. Prioritize your mental health, build healthy habits and improve your life one step at a time. Fabulous started as a habit tracker, but it evolved into a self-improvement, coaching, and mental health platform. Our goal is to make healthy routines an inseparable part of your life. 

How does Fabulous work?
1 - Add structure to your life - Improve your life with a healthy morning routine that provides a system for your everyday life.
2 - Create healthy habits - Use a daily planner to remember important tasks. Your habits sculpt the person you will become — choose them wisely.
3 - Focus on deep work - Learn how to tune out all the noise and concentrate on the task. 
4 - Join a community - Live challenges will introduce you to other Fabulous members worldwide embarking on the same journey as you. Find motivation by connecting with hundreds of members all across the globe. 
5 - Learn how to be grateful - Keep your gratitude journal and listen to positive daily affirmations. 

Fabulous is an all-in-one routine & self-care app for everyday life:
– Listen to the daily coaching series.
– Write your to-do list.
– Journal your thoughts.
– Do short workouts and breathing exercises.
– Listen to daily affirmations and meditation sessions.
– Keep your gratitude journal.
– Monitor your mental wellbeing.
– Use the goal-tracker to monitor progress.
 
Upgrade your planner for exciting additional features that will take the habit tracking to a new level. Achieve your health and productivity goals today with science-proven features:
– Coaching series grouped by topics: anxiety, self-love, productivity, or depression.
– Unlimited habits for your morning and evening routines.
– New Premium Journeys for better mental health, self-care, and fitness.
– Personal one-on-one coaching for better motivation and focus.
 
Top 4 reasons to try the Fabulous app: 
1 - Need the motivation to build an indestructible morning routine?
2 - Have an irregular sleep cycle and want to learn how to get a good sleep?
3 - Want to increase your energy level, so you focus the entire day?
4 - Want to improve your mental health through mindfulness so you can cope with anxiety?

Scientifically proven, morning routines are essential to a successful life. No excuses! Start changing your life today and save money using behavioral science. Install Fabulous to get personalized daily habits and achieve your goals.

Pricing in different countries may vary, and actual charges may be converted to your local currency depending on the country of residence. You can always see the exact price in the app. The subscription will automatically renew unless turned off in your iTunes Account Settings at least 24 hours before the current period ends. When you feel the Premium plan is not what you need, you can cancel your subscription at any time. 

If you have any questions, visit our website at www.thefabulous.co and click ""Contact Us"" at the bottom.

 Build and track your habits, set goals, learn how to meditate, and build healthy routines. Your journey to self-improvement and better mental health starts today!

This day will come and go. That much is certain.
Making it count? Well, that's up to you!

-------

Read our full terms and conditions and our privacy policy at: https://www.thefabulous.co/terms.html",https://thefabulous.co,https://apps.apple.com/us/app/fabulous-daily-habit-tracker/id1203637303?uo=4,https://is1-ssl.mzstatic.com/image/thumb/Purple211/v4/f7/9e/86/f79e869f-bf9e-d19f-48d8-3da4dcd06665/AppIconFabulous-0-0-1x_U007ephone-0-1-85-220.png/512x512bb.jpg,14.0.1,2017-11-21,2025-09-21,1.0,2025-03-10
play:com.gmail.jmartindev.timetune,PlayStore,com.gmail.jmartindev.timetune,timetune-schedule-planner_playstore,TimeTune - Schedule Planner,TimeTune Studio,Kids,5000000,4.6,93400,2.99,49.99,$2.99 - $49.99 per item,"Doing more things with your time. Increasing your productivity. Improving your daily routine.That and more is what you can do with TimeTune, your schedule planner and time blocking app.👍 RECOMMENDED BY EXPERTSJessica McCabe from “How to ADHD” recommends TimeTune as an ideal tool to build solid routines and give structure to your day.😀 WHAT IS TIMETUNE?TimeTune is a schedule planner and time blocking app. Use it to organize your agenda, plan routines and increase your productivity.Do you know why some people can get plenty of things done in a single day while your time slips through your fingers?The answer is that they have a very structured distribution of time. They organize their agenda with a planner and have strong time management habits. That allows them to seize the day and complete their tasks.With TimeTune Schedule Planner you can do the same.👩‍🔧 HOW DOES IT WORK?TimeTune uses time blocks to build your agenda. Just add time blocks to your day or use time blocks to build templates that can be reused at any time, like a morning routine or a timetable.Templates allow you to plan upcoming schedules, routines, timetables or work shifts in a flash. You will enjoy an automated agenda.TimeTune Schedule Planner also shows you statistics to see where the time goes. Check them to see if your time is correctly structured and how you can improve.You can add custom reminders to your time blocks, so you don’t forget your agenda: reminders with custom vibrations, custom sounds, voice, etc (ideal if you have ADHD).With TimeTune Schedule Planner you can create a time management system as simple or as complex as you need. This daily planner will allow you to finally complete your tasks and save time.🤓 WHY DOES IT WORK?Time blocking is a scheduling method that divides your day into smaller segments of time for specific tasks. If you add statistics, you get the perfect time management system to optimize your productivity.A structured day increases focus and motivation. Time blocking on a daily planner allows you to concentrate on the task at hand and avoid distractions.As Cal Newport, author of “Deep Work” states:“Time blocking generates a massive amount of productivity. A 40-hour time-blocked work week produces the same amount of output as a 60+ hour work week without structure”It’s no wonder high achievers like Benjamin Franklin, Bill Gates and many others embraced this planning method and used a daily planner to organize their agenda in a structured way.Also, for people with ADHD, time blocking can be a crucial approach to tackle their agenda and avoid anxiety. If you have ADHD, TimeTune Schedule Planner allows you to focus on each task, improve your daily routine and see where the time actually goes.🤔 WHAT CAN I DO WITH TIMETUNE?With TimeTune Schedule Planner you can:★ Increase your focus and productivity★ Organize your agenda and reach your goals★ Improve your time management skills★ Plan your daily routine★ Set routines, timetables and work shifts★ Have a structured agenda★ Use it as your daily planner and routine planner★ Remove routine tasks from other calendars★ Analyze your time and discover time leaks★ Add custom reminders (ideal for ADHD)★ Free up time for yourself★ Organize your life with a better work/life balance★ Avoid anxiety and burnout★ Do everything in your agenda★ Do tasks in time if you have ADHD🙋 WHO IS IT FOR?If you would like to do more things with your time, TimeTune Schedule Planner is for you.Users with ADHD also tell us that TimeTune helps them a lot with their schedule and use the app as their routine manager. If you have ADHD, try TimeTune and let us know what you think.Thank you very much! 🥰",https://timetune.app,https://play.google.com/store/apps/details?id=com.gmail.jmartindev.timetune&hl=en&gl=US,https://play-lh.googleusercontent.com/L3qZUcWIbdU1zlg8TO2pT4s4lKrl7YIuikaaD1pAE82iqCIlP21CAnwB8385iXGdgSw=w240-h480-rw,5.1,2014-09-30,2025-09-24,1.0,2025-03-10
play:com.abdula.pranabreath,PlayStore,com.abdula.pranabreath,prana-breath-calm-meditate_playstore,Prana Breath: Calm & Meditate,Oleksandr Albul,Kids,5000000,4.8,96500,0.99,15.0,$0.99 - $15.00 per item,"Dive into breathing techniques that are approved by ancient traditions, by modern science and by million+ of our users! Use the power of breathing and meditation to increase your mindfulness and live a better life. It doesn't matter whether you do Yoga, dieting, diving, or not, - you will see the positive impact anyway, for only 7-15 minutes a day!What does it do?* Improves brain activity: memory, attention, concentration* Relieves anxiety* Develops resistance to stress, develops physical endurance* Eliminates evening appetite attacks, thus helps to have a healthy weight* Decreases the frequency of cold, migraine and asthma attacks* Boosts immunity of respiratory system* Promotes healthy sleep* Improves vocal and breath hold time, thus is good for singer and diver* Trains the diaphragm thus fights acid reflux (GERD) symptomsWhy Prana Breath?* Absolutely no advertisement* Fast, optimized, battery saving* Easy - just tap on ""play"", close your eyes and let the sound guide you* Option to turn the screen off during the training* 8 breathing patterns for different purposes* Possibility to create your own patterns* Rich statistics* Reminders for creating a convenient training schedule* Most patterns are derived from Pranayama, Sufi and Tibetan breathing practices* Unique to Google Play ""Anti-Appetite"" training, for fighting emotional over-eating* Exclusive ""Cigarette replace"", designed by Simone Righini, to help you quit smokingAdditionally for Guru version:* Dynamic trainings for smooth improvement & for sophisticated patterns* Diverse breath methods and chants* Detailed progress chart and training log* Health tests* Enriched settings and more sounds* Regularly updated database of more than 50 training patterns, such as: 4-7-8 breathing, Kapalbhati, Anulom Vilom, Nadi Shodhana, Tummo / Inner fire, Udgeeth, etc.Scientific proofs: https://pranabreath.info/wiki/Research_articlesFacebook: https://facebook.com/OlekdiaPranaBreath",https://pranabreath.info,https://play.google.com/store/apps/details?id=com.abdula.pranabreath&hl=en&gl=US,https://play-lh.googleusercontent.com/fwYifuuBDZUFwuNIGEqDqtiWAsHiI7hZw83VAz1fOLGUkrjdlCpOUiT0hx9PxOA8m06U=w240-h480-rw,9.5.2_2,2015-03-06,2025-02-07,0.15,2025-03-10
play:global.gps.location.tracker.kids,PlayStore,global.gps.location.tracker.kids,gps-tracker-location-tracking_playstore,GPS Tracker: Location Tracking,ANKO Solutions LLC,Kids,1000000,4.5,101000,0.49,349.99,$0.49 - $349.99 per item,"GPS Tracker is the ultimate location tracking app designed for families who want advanced parental control and precise geolocation capabilities packed into one easy-to-use application. Whether you’re keeping track of your children, staying connected with loved ones, or monitoring important family members, GPS Tracker provides accurate location insights in real-time.Core features:🔍 Live Location Tracking Easily locate your family members on a real-time GPS map. Our phone tracker helps you monitor your child’s whereabouts or see where loved ones are at any given time.🔊 Sound Around  Listen to ambient sounds from your family member’s surroundings to ensure their safety. This trusted feature adds an extra layer of parental control and helps you react rapidly in emergency situations. Perfect for when you need more than just a location pin.🔔 Loud Signal  Can’t reach your child or a family member because they put their phone on silent? Use the loud signal feature to ring their device at full volume. This tool is also useful when phones are misplaced.📈 App Statistics  Analyze usage with detailed statistics on app activity. These insights allow you to better understand behavior and optimize the safety settings needed for each family member. This makes GPS Tracker a fully informed parental control solution beyond just pure geolocation.💬 Family Chat  Stay connected with secure family messaging inside the app. The integrated family chat keeps everyone informed and coordinated.🔋 Battery Check  Never get caught off guard again. Monitor each family member’s phone battery status, making sure their devices are powered when it matters the most. It’s an essential part of complete communication and security.🛡️ SOS Button Whether you’re a parent trying to keep your kids safe or a concerned family member checking up on elderly relatives, GPS Tracker acts as a robust guardian. Equipped with a panic button, emergency alerts and location sharing, you can intervene effectively when needed.GPS Tracker allows you seamless control over your family’s safety. Whether it's geofencing for children’s safety zones or real-time location tracking during travel, the app operates with precision and reliability. It is one of the best geolocation apps for those who want dependable GPS phone tracker services without compromising on usability.In a world where staying connected and secure is more important than ever, trust GPS Tracker for your family’s location tracking and communication needs. Download GPS Tracker today to explore the smartest way of maintaining peace of mind for your family.You can familiarise yourself with our documents:- User Agreement - https://kidstracker.pro/docs/terms-of-use- Privacy Policy - https://kidstracker.pro/docs/privacy-policyFor inquiries or assistance, contact our support team or visit our website.Install GPS Tracker now – your all-in-one family location tracking and parental control app!",http://34.66.255.211/support.html,https://play.google.com/store/apps/details?id=global.gps.location.tracker.kids&hl=en&gl=US,https://play-lh.googleusercontent.com/a0joblk0J-Ib9QTHP2Zu7XLp1DodGhTlo_MZyAcW_3Y-23GCPf0AjaiH7Grq0ig4eA=w240-h480-rw,2.8.93-google,2023-12-07,2025-07-07,0.65,2025-03-10
ios:id1361356590,AppStore,id1361356590,balance-meditation-sleep_appstore,Balance: Meditation & Sleep,"Elevate Labs, LLC",Health & Fitness,0,4.88238,117181,0.0,0.0,Free,"Improve your stress, sleep, and more with Balance’s personalized guided meditation program.

YOUR PERSONAL MEDITATION COACH
Balance is your personal meditation coach. Each day, you’ll answer questions about your meditation experience, goals, and preferences. Using an audio library of thousands of files, Balance assembles a daily guided meditation that’s perfect for you. The more you share over time, the more personalized and effective your meditations become.

LEARN MEDITATION FUNDAMENTALS
Balance’s daily meditations are organized in 10-day Plans that teach fundamental meditation skills geared toward your goals and needs. You’ll discover how to bring awareness to your day, increase your focus among distractions, and find deep relaxation in moments of stress.

CLEAR YOUR MIND ANYTIME, ANYWHERE
Singles are bite-sized guided meditations you can use anytime—even on the go. Wake up gently with a morning meditation, stretch, and then make your commute less chaotic with a meditation customized to your journey. Clear your mind with animated breathing exercises, and lower your stress, find energy, and increase your focus with quick Relax, Energize, and Concentrate meditations—and many more.

SLEEP WELL WITH BED-TIME RELAXATION EXERCISES
You'll rest easy with our Sleep meditations, Sleep Sounds, and Wind Down activity—a first-of-its-kind interactive that uses bilateral stimulation and controlled breathing to help you relax before bed and find more restful sleep. You'll also experience cutting-edge Immersive Meditations, which blend vibrations, sound effects, and coach guidance to create a brand-new type of meditation experience.

TAKE YOUR MEDITATION PRACTICE TO THE NEXT LEVEL
Get started with our Foundations Plan, where you’ll train your focus and reduce anxiety. Or, if you already meditate often, start with our Advanced Plan, which helps you take your meditation practice to the next level.

WHAT’S INCLUDED
- Personalized guided meditations tailored to your mood and goals
- 10-day Plans to help you develop your meditation skills
- Bite-sized Single guided meditations you can use to get more out of any moment
- First-of-their-kind Immersive Meditations to help you relax through a blend of vibration, sound effects, and guidance
- Research-backed activities to help you relax and prepare for restful sleep
- Mindful Minutes integration with Apple’s Health app
- 10 concrete meditation techniques to build your practice: Breath Focus, Body Scan, and more

In meditation, “one-size-fits-all” fits no one. We all have our own ways of finding relaxation, focus, and rest. With thousands of paths and options, Balance helps you reach your goals—your way—through guided meditation that adapts to you.

SUBSCRIPTION DETAILS
Start your free trial to experience the benefits of Balance. After the trial, Balance offers two auto-renewing subscriptions at $11.99/month and $69.99/year. These prices are for United States customers, pricing in other countries may vary.

Your subscription will automatically renew at the end of each subscription term unless auto-renewal is turned off at least 24 hours before the end of the term. Subscription renewals cost the same as the original subscription, and your credit card will be charged through your iTunes account at confirmation of purchase.

Balance also offers a Lifetime subscription which is paid for by a one-off upfront payment of $399.99 with unlimited access to the Balance library forever.

For additional information, please read our Terms of Service (http://www.balanceapp.com/balance-terms.html) and Privacy Policy (http://www.balanceapp.com/balance-privacy.html).",http://www.balanceapp.com/,https://apps.apple.com/us/app/balance-meditation-sleep/id1361356590?uo=4,https://is1-ssl.mzstatic.com/image/thumb/Purple211/v4/49/2d/a8/492da889-52fb-9f70-e9b5-e7117666ecdc/AppIcon-0-0-1x_U007ephone-0-11-0-85-220.png/512x512bb.jpg,1.187.0,2019-03-09,2025-09-16,0.85,2025-03-10
play:com.robokiller.app,PlayStore,com.robokiller.app,robokiller-spam-call-blocker_playstore,Robokiller - Spam Call Blocker,Mosaic Srl,Kids,5000000,4.0,124000,0.99,129.99,$0.99 - $129.99 per item,"Block spam calls with Robokiller, the spam call blocker that eliminates 99% of unwanted phone calls. No robocall stands a chance against Robokiller’s algorithm, which protects you against over 1 billion scams in our global database. Use Robokiller as the default SMS app. Robokiller blocks 99% of spam text messages so you only receive the ones you desire.Block telemarketers’ spam with Robokiller. Any phone call with an unknown caller ID will be marked as spam - with the help of our number-blocking, audio fingerprinting technology.You can add unwanted callers to your blocklist, customizing your level of spam blocking. Block spammers on your own terms - get good calls only® and never miss an important call with our powerful spam blocker app.Robokiller provides peace of mind, blocking annoying scam calls and preventing costly losses to fraud. The average scam costs $1,464*, but with our spam blocker you won’t be the next victim. Robokiller lets you get robocall revenge:registered: on unwanted callers with answer bots, that intercept calls and play hilarious pre-recorded audio.MESSAGING:- Use Robokiller as your primary text messaging app to seamlessly send and receive messages.- Automatically block spam, scam, and telemarketing texts using our secure technology. - Customize who can and can’t reach you with block & safe filters.BLOCK SPAM CALLS:- Reduce unwanted calls by 99% in your first 30 days of using our spam filter.- Our blocklist updates automatically to ensure the most up-to-date protection.- Block robocalls and phone calls you don’t want, keep the number blocked for as long as you wish.CONTROL WHO CAN & CAN’T REACH YOU:- Keep your contacts or any new number safe in your allow list.- View the number you’ve missed in your calls list.- Pause call blocking - temporarily disable our spam blocking function if you’re expecting an important call from an unknown number, then continue to block calls when you’re ready.KEEP YOUR PERSONAL INFO PRIVATE:- New personal data protection feature helps you reclaim your privacy.- Scan the web to help you find and remove your private info from public search sites where it’s sold and used for spam calls, identity theft and more.- Take your info off the market and use our ongoing monitoring to notify you of any new exposures.SCREEN PHONE CALLS IN REAL TIME:- Screen callers by asking them to identify themselves before your phone rings with our automatic answering service.- Get transcriptions of the caller’s response in real-time: We deliver the call screening report as your device is ringing.FIGHT SPAM WITH ANSWER BOTS:- Send spammers to lengthy recordings provided by Robokiller.- Choose from a variety of Answer Bots that will give spammers a taste of their own medicine, blocking them in style.- Enjoy listening to blocked & recorded calls.REPORT SPAMMERS:- Join the fight against robocalls by reporting any specific number or unknown caller.- Check the scam activity in your state: Be aware of the top scams in your area.- Contact our dedicated customer service team 24/7 regarding any issues with our spam call blocker app.Robokiller is an award-winning spam blocker built by people who hate robocalls and respect privacy. Our mission is to stop robocalls forever.This app has been featured by The New York Times, NBC, Wired, Engadget, Vice, and other publications.Robokiller is free to download. A subscription is required to use the service, but you can try it free for 7 days. Once your trial ends, your subscription will automatically renew. You can cancel your subscription at any time.Answer your phone without fear thanks to Robokiller, the spam call blocker app made to give you peace of mind.Terms of Service: https://www.robokiller.com/terms.htmlPrivacy Policy: https://www.robokiller.com/privacy.htmlCalifornia Privacy Notice: https://robokiller.com/privacy.html#section-8*According to FTC estimates",http://www.robokiller.com,https://play.google.com/store/apps/details?id=com.robokiller.app&hl=en&gl=US,https://play-lh.googleusercontent.com/oI-1_YPa2aPCdbbZ-uPhlEYGouc3Y7jXlHjcjNhMEmccAsp00_pfN7dob8Kau0LZ-U8=w240-h480-rw,24.7.7,2018-06-21,2025-09-19,1.0,2025-03-10
play:habittracker.todolist.tickit.daily.planner,PlayStore,habittracker.todolist.tickit.daily.planner,habit-tracker-habit-diary_playstore,Habit Tracker - Habit Diary,Leap Fitness Group,Kids,5000000,4.8,126000,7.99,29.99,$7.99 - $29.99 per item,"Feeling hard to break bad habits and build good ones? Habit tracker will bring you an easy and motivating habit-building journey! With this habit tracker app, a healthy & productive lifestyle will no longer be a dream!Here are more features than you can expect! You can plan your daily habits, track goals, manage to-do lists, and grow to be a better version of yourself. Our ultimate goal is to help you keep your motivation high, get things done and finally reinvent a brand new lifestyle in JUST 30 DAYS!▌5 things you can do with TICK IT★ CUSTOMIZE DAILY HABITSHabits and daily goals can be fully customized using the clear and neat interface! A preset library of the most essential and popular habits will help you find the start point of your journey.★ 30-DAY CHALLENGEBased on the scientifically proven 3-stage habit-building method, 10+ rigorously designed journeys will make it happen and conquer all impossibilities in 30 days.★ STAY FOCUSED & TIME MANAGEMENTStay focused and boost your productivity with the built-in timer and white noises. Also, smart reminders will help properly schedule your habits for the entire day.★ STATISTICSDetailed, intuitive and useful statistics help you track and analyze your progress. Get yourself motivated by keeping your streak going and collecting all achievement medals.★ MULTITYPE TO-DO LISTBesides regular habits, you can also plan a monthly or annual long-term habit or manage your one-time to-do list.▌7 Top Reasons that you should download TICK IT★ Want to say goodbye to the office disease caused by sedentary state and activate your body?★ Fighting with sleep disorders and want to rebuild a regular internal clock and improve sleep quality?★ Feel listless in the morning and need a quick and efficient routine to boost your energy and self-confidence for the rest of the day?★ Have an irregular diet and want to start a healthy lifestyle through a healthier diet, fasting or easy-to-follow exercises?★ Feel difficult in disciplining your attention and want to be more focused and organized?★ Lack of self-confidence and need more courage to overcome social fear?★ Need to keep yourself relaxed and relieve inner and outer stresses in tough moments?Habit Tracker will be your personal coach and companion on your journey of all self-improvements including but not limited to: habit formation, fitness lifestyle, productivity and concentration development. We will be happy to witness the great change in your life! Habit-building can be simple, motivating and interesting with Habit Tracker - Habit Diary! We have a fully customizable habits plan and to-do list to help you control your daily routine easily and get motivated. Check the detailed statistics to track and see your daily progress with ease. Enjoy your habit-building journey with us!",https://z.leap.app,https://play.google.com/store/apps/details?id=habittracker.todolist.tickit.daily.planner&hl=en&gl=US,https://play-lh.googleusercontent.com/-epxNNeafRo_4qglUWC4YguLXZWyy1FvkkG9ha3uUZRov2jxKcV5s0laUbSbqH4zzA=w240-h480-rw,1.3.8,2021-01-21,2024-06-26,1.0,2025-03-10
play:com.stayfocused,PlayStore,com.stayfocused,stay-focused-site-app-blocker_playstore,Stay Focused: Site/App Blocker,INNOXAPPS LLP,Kids,1000000,4.6,130000,0.49,99.99,$0.49 - $99.99 per item,"Unlock your peak productivity and regain control over your digital life with Stay Focused: App Blocker – the ultimate solution for screen time management and self-control. Designed to be your personal app blocker, website blocker, and screen time tracker, Stay Focused empowers you to limit distractions and achieve your goals with ease.Spending time on Social Media or Messaging Apps? Block it with Stay Focused app blocker and reduce usage.Benefits of Stay Focused📉 32% Less Screen Time – Cut down screen time in just one week with the screen time tracker and app blocker.⏳ Save 2+ Hours Daily – 95% of users block distractions with the website blocker and gain back precious time.🚀 60% Less Screen Time – 94% of strict mode users boost productivity by using the app blocker and website blocker for reduced screen time.Website blocker, app usage timer, and productivity reminders. Set a do-not-disturb timer, screen time tracker, or reminder to boost productivity. Control phone usage by blocking social media and other distracting apps with our app blocker and website blocker.Why Stay Focused?🚫 Distraction Blocker: Block apps, websites, and keywords to stay focused and limit social media usage.📱 Screen Time Tracker & Usage Tracker: Monitor and limit app usage for better digital habits.🔒 Strict Mode: Prevent bypassing restrictions to maintain focus with the app blocker.⏳ Customizable Blocking Schedules: Set timers or schedule blocks during work, study, or family time.🌴 Digital Wellbeing Tool: Reduce screen time, block notifications, and achieve mindfulness by limiting social media usage and controlling phone habits.Key Features✔️ Block Apps & Websites: Stay distraction-free by blocking social media, games, or email using the app blocker and website blocker.✔️ Keywords Blocking: Filter harmful or unwanted content with keyword blockers.✔️ Screen Time Tracker: Monitor app and website usage to reduce phone addiction.✔️ Strict Mode: Lock settings to ensure consistency and reinforce self-control.✔️ Custom Timers: Set limits during off-time, family time, or study time.✔️ App Usage Tracker: Track which apps consume the most time and limit social media usage.✔️ Notifications Blocker: Silence alerts for uninterrupted focus.Stay Focused Helps With:☝️ Boosting productivity and self-control.📵 Controlling phone addiction with reminders and addiction trackers, including the screen time tracker.🔞 Blocking adult content for a safer browsing experience with the adult content blocker.🌴 Promoting digital wellbeing.👪 Organizing free time, family time, and quality moments using the website blocker and app blocker.🕑 Managing time effectively with a focus on work, study, and personal goals using the app blocker.📴 Reducing distractions through the app blocker and website blocker.Stay Focused for Students📚 Focus on Studies: distraction-free study sessions for learning with the app blocker and website blocker.🎓 Block distracting apps and sites during study hours using the app blocker.🕑 Time Management: study sessions to balance time with a screen time tracker.Stay Focused for Professionals💼 Boost Work Productivity: Block apps and websites to stay focused.⏳ Custom Schedules: focus during meetings.Permissions required by Stay Focused:• Device Administrator permission - This app uses the Device Administrator permission. By enabling it, you can prevent yourself from uninstalling it.• Accessibility API - This app uses Accessibility API optionally. It is used to view the websites you are browsing, which helps build statistics and block websites.Email us at ava@innoxapps.com for any issues, bugs, or suggestions.Stay Focused is your all-in-one distraction blocker, app blocker, website blocker, and content filter. It tracks usage with its app tracker and social media limiter, while acting as a keyword blocker and time limiter. Boost productivity and self-control effortlessly with our productivity app.",https://www.stayfocused.me,https://play.google.com/store/apps/details?id=com.stayfocused&hl=en&gl=US,https://play-lh.googleusercontent.com/_JHHb9kqy1HaWsjktpyLM3C15XBxK4VT4E2W1FxleRkUD-kXM6d6Ut2VO8HgZLn6=w240-h480-rw,Varies with device,2017-08-19,2025-09-26,1.0,2025-03-10
ios:id992210239,AppStore,id992210239,happier-meditation_appstore,Happier Meditation,"Happier Meditation, Inc",Health & Fitness,0,4.81954,140333,0.0,0.0,Free,"Welcome to Happier Meditation, formerly Ten Percent Happier, and recognized as an Apple ""Best Of"" Award-Winner. Discover a refreshing approach to mindfulness that meets you where you are—no perfection required. Happier Meditation is designed to support you through life’s ups and downs with ease and adaptability.

Unlearn the myth that mindfulness needs to be calm and perfect. With over 500 guided meditations led by relatable expert teachers, Happier Meditation helps you find personalized practices that fit your unique needs and goals. Whether you're seeking relief from stress, anxiety, or trouble sleeping, our app offers a diverse range of tools and sessions to support your mental wellness and enhance your daily life.

Key Features:

• Personalized Meditation Plans: Create a meditation routine tailored to your specific needs and goals. Our plans help you find balance, insight, and relaxation in your daily life.
• Extensive Content Library: Access over 500 guided sessions designed to address stress, anxiety, sleep, and more. Explore innovative formats like vertical videos for an engaging meditation experience.
• Real-Life Practice: Learn from world-class teachers who share practical insights and demonstrate how they integrate mindfulness into their everyday routines.
• Flexible Meditation Options: Discover various meditation formats designed to seamlessly fit into your lifestyle, making it easier to practice regularly and effectively.
• Embrace Imperfection: Practice mindfulness without the pressure to be perfect. Happier Meditation supports you in finding relief and transformation, no matter where you start.

Join us to discover doable and deeply meaningful mindfulness. Download Happier Meditation today to unlock a meditation practice that evolves with you. Embrace the tools and support you need to relax, find relief, and transform your life. With Happier Meditation, you’ll get more out of meditation to give more to every part of your life.


Awards & Press:

• #1 Top listed app in New York Times ‘How to Meditate’ guide
• #1 in Apple’s ‘New Apps We Love’
• Featured on The Daily Show, Good Morning America, Nightline, The Rachael Ray Show, and more.


Subscription Pricing and Terms:

If you’d like to unlock full access to our 500+ videos and guided meditations, we offer auto-renewing monthly and yearly subscription membership options. If you select an auto-renewing subscription membership option, payment will be charged to your App Store Account at confirmation of purchase and your Happier Meditation subscription will automatically renew (at the duration selected) unless auto-renew is turned off at least 24 hours before the end of the current period; your credit card will be charged for renewal through your App Store account within 24-hours prior to the end of the current period. You can turn off an auto-renewing subscription at any time from your App Store Account Settings but refunds will not be issued for any unused portion of the term. Any unused portion of a free trial period, if offered, will be forfeited when you purchase a subscription, where applicable. For more information on our terms of service and privacy policy, please visit https://www.meditatehappier.com/terms-of-service OR https://www.meditatehappier.com/privacy-policy",https://www.meditatehappier.com,https://apps.apple.com/us/app/happier-meditation/id992210239?uo=4,https://is1-ssl.mzstatic.com/image/thumb/Purple221/v4/ec/91/30/ec91302e-14d0-c928-76d6-6109228f40e2/AppIcon-0-0-1x_U007epad-0-1-0-sRGB-85-220.png/512x512bb.jpg,2025.18,2015-07-06,2025-11-09,0.1,2025-03-10
ios:id1499198946,AppStore,id1499198946,structured-daily-planner_appstore,Structured - Daily Planner,unorderly GmbH,Productivity,0,4.80483,145364,0.0,0.0,Free,"Structured: Your all-in-one day planner combining calendar, to-do list, and habit tracker into a single timeline. Join over 1 million happy planners, start achieving your goals, and make the most of your day.

The visual timeline forms the core of Structured, where your business appointments, private events, and to-do lists all come together. Easily create tasks in seconds, set deadlines, rearrange them, and customize your day according to your needs. Whether dealing with ADHD, autism, or simply seeking a bit more structure, we are here to make it happen.

Start planning for free to:

- Manage your daily tasks in an intuitive timeline and achieve your goals faster
- Reach mental clarity by storing your thoughts in the Inbox - you can sort it out later
- Use Structured across all your devices and synchronize your tasks to make them accessible from anywhere
- Utilize notes and sub-tasks to break down larger tasks into smaller, more manageable parts
- Enhance your focus using Live Activities, interactive widgets, and a dedicated focus timer for a more productive and distraction-free work atmosphere
- Easily rearrange tasks in seconds using drag & drop whenever your plans change
- Enhance your focus using color coding and hundreds of unique icons
- Create tasks across time zones, perfect for travelers or collaborating with partners worldwide
- Use Structured's accessibility features, including support for VoiceOver, VoiceControl, a dyslexic-friendly font and translations into many languages

Upgrade to Structured Pro to:

- Integrate all your calendars and to-do lists to create a complete overview of your day
- Create recurring tasks to set up routines for your workday or your favorite weekend program
- Use Structured AI to create your schedule with natural language recognition
- Customize your notifications perfectly to every situation

Structured Pro is available for purchase as a monthly or annual subscription, or as a one-time lifetime purchase.

Terms & Privacy Policy: https://structured.app/legal",https://structured.app,https://apps.apple.com/us/app/structured-daily-planner/id1499198946?uo=4,https://is1-ssl.mzstatic.com/image/thumb/Purple221/v4/7a/e9/e6/7ae9e677-a6d6-12ac-a988-e18730359bf8/AppIcon-0-1x_U007epad-0-1-0-sRGB-85-220-0.png/512x512bb.jpg,4.3.3,2020-09-04,2025-01-10,0.975,2025-03-10
play:com.kompanion.habit.android,PlayStore,com.kompanion.habit.android,dear-me-daily-routine-tracker_playstore,Dear Me: Daily Routine Tracker,Fitself,Kids,1000000,4.7,154000,6.99,71.99,$6.99 - $71.99 per item,"Introducing Dear Me: Daily Routine Tracker, designed to track your daily routine, habits, rituals and tasks to organize your days efficiently with useful to do lists and fun tips.Dear Me: Daily Routine Tracker isn't just a digital journal; it's your comprehensive organizer, a life-enriching checklist, and a schedule planner finely tuned to your unique needs, offering useful support.More importantly, it allows you to become a better version of yourself and elevate your life to extraordinary heights with its self care rituals. As a result, self-love sprouts in no time.Benefits of Dear Me: Daily Routine Tracker:•Start your mornings with a reminder towards rituals that set a foundation for a day full of achievements and self care.•Get the perfect routine ideas, involving essentials like meditation, exercise, self care, reading, cleaning, and even pet care.•Tailor your tasks, lists, and schedules to resonate with your ambitions, transforming each day into a stepping stone towards the person you desire to become.•Track your progress with useful to do lists.Let Dear Me: Daily Routine Tracker serve as your motivational organizer that boosts your self improvement, ensuring your to-do list doesn't just stay managed but inspires action.Whether it's completing your daily tasks, keeping tabs on your agenda, or embedding self care practices into your schedule, ""Dear Me"" guarantees that no detail is overlooked.For those navigating the complexities of ADHD, “Dear Me: Daily Routine Tracker” proves to be a sanctuary. It simplifies tasks into manageable segments, punctuated with reminders, helping in sustaining focus and organization.This planner respects your rhythm, molds to your lifestyle, and provides the subtle encouragement needed without overwhelming you.Get “Dear Me: Daily Routine Tracker” and unlock the transformative power of tracking, all within arm's reach. Nurture your habits and rituals that sculpt the finest version of you.",https://fitself.com/,https://play.google.com/store/apps/details?id=com.kompanion.habit.android&hl=en&gl=US,https://play-lh.googleusercontent.com/8sFEXjfvzTe3fWzwRg1qzn7Asj3YCqpWGuWB2xVpJh-ahhB7m5vY3eTYUy4ecR6cBAdc=w240-h480-rw,1.1.20,2024-08-15,2025-02-09,0.525,2025-03-10
play:cz.mobilesoft.appblock,PlayStore,cz.mobilesoft.appblock,appblock-block-apps-sites_playstore,AppBlock - Block Apps & Sites,MobileSoft s.r.o.,Kids,5000000,4.6,186000,0.99,119.99,$0.99 - $119.99 per item,"Block Apps, Websites & Social Media to stay focused on important things!AppBlock is a must-have screen time management tool that helps you block apps, websites and social media, keeping you focused on what matters most. Take charge of your day by controlling your screen time with just a click. Discover why our web and app blocker has over 10,000,000+ success stories!Limit your screen time, achieve digital wellbeing!With AppBlock, an enhanced app blocker and website blocker, you can reduce distractions, limit screen time and gain self-control. Whether you want to be more productive, study more effectively or do a digital detox, our app blocker has you covered. Say goodbye to distractions and embrace productivity with our powerful screen time management and app blocker tool!Benefits of our app blocker:- 32% less screen time in the first week- 95% of our users save at least 2 hours daily by blocking apps and sites- 94% of strict mode users have 60% less screen timeControl screen time, block apps, websites or social media, and transform your digital life. Prioritize tasks, boost productivity and enhance your digital wellbeing.Why AppBlock?🚫 App Blocker: From blocking social media to games, to blocking distracted apps and websites📱 Screen Time Management: Monitor and limit app screen time usage🔗 Website Blocker: Use Block Site feature to restrict access to time-wasting websites⏳ Customizable Blocking Schedules: Automatically enforce focus during work or study hours based on time, location, or Wi-Fi networks.🔒 Strict Mode: Prevent bypassing set restrictions, reinforcing your commitment to focused work.Maximize Productivity & Digital Wellbeing:With AppBlock's web and app blocker features, you can control your screen time, stay focused on your goals and be more productive!No more collecting empty badges, growing digital trees, or hunting for the best Opal — it’s time for a genuine shift toward effective app and website blocking that helps you stay focused and truly transform your habits.Block apps to boost your study efficiencyAppBlock supports students on their journey by enhancing their digital wellbeing. By blocking distracting apps and sites AppBlock creates an optimal study environment for better focus and productivity.📚 Tailored Study Sessions: AppBlock creates distraction-free study environments, enabling deep concentration and effective exam preparation.🎓 Academic Performance: Improve focus by blocking distracting websites and apps during study times.🕑 Effective Time Management: Students can schedule study sessions and manage downtime, ensuring a balanced approach to academics and personal life.📖 Resource Accessibility: Access educational resources without distractions from notifications and apps.🧩 Customized Learning Environment: Appblock allows students to adapt their devices to their study needs, enabling a personalized learning journey.AppBlock Benefits:🌟 Focus on what matters: Enhance productivity by aligning your digital environment with your goals.🧠 Support Mental Health: Achieve mindfulness and relaxation with less screen time.🌿 Digital Wellbeing: Foster a balanced approach to technology, improving overall life quality.Take Control of Your Digital LifeEasily block websites and inappropriate content to maintain a healthy digital lifestyle. Avoid temptation, stay focused and boost productivity. Block porn or other unwanted sites in one click.AppBlock Privacy CommitmentWe value your privacy by utilizing Accessibility services for secure content blocking.Download AppBlock and take control of your screen time. Block apps, websites or social media and stay focused on what truly matters during your offtime! Our app blocker and web blocker tool will boost your productivity!Improve your digital wellbeing with App Block!Contact: support@appblock.app or visit www.appblock.app.",https://www.appblock.app,https://play.google.com/store/apps/details?id=cz.mobilesoft.appblock&hl=en&gl=US,https://play-lh.googleusercontent.com/Oj_afJCBj1PltTALu4qJfWJHcqT6iccYdwLxP2wP1cdLymrjIBGfvG73OxcaM8VIHl8=w240-h480-rw,7.10.3,2015-05-11,2025-09-27,1.0,2025-03-10
play:daldev.android.gradehelper,PlayStore,daldev.android.gradehelper,school-planner_playstore,School Planner,Andrea Dal Cin,Kids,10000000,4.3,192000,0.99,19.99,$0.99 - $19.99 per item,"School Planner is a handy app for students of all ages that was designed to help you organize your career as a student and have everything under control. Whether you are attending elementary school, high school or college, this is the app for you!Writing down homework, assignments, exams and reminders is simple and fast and daily notifications will help you never forget anything. The built-in calendar is highly optimized for the needs of students and allows you to manage your events and activities more easily.Keep your timetable and daily schedule always at hand and plan your studies accordingly. The timetable is highly customizable: you can assign different colors to each subject and view events saved in the calendar.Manage your grades and subjects and stay up to date on your progress thanks to the automatic calculation of average.Record your lectures and organize them automatically. Save your teachers’ contact info and organize their phone numbers, office hours and email addresses. Sync your agendas with all your devices and back up your data on Google Drive.The beautiful and modern design, inspired by Google’s Material Design, makes the user experience intuitive and rewarding in its every aspect.KEY FEATURES- Simple, fast and intuitive- Agenda for homework, exams, reminders- Timetable- Calendar- Beautiful, colorful themes- Backup on Google Drive- Notifications for assignments, tests, reminders- Management of grades, marks, subjects- Record your lectures",https://fiery-palace-113220.firebaseapp.com/,https://play.google.com/store/apps/details?id=daldev.android.gradehelper&hl=en&gl=US,https://play-lh.googleusercontent.com/LfFQCM4F8IN8Ch6zAxxXNSz0hGnDQqkEn7agevkuOF-Y7NtrK1SicushfwLkQaWU7j0=w240-h480-rw,9.0.9,2015-02-11,2025-09-30,0.2,2025-03-10
play:app.kids360.parent,PlayStore,app.kids360.parent,kids360-parental-control-app_playstore,Kids360: Parental Control App,ANKO Solutions LLC,Kids,5000000,4.5,202000,0.99,99.99,$0.99 - $99.99 per item,"Kids360: Parental control helps limit screen time, offers an app lock, tracks usage time, and provides educational games. Ensure family safety, manage device usage, and enjoy happy kids. Set time limits, block apps, track GPS, monitor app activity, and keep children safe online with parental control functions.The Kids360 and Alli360 parental control apps work together and have the following features:App usage limiter - Set a screen time limit on your child's phone for distracting apps, games and social media, the app will behave like a child lock app. It also enables child lock, kids mode.Usage schedule - Select the child's schedule for productive schooltime and a recovering sleep during bedtime. The child monitoring app & child lock will take into account the time your child spends on games, social media and entertainment apps and will limit their usage as well as limit phone usageApps statistics - Find out what apps and your child is using and for how long, see if they play during class instead of studying. Screen time - Our child monitoring app shows how much time your child spends on their phone and helps identify the apps that occupy your child the most, enable kid control. Stay in touch - Essential apps for calls, texts, taxis and other non-gaming and social networking apps are always available so you won't lose contact with your childKids360 is a child monitoring app & child lock designed for their safety and helps parents monitor screen time on their child's phone. With our mobile app tracker, you will always know how much time your child spends on their phone, what games they play and what apps they use most often. The app cannot be installed secretly, use is permissible only with the child’s consent. Personal data is stored in strict compliance with the law and the GDPR policy.Install the Alli360 on your child's smartphone. The app will run on your child's phone in app tracker mode, plus your child can't just delete it. You will only be able to see what apps your child is using when both apps are fully set and all permissions are given. After setting up the parental control app, you will be able to adjust the screen time on your child's phone.How to start using Kids360:install Kids360 on your phoneinstall Alli360 on your child’s phone and enter the code you see in Kids360allow monitoring of your child's smartphone in the Kids360 appYou can see your child's screen time on your smartphone for free once your child's device is connected. Time management features in apps (scheduling, blocking apps) are available both in a trial period and with a paid subscription. The Kids360: parental control app asks for the following permissions:1. Display over other apps - to block applications when  time has run out2. Special access- to limit screen time3. Access to usage data - to collect statistics about the apps' running time4. Autorun - to keep the app tracker running on your child's device at all times5. Device administrator - to protect against unauthorised deletion and keep kids modeIf you have technical problems, you can always contact Kids360's 24/7 support team by e-mail support@kids360.app",https://kids360.app,https://play.google.com/store/apps/details?id=app.kids360.parent&hl=en&gl=US,https://play-lh.googleusercontent.com/8wcgU0EtpkDaHdie2cRXevU1pHozc88hZcW1BpOs5_SHNLYingQorUrij0bxnSIxiAs=w240-h480-rw,2.63.3,2020-10-12,2025-09-23,1.0,2025-03-10
ios:id1596403446,AppStore,id1596403446,me-lifestyle-routine_appstore,Me+ Lifestyle Routine,ENERJOY PTE. LTD.,Health & Fitness,0,4.8114,218673,0.0,0.0,Free,"“We are what we repeatedly do. Excellence, then, is not an act but a habit”, This quote from Aristotle goes to the heart of our philosophy. We believe establishing good daily habits and healthy routines are necessary to thrive. This is what we aim to achieve: to help our users develop good habits and daily routines, like following a morning exercise routine or tidying their rooms, and to consistently repeat those actions until they become habits integrated into their lifestyle. This will enable people to lead a wholesome and fulfilling life.

Of course, accessibility is important. This is why Me+ now provides a daily routine planner and self-care schedule to establish a healthy habit and help with your daily routine. By repeating good actions daily and following your planner and self-care schedule, you will gain a new outlook, confidence, and strength. Obstacles that seemed unsurpassable will soon be overcome and forgotten.

Enjoy and utilize our self-care systems:
· Daily Routine Planner and Habit Tracker
· Mood and Progress Tracker

The systems in our app make it easier to seize the day and begin self-development by planning your daily routines and habits.

Here are some great things you can do with the new daily routine features:
-Create your own daily and morning routines.
-Track your self-care plan, daily habits, mood, and progress daily.
-Set friendly reminders in your daily planner for your to-do list.
-Get comprehensive evidence-based self-care information on establishing habits and healthy routines.

Potential benefits of Me+:
-Boosts energy: Exercise, healthy eating, and sleep habits in your Me+ daily planner energize your body and provide motivation for self-care.
-Improves mood: relieve stress and increase happiness through your daily healthy habits and routines.
-Increases focus: Sleep habits and nutritious food improve your concentration, productivity, and motivation.

Build your own self-care schedule and daily routine planner with the icons and colors you choose! Record your daily goals, habits, mood, and more in your Me+ app to celebrate the success and growth of your healthy routines!

HOW TO START SELF-CARE:
-Use the professional Me+ planning template and daily habit tracker: Take the MBTI test to find the routine and habits that suit you best.
-Find a role model: Set a goal to become the person you aspire to be through developing habits and daily self-care routines

Tens of millions of self-care advocates choose Me+ to improve physical and mental health, promote weight loss, experience anti-aging benefits, and more through developing healthy daily habits and self-care routines. Fill your days with self-care habits and meet your best self! Don’t wait for tomorrow; start your healthy routines today!

Subscription Information:
Me+ offers an auto-renewing subscription at $39.99/year and $9.99/month to provide you with unlimited access to the VIP features. Your payment will be charged to your iTunes Account as soon as you confirm your purchase. You can manage your subscriptions and turn off auto-renewal from your Account Settings after the purchase. Your subscription will renew automatically unless you turn off auto-renew at least 24 hours before the end of the current period. The cost of renewal will be charged to your account in 24 hours prior to the end of the current period. When canceling a subscription, your subscription will stay active until the end of the period. Auto-renewal will be disabled, but the current subscription will not be refunded. Any unused portion of a free trial period, if offered, will be forfeited when purchasing a subscription.

For the End User License Agreement (EULA), please visit https://www.apple.com/legal/internet-services/itunes/dev/stdeula/

Terms of service: https://enerjoy.life/alarm-ios/TermsofService.html
Privacy policy: https://enerjoy.life/alarm-ios/PrivacyPolicy.html
Feedback email: meplus_ios@support.enerjoy.life",https://enerjoy.life/,https://apps.apple.com/us/app/me-lifestyle-routine/id1596403446?uo=4,https://is1-ssl.mzstatic.com/image/thumb/Purple221/v4/5f/0d/f2/5f0df2f1-c0dd-b747-3ce7-cd5b95ad6bbb/AppIcon-0-1x_U007emarketing-0-8-0-85-220-0.png/512x512bb.jpg,2.7.5,2022-07-01,2025-08-31,1.0,2025-03-10
play:com.hrd.iam,PlayStore,com.hrd.iam,i-am-daily-affirmations_playstore,I am - Daily affirmations,Monkey Taps LLC,Kids,5000000,4.8,283000,2.99,99.99,$2.99 - $99.99 per item,"How many negative thoughts have been endlessly repeating in your mind? Daily affirmations help rewire our brains, build self-esteem, and change negative thought patterns. Empower yourself by verbally affirming your dreams and ambitions. Choose from many daily intentions and set reminders to be delivered throughout the day.Positive affirmations help make major shifts in your mindset, and they also serve as prompts and daily reminders about what you’re truly capable of, ensuring every day is an amazing day.An affirmation is a simple but powerful statement that helps to strengthen the connection between your conscious and unconscious mind. The more you strengthen this connection, the more resilient you’ll be when you experience difficult or challenging circumstances.As Buddha wisely said: you become what you believe. And the best way to strengthen your resilience is to practice affirmations every single day.There are many benefits to using affirmations as part of your daily morning routine:- They help increase your awareness of your thoughts and words, making it easier to recognize the negative and self-doubting thought patterns holding you back.- Affirmations define your focus. When you focus your energy on the things you want, like achieving your goals, the positive, uplifting, and good, you’re creating an abundance mindset and strengthening your resolve to make it happen.- They open you up to possibility. Too often we get stuck in the ‘impossible’ mindset, but affirmations flip this on its head. When you begin to positively affirm what is actually possible, a whole world of opportunity opens up to you.*It works on Wear OS: you can use it on your watch.",https://iamaffirmations.app/,https://play.google.com/store/apps/details?id=com.hrd.iam&hl=en&gl=US,https://play-lh.googleusercontent.com/M64ObTzs5jhpKn3s-3X-5PrW1d4htcIVY7aUKh9pdN_GOymdhpUmr1erSbO-iGW0Mj55=w240-h480-rw,Varies with device,2016-02-23,2025-02-10,0.4,2025-03-10
ios:id1258654743,AppStore,id1258654743,smart-home-manager_appstore,Smart Home Manager,"AT&T Services, Inc.",Productivity,0,4.75738,394335,0.0,10.0,Free,"The AT&T Smart Home Manager app will guide you through a simple self-setup process for your new service. It also provides all the tools you need to manage your network in one intuitive, user-friendly interface. Sign in with your AT&T User ID and password to get started.

App highlights:
• Easily view, update, and share your Wi-Fi name and password
• See what devices are connected, personalize each device name and add it to a profile
• Set downtime schedules to manage your family’s screen time or quickly and easily pause devices
• Get troubleshooting help and customized recommendations from our Virtual Assistant
• Get device and network protection with AT&T ActiveArmor℠ internet security
• Check your network health, get notified of issues and service outages, run speed tests, and more

AT&T Smart Home Manager is available to AT&T Internet service customers with a compatible AT&T Wi-Fi Gateway. Feature availability based on Wi-Fi gateway model, limited to Wi-Fi network.",http://about.att.com/inside_connections_blog/simplify_home_wifi,https://apps.apple.com/us/app/smart-home-manager/id1258654743?uo=4,https://is1-ssl.mzstatic.com/image/thumb/Purple211/v4/83/4e/8a/834e8a7b-ddd7-c6b2-955e-d4a251d7ebee/AppIcon-0-0-1x_U007emarketing-0-8-0-85-220.png/512x512bb.jpg,2.2509.253,2017-08-23,2025-02-10,0.225,2025-03-10
play:co.thefabulous.app,PlayStore,co.thefabulous.app,fabulous-daily-routine-planner_playstore,Fabulous Daily Routine Planner,TheFabulous,Kids,10000000,4.1,581000,3.99,299.99,$3.99 - $299.99 per item,"Welcome to the world of Fabulous. Unlock the power of habits and routines. Prioritize your mental health, build healthy habits and improve your life one step at a time. Fabulous started as a habit tracker, but it evolved into self-improvement, coaching, and mental health platform. Our goal is to make healthy routines an inseparable part of your life. Take care of yourself and be the driver of your lifestyle change with Fabulous!- How does Fabulous work?1 - Add structure to your life - Improve your life with a healthy morning routine that provides a system for your everyday life.2 - Create healthy habits - Use a daily planner to remember important tasks. Your habits sculpt the person you will become — choose them wisely.3 - Focus on deep work - Learn how to tune out all the noise and concentrate on the task at hand. 4 - Join a community - Live challenges will introduce you to other Fabulous members from around the world embarking on the same journey as you. Find motivation connecting with hundreds of members all across the globe. 5 - Learn how to be grateful - Keep your gratitude journal and listen to positive daily affirmations. Fabulous is an all-in-one routine & self-care app for everyday life:– Listen to daily coachings– Write your to-do list – Journal your thoughts– Do short workouts and breathing exercises– Listen to daily affirmations and meditation sessions– Keep your gratitude journal– Monitor your mental wellbeing– Use the goal-tracker to monitor progress Upgrade your planner for exciting additional features that will take the habit tracking to a new level. Achieve your health and productivity goals today with science-proven features:– Coaching series grouped by topics: anxiety, self-love, productivity, or depression.– Unlimited habits for your morning and evening routines.– New Premium Journeys for better mental health, self-care, and fitness.– Personal one-on-one coaching for better motivation and focus. Top 4 reasons to try the Fabulous app: 1 - Need the motivation to build an indestructible morning routine?2 - Have an irregular sleep cycle and want to learn how to get a good sleep?3 - Want to increase your energy level so you focus the entire day?4 - Want to improve your mental health through mindfulness so you can cope with anxiety?Fabulous is recognized by top mental health experts, behavioral scientists, coaches, and, most importantly, our members. Scientifically proven, morning routines are essential to a successful life. No excuses! Start changing your life today and save money using behavioral science. Install Fabulous to get personalized daily habits and achieve your goals. Build and track your habits, set goals, learn how to meditate, and build healthy routines. Your journey to self-improvement and better mental health starts today!If you have any questions, visit our website at www.thefabulous.co and click ""Contact Us"" at the bottom of the page.This day will come and go. That much is certain.Making it count? Well, that's up to you!",https://www.thefabulous.co,https://play.google.com/store/apps/details?id=co.thefabulous.app&hl=en&gl=US,https://play-lh.googleusercontent.com/8LcZqMnR6O5GhCMSmH2AC06gucX-PDIxwaui_ICMs44IJXSUO8w7-Fr3eLYw8xfZ2Q4=w240-h480-rw,14,2013-11-29,2025-02-10,1.0,2025-03-10
play:com.oremus.catholic.bible.rosary.prayer,PlayStore,com.oremus.catholic.bible.rosary.prayer,oremus-catholic-bible-prayer_playstore,Oremus - Catholic Bible&Prayer,Bíblia Offline,Kids,5000000,4.9,673000,1.99,29.99,$1.99 - $29.99 per item,"Discover a more fulfilling spiritual life with Oremus,  your personalized faith assistant designed specifically for the Catholic community.This comprehensive app integrates sacred scripture and tradition to guide you in daily devotion and understanding of the Catholic faith.Key Features:-Daily Gospel Reflections:Start your day with insightful reflections on the Gospel. Let the words of Christ enlighten your mind and guide your actions as you reflect upon the Holy Scriptures.-Reading, Meditation, Prayer, and Contemplation:Engage with the holy texts through a structured approach. Read the sacred words, meditate to understand deeper meanings, pray for spiritual guidance, and contemplate to connect with God on a personal level.-Daily Mass Readings:Stay spiritually nourished with daily mass readings available at your fingertips. Whether you’re at home or on the go, you can always stay connected with the liturgical life of the Church.-Audio Devotionals:Enrich your spiritual routine with beautifully produced audio devotionals. Include the Angelus, Rosary, and other cherished Catholic prayers in your daily life, fostering a deeper devotion and communion with God.-Liturgical Calendar:Never miss important dates in the Catholic liturgical year. Connect with the daily saints and feasts, and observe the seasons and celebrations of the Church.-Interactive Study Tools:Make your faith journey both fun and structured with interactive study tools. Dive deeper into the scriptures, understand complex theological concepts, and test your knowledge with engaging quizzes and activities.Oremus is more than just an app; it's a pathway to live a life fully immersed in the teachings and practices of the Catholic Church.Designed to be both user-friendly and deeply informative, it is perfect for anyone from beginners to devout Catholics looking to enrich their spiritual routine.Whether you’re looking to deepen your understanding of the Catholic faith, stay connected with the Church’s liturgical year, or simply incorporate more prayer into your daily life, Oremus - Catholic Bible and Daily Prayer is the perfect companion on your spiritual journey.Download now and transform your faith life with the treasures of the Catholic tradition, all at your fingertips.",https://www.bibliaconsigo.com/,https://play.google.com/store/apps/details?id=com.oremus.catholic.bible.rosary.prayer&hl=en&gl=US,https://play-lh.googleusercontent.com/6PaJ1Ovv8BrE6hlGG9UwIAWjqzur-np2qj-09Ee8ZO0Fz-BfDxixrrHBtwMxcZTkbA=w240-h480-rw,1.3.8,2024-12-04,2025-09-30,0.15,2025-03-10
ios:id874656917,AppStore,id874656917,i-am-daily-affirmations_appstore,I am - Daily Affirmations,Monkey Taps,Health & Fitness,0,4.84734,678061,0.0,0.0,Free,"How many negative thoughts have been endlessly repeating in your mind? Daily affirmations help rewire our brains, build self-esteem, and change negative thought patterns. Empower yourself by verbally affirming your dreams and ambitions. Choose from many daily intentions and set reminders to be delivered throughout the day.

Positive affirmations help make major shifts in your mindset, and they also serve as prompts and daily reminders about what you’re truly capable of, ensuring every day is an amazing day

An affirmation is a simple but powerful statement that helps to strengthen the connection between your conscious and unconscious mind. The more you strengthen this connection, the more resilient you’ll be when you experience difficult or challenging circumstances.

As Buddha wisely said: you become what you believe. And the best way to strengthen your resilience is to practice affirmations every single day.


There are many benefits to using affirmations as part of your daily morning routine:


- They help increase your awareness of your thoughts and words, making it easier to recognize the negative and self-doubting thought patterns holding you back.
- Affirmations define your focus. When you focus your energy on the things you want, like achieving your goals, the positive, uplifting, and good, you’re creating an abundance mindset and strengthening your resolve to make it happen.
- They open you up to possibility. Too often we get stuck in the ‘impossible’ mindset, but affirmations flip this on its head. When you begin to positively affirm what is actually possible, a whole world of opportunity opens up to you.

To get access to the I am Premium content and functionality, you can choose between a lifetime, monthly, and yearly auto-renewable subscription. This is a recurring transaction that will be charged to your iTunes Account at confirmation of purchase and will automatically renew unless you cancel it at least 24 hours before the end of your subscription. Renewals will be charged at the same cost within 24 hours prior to the end of the current period. You can manage your subscriptions and auto-renewal can be turned off by going to your iTunes Account Settings after purchase.


Find tons of inspiring content on our blog: https://blog.theiam.app/

Privacy Policy: https://monkeytaps.net/privacy
Terms of Use: https://monkeytaps.net/terms",http://monkeytaps.net/,https://apps.apple.com/us/app/i-am-daily-affirmations/id874656917?uo=4,https://is1-ssl.mzstatic.com/image/thumb/Purple211/v4/69/e5/9a/69e59a81-abda-e222-6daa-990b1bc61fca/0_iam-0-0-1x_U007epad-0-0-0-1-0-0-85-220.png/512x512bb.jpg,6.3.0,2014-05-13,2025-01-10,0.35,2025-03-10
ios:id1451295827,AppStore,id1451295827,impulse-brain-training_appstore,Impulse - Brain Training,GMRD Apps Limited,Health & Fitness,0,4.74885,782299,0.0,0.0,Free,"100+ million downloads
4.7 worldwide rating (1 million reviews)
Apple's App of the Day in 50+ countries

You probably know that, despite aging, your brain is able to grow, learn things and form new neural connections. This process is called brain plasticity and requires regular training.

Impulse - Brain Training App offers you a great way to improve yourself by playing entertaining and challenging mind games. Our quick brain workouts along with proper physical exercising and diet may help to keep your brain clear, sharp and ready for day-to-day life challenges.

We offer a diversified range of personalized workout plans for different brain areas (e.g. memory, attention, concentration, maths, problem-solving, creativity, etc.) as well as training games. Games are challenging enough to ensure you progress over time and along with that comprehensible to any age and expertise level.

In today’s busy world a lot of people:
 • have difficulties remembering what they did a few days back;
 • often fail to remember people’s names;
 • frequently forget birthdays, anniversaries and other important dates;
 • get told off by their bosses for absent-mindedness;
 • struggle to stay focused at work;
 • get embarrassed because of poor math skills.

Relatable? Then start your positive transformation with Impulse today:
 • use your brain to full capacity;
 • make your life more productive and happy;
 • become more concentrated and focused;
 • boost your calculation skills and make friends with numbers;
 • surprise everyone with your skills;
 • keep your brain sharp till the ripe old age;
 • reduce time spent on social media and useless time-killing games.

Impulse - Brain Training offers 3-day free trial with full access to games and exercises with no interruptions or ads. If you choose to subscribe, you will be charged a subscription fee according to your country. The subscription fee will be shown in the app before you complete the payment. Payment will be charged to iTunes Account at confirmation of purchase. Subscription automatically renews unless auto-renew is turned off at least 24-hours before the end of the current period. Account will be charged for renewal within 24-hours prior to the end of the current period, and identify the cost of the renewal. Subscriptions may be managed by the user and auto-renewal may be turned off by going to the user's Account Settings after purchase. No cancellation of the current subscription is allowed during active subscription period.

Terms of Service - https://brainimpulse.me/app/tos.html
Privacy policy - https://brainimpulse.me/app/privacy_policy.html

Contact us: support@brainimpulse.me",https://brainimpulse.me/,https://apps.apple.com/us/app/impulse-brain-training/id1451295827?uo=4,https://is1-ssl.mzstatic.com/image/thumb/Purple221/v4/47/59/34/475934af-2e39-20ac-4d6d-028dde502fe5/AppIcon-0-1x_U007emarketing-0-8-0-85-220-0.png/512x512bb.jpg,1.35,2019-02-20,2025-09-18,0.35,2025-03-10
play:cc.forestapp,PlayStore,cc.forestapp,forest-focus-for-productivity_playstore,Forest: Focus for Productivity,Seekrtech,Kids,10000000,4.5,785000,0.99,21.99,$0.99 - $21.99 per item,"Can't stop scrolling? Lack of self-control? Forest is the solution that has the cutest focus timer to help you stay focused and boost productivity!★ 2018 Google Play Editors’ Choice Top Productivity App★★ 2018 Google Play Best Self-improvement app in 9 countries, including, Canada, France, Japan, Korea and more!★★ Google Play 2018 Best Social Impact App Nomination★★ Google Play 2015-2016 Best App of the Year★Plant a seed in Forest when you need to put down your phone and stay focused to get your to do list done.As you stay focused, this seed will gradually grow into a tree. However, if you cannot resist the temptation of using your phone and leave the app, your tree will wither.The sense of achievement while seeing a flourishing forest with each tree representing your dedication motivates you to reduce procrastination, and helps you build a good habit of time management!Motivation and Gamification- Grow your very own forest with each tree representing your effort.- Earn rewards by staying focused and unlocking adorable trees!Multiple Focus Modes- Timer mode: Set your focus session and dive into your work or study flow, or apply Pomodoro technique.- Stopwatch mode: Start and stop at any time. Count-up timer works great as a habit tracker.Personalized Experience- Planting Reminder: Remind yourself that it is time to keep your phone down!- Custom Phrases: Motivate yourself with your favorite quotes and inspiring words!Forest Premium- Statistics: More insightful statistics of your focused time to tailor your focus habits.- Plant Together: Stay focused with your focus friend and family anytime and anywhere.- Plant Real Trees: Plant real trees on Earth to make the world greener!- Allow Lists: Create personalized Allow Lists for different situations. Non-allowed apps will be blocked.Exclusive Events on Different Servers: Enjoy various special events customized for different servers/regions.Download Forest for FREE now to focus on your goals in life and be a better self!Social MediaConnect with us on Instagram(@forest_app), Twitter(@forestapp_cc), and Facebook(@Forest). Stay tuned for updates and special events!We also have a chrome extension. Find out more at [www.forestapp.cc](http://www.forestapp.cc/)!NOTICE- With the Pro version, Forest can be accessed across all your Android devices.- Downloading a non-Android version of Forest requires a separate purchase.- Your data can be synchronized across all platforms by logging in with the same account.- Due to budget constraints, the number of real trees each user can plant is limited to five.Permissions Explained: [https://www.forestapp.cc/permissions/en/](https://www.forestapp.cc/permissions/en/)Sound Design: Shi Kuang Lee",https://forestapp.cc/,https://play.google.com/store/apps/details?id=cc.forestapp&hl=en&gl=US,https://play-lh.googleusercontent.com/NWRVVF6zXvmcqspJwdFOKcQG6OlsNwpMOxED_DgB6B2BBDeWwAeWZKZxGhgqU0LQVJU=w240-h480-rw,4.98.0,2014-08-25,2025-09-29,1.0,2025-03-10
play:daily.planner.routine.habits,PlayStore,daily.planner.routine.habits,me-lifestyle-routine_playstore,Me+ Lifestyle Routine,ENERJOY PTE. LTD.,Kids,10000000,4.9,799000,7.99,69.99,$7.99 - $69.99 per item,"“We are what we repeatedly do. Excellence, then, is not an act but a habit”, This quote from Aristotle goes to the heart of our philosophy. We believe establishing good daily habits and healthy routines are necessary to thrive. This is what we aim to achieve: to help our users develop good habits and daily routines, like following a morning exercise routine or tidying their rooms, and to consistently repeat those actions until they become habits integrated into their lifestyle. This will enable people to lead a wholesome and fulfilling life.Of course, accessibility is important. This is why Me+ now provides a daily routine planner and self-care schedule to establish a healthy habit and help with your daily routine. By repeating good actions daily and following your planner and self-care schedule through an everyday to-do list, you will gain a new outlook, confidence, and strength. Obstacles that seemed unsurpassable will soon be overcome and forgotten.Enjoy and utilize our self-care systems:· Daily Routine Planner and Habit Tracker· Mood and Progress TrackerThe systems in our app make it easier to seize the day and begin self-development by planning your daily routines and habits. It provides a to-do list to follow.Here are some great things you can do with the new daily routine features:-Create your own daily and morning routines.-Track your self-care plan, daily habits, mood, and progress daily.-Set friendly reminders in your daily planner for your to-do list.-Get comprehensive evidence-based self-care information on establishing habits and healthy routines.Potential benefits of Me+:-Boosts energy: Exercise, healthy eating, and sleep habits in your Me+ daily planner energize your body and provide motivation for self-care.-Improves mood: relieve stress and increase happiness through your daily healthy habits and routines.-Slows aging: Long-term daily self-care habits and routines are the best way to maintain youth.-Increases focus: Sleep habits and nutritious food improve your concentration, productivity, and motivation.Build your own self-care schedule and daily routine planner with the icons and colors you choose! Record your daily goals, habits, mood, and more in your Me+ app to celebrate the success and growth of your healthy routines!HOW TO START SELF-CARE:-Use the professional Me+ planning template and daily habit tracker: Take the MBTI test to find the routine and habits that suit you best.-Find a role model: Set a goal to become the person you aspire to be through developing habits and daily self-care routinesTens of millions of self-care advocates choose Me+ to improve physical and mental health, promote weight loss, experience anti-aging benefits, and more through developing healthy daily habits and self-care routines. Fill your days with self-care habits and meet your best self! Don’t wait for tomorrow; start your healthy routines today!",https://www.enerjoy.life/,https://play.google.com/store/apps/details?id=daily.planner.routine.habits&hl=en&gl=US,https://play-lh.googleusercontent.com/yLzk8Pcr5eTLD0vRfFCmnEMnTmQqe9kuoturzN4Klu24C7z6lyZV2TCgGuuUOSYNzkk=w240-h480-rw,2.0.0,2023-06-19,2025-09-18,1.0,2025-03-10
play:com.vladlee.easyblacklist,PlayStore,com.vladlee.easyblacklist,calls-blacklist-call-blocker_playstore,Calls Blacklist - Call Blocker,Enchan Li,Kids,10000000,4.2,812000,1.99,1.99,$1.99 per item,"Tired of annoying calls? ""Calls Blacklist - Call Blocker"" is here to help you avoid them. Say goodbye to unwanted calls from telemarketers and robocalls. Take control of your phone conversations.BLACKLIST:•  Easily add unwanted numbers to your ""Blacklist"" from contacts list, or manually input the number.•  Use the ""Number begins with"" option to block a range of numbers with specific first digits.•  Use the ""Number contains"" option to block a range of numbers containing specific digits.CALL BLOCKER:•  Block calls from private, unknown, or all numbers with ease.•  One-tap toggle to turn blocking on/off.•  Schedule the time when the blocking is active.•  Protect the app access with the password.WHITELIST:•  Don't want to block calls from certain numbers? Add them to your ""Whitelist."" Callers on this list will never be rejected by the blocker.LOG:•  ""Calls Blacklist"" keeps a record of all blocked calls in the ""Log."" Easily review who has been blocked.Don't let annoying calls disrupt your day. Download ""Calls Blacklist - Call Blocker"" now and regain control of your phone. Say goodbye to unwanted interruptions!",https://enchanli.com,https://play.google.com/store/apps/details?id=com.vladlee.easyblacklist&hl=en&gl=US,https://play-lh.googleusercontent.com/XQFnzv8UEIBVAoeKPMiOHHTOmF5UCFoTFDNPvmxkA2KaycNh6r_Gzw4go7hGxGqZmLQ=w240-h480-rw,4.2.6,2012-05-02,2025-03-10,1.0,2025-03-10
play:com.glorify.app,PlayStore,com.glorify.app,glorify-devotional-prayer_playstore,Glorify: Devotional & Prayer,TUPOE LTD,Kids,10000000,4.8,1160000,3.49,69.99,$3.49 - $69.99 per item,"Glorify: Your Daily Devotional App for Prayer and FaithStrengthen your Christian faith every day with daily devotionals, prayer, and Bible study. Glorify is your essential tool for deepening your relationship with God, reflecting on Bible verses, and sharing insights with a thriving Christian community. 🙏✨ Join a Growing Christian Community Over 20 million Christians are already connecting with God through daily devotionals and prayer. Download Glorify today and enrich your spiritual journey! 📖⏳Short on time? In just 10 minutes, you can pray, read an inspiring Bible verse, and engage with a powerful devotional to keep your focus on Jesus and His teachings.A Meaningful Daily Devotional ExperienceBegin your quiet time with an inspiring quote, followed by a profound Bible verse, and a daily devotional that brings everything together. End with a moment of reflection, connecting with God and strengthening your faith.Christian Resources for Your Spiritual Growth📖 Bible Study & Journaling• Read and reflect on Bible verses that inspire and guide your daily life.• Access multiple translations, including KJV, NIV, ESV, and NASB.• Use the in-app journal to write down insights and strengthen your faith.• Share thoughts and prayers with the Glorify community.• Read and share insights on Bible verses with the Community Annotations feature.🙏 Transform Your Prayer Life• Follow guided prayers to deepen your connection with God.• Share prayer requests and support others in the Christian faith.🎧 Christian Audio Courses & Meditations• Explore Bible-based courses designed to strengthen your knowledge of Christianity.• Listen to expert-led teachings on faith, Jesus, and the power of prayer.• Relax and connect with God through calming Christian meditations.💬 Daily Devotional and Prayer Topics Include: ✓ Overcoming anxiety through faith and prayer ✓ Healing from grief with comforting Bible verses ✓ Strengthening Your marriage with Christian principles ✓ Parenting with faith and Biblical wisdom ✓ Unlocking inner peace through connection with God📚 Bible Stories for Kids:  Make scripture engaging for the next generation.💡 Pray, reflect, and grow in faith through daily devotionals. Connect with God and strengthen your Christian journey.📲 Download Glorify today and get closer to God!",https://glorify-app.com,https://play.google.com/store/apps/details?id=com.glorify.app&hl=en&gl=US,https://play-lh.googleusercontent.com/XBFAVyMo61ov67K0JzX0cWnP6sWcunDH9D6CrkCeAhbNCnmvgn81s6XvgN5cBMR5hmA=w240-h480-rw,2.132.0,2020-05-12,2025-09-25,0.325,2025-03-10
play:com.callapp.contacts,PlayStore,com.callapp.contacts,callapp-caller-id-block_playstore,CallApp: Caller ID & Block,"CallApp Caller ID, Call Recorder & Spam Blocker",Kids,100000000,4.3,1680000,0.99,149.99,$0.99 - $149.99 per item,"Caller ID? Block numbers? Text & SMS messaging? Call Recording? Phone number lookup? We’ve got it all with CallApp, our phone number lookup & default SMS app! 📞 Caller ID:  - Advanced caller ID technology to identify unknown numbers. More than 7 BILLION numbers!- Never ask “who called me” again!- Always know who is calling, with our caller trace & phone book abilities! - Stop telemarketing & spam calls, texts and SMS!- Phone number lookup- search phone number or numbers and find them ASAP! 🚫 Spam Call Blocker & Spam Detector: - Stop robocalls, block numbers and contact block! - Blacklist numbers, block telemarketing & telemarketer calls, stop robocalls & scam calls!- Block spam with our caller ID blocker!- Scam calls protection!- Advanced blacklist options & robocalls filter that fits your needs!- The advanced spam detector will automatically block and protect you from unwanted calls and SMS  💬 Messaging & Default SMS: - Use CallApp as your default SMS and messaging app to manage your texting in a more flexible and efficient manner.- Automatically identify & block every unknown, spam, scam or telemarketing SMS- Automatically organize your messages and SMS - personal, favorites, and spam block. ⏺️ Automatic call recorder (ACR): - CallApp’s automatic call recording enables you to automatically record calls!- Use our caller ID calling app, to get the optimal recording calls option. - Record scam calls!- Automatic call recording (ACR) made easy with CallApp! CallApp will identify who is calling and texting, will recognize unknown callers & numbers, while giving you a great phone book UI. Our caller ID has caller trace & phone number lookup features that will always tell you who called, with a next level user experience .Say bye bye to robocalls, telemarketing scam calls & SMS messages & stop spam calls! Blacklist and block contacts with CallApp and it’s unique spam filter that uses callerid data. Advanced spam call blocker app, that can also blacklist and stop spam calls & messages from a certain prefix & especially robocalls.Use our call recorder technology and get an automatic call recorder (ACR), that will let you save calls, and never miss important calls and information. Recording calls has never been easier! CallApp can record phone calls for most Android devices, and the call recording can be saved on the cloud!★Now compatible with WEAR OS & all the latest smart watches!Communicate better & in zero time with the WEAR OS x CallApp integration x call recording x caller ID x blacklist x spam blockerNow introducing CallApp+: WhatsApp Caller ID & spam block, identify SMS & calls from IM.---We do not sell, share data with any third party application and/or organization.CallApp support: support@callapp.com",http://callapp.com,https://play.google.com/store/apps/details?id=com.callapp.contacts&hl=en&gl=US,https://play-lh.googleusercontent.com/WHQuWucnys3sGbDxxA1k15XW2Nn6Hj_X-9uWuirnHmjQBL0JME65kqwiM0Kz5oIHAN15=w240-h480-rw,Varies with device,2012-09-13,2025-07-09,1.0,2025-03-10
