title,Exclude,url,summary,main category,main category 2,main category 3,main category 4,Customise 'distraction' def?,Block,Block: Time lag,Block: Time limit,Block: Launch limit,Feature minimisation,Blacklist,Whitelist,Feature min.: Type,Feature min.: Target,Feature min.: Site,Block: Session,Block: Scheduled,Block: Location,Block: Always-on,Block-level: Global,Block-level: Internet,Block-level: App/site,Block-level: Only notifications/sound/calls,Block-override-friction: Irrelevant effortful task/password,Block-override-friction: Time lag,Block-override-friction: Can't be stopped when on,Block-override-friction: Uninstallation prevention,Block-override-friction: Pay to override,Block: Auto-reply when on,Self-tracking-target: Use,Self-tracking-target: Non-use,Self-tracking-level: Global,Self-tracking-level: App/site,Self-tracking-level: Feature,Self-tracking: Displays a timer,Self-tracking: Record history,Self-tracking: Visualisation,Goal-advancement: Set activity goal/s,Goal-advancement: Set concrete time goal/s,Goal-advancement: Concrete goal reminder,Goal-advancement: Value/general goal reminder,Goal-advancement: Motivational quote,Goal-advancement: Compare behaviour w/ goal,Goal-advancement: Redirect activity,Reward/punish: Gain points/streaks,Reward/punish: Lose points/streaks,Reward/punish: Points represented as lifeform,Reward/punish: Unlock achievements,Reward/punish: Social sharing/leaderboards,Reward/punish: Praise/blame/please/annoy,Reward/punish: Real-world reward/punishment,store,Status
( OFFTIME ) - Distraction Free,,https://play.google.com/store/apps/details?id=co.offtime.kit&hl=en&gl=us,"allows the user to initiate downtime periods during which calls, notifications, and distracting apps are blocked - only whitelisted contacts are let through; auto-replies are sent out to ppl trying to get in touch; also tracks and visualises phone use",Block/removal,Self-tracking,,,1.0,1.0,,,,,1.0,1.0,,,,1.0,,,,,1.0,1.0,,,,1.0,,,1.0,1.0,1.0,1.0,1.0,,1.0,1.0,1.0,,1.0,1.0,,,,,1.0,,,,,1.0,,Google Play,Defunct
(NO)tifications,,https://chrome.google.com/webstore/detail/notifications/ocfjkjbhicdjhmgkolejpojieddlogbg?hl=gb,hide the unread messages notifications in the title bar on tabs,Block/removal,,,,,,,,,1.0,,,feature-remover,other,,,,,1.0,,,,,,,,,,,,,,,,,,,,,,,,,,,,,,,,,Chrome Web Store,Operational
`Tabula,,https://itunes.apple.com/gb/app/tabula/id1152712711?mt=8&uo=4,distraction-free writing app,Block/removal,,,,,,,,,1.0,,,minimal-writing,stand-alone alt app,,1.0,,,,,,,,,,,,,,,,,,,,,,,,,,,,,,,,,,,,Apple App Store,Defunct
Absolock | Phone Locking app,,https://play.google.com/store/apps/details?id=olsencheung.lockyourphoneproject&hl=en&gl=us,locks phone for a set amount of time - can't be turned off,Block/removal,,,,,1.0,,,,,,,,,,1.0,,,,1.0,,,,,,1.0,,,,,1.0,,,,1.0,,,,,,,,,,,,,,,,,Google Play,Defunct
Addicted - phone usage tracker,,https://play.google.com/store/apps/details?id=com.tobiasschuerg.smartphonestats&hl=en&gl=us,tracks and visualises unlocks and global usage,Self-tracking,,,,,,,,,,,,,,,,,,,,,,,,,,,,,1.0,,1.0,,,,1.0,1.0,,,,,,,,,,,,,,,Google Play,Defunct
Afairo,,https://chrome.google.com/webstore/detail/afairo/imecoioakflafgnkkklfhopabameijck?hl=gb,feature removal for LinkedIn (ads and 'ppl also viewed') and Wikia (ads and 'trending' sidebar),Block/removal,,,,,,,,,1.0,,,feature-remover,specific website,"LinkedIn, Wikia",,,,1.0,,,,,,,,,,,,,,,,,,,,,,,,,,,,,,,,,Chrome Web Store,Operational
AIM,,https://chrome.google.com/webstore/detail/aim/ippcedcabdiebmiaoofnbfkhopehcchd?hl=gb,start focus sessions during which sites on blacklist are blocked; a password is required to type in in order to override; a simple sketch of an angry face is shown when blocked sites are attempted accessed,Block/removal,,,,1.0,1.0,,,,,1.0,,,,,1.0,,,,,,1.0,,1.0,,,,,,,,,,,,,,,,,,,,,,,,,,1.0,,Chrome Web Store,Operational
ANNoy Distractions,,https://chrome.google.com/webstore/detail/annoy-distractions/cdcphalmjbppiecgidbodhhghfkhpcnh?hl=gb,"make websites on a blacklist annoying to use - e.g. by making images and links shake, playing fart noises when scrolling, or having a dinosaur pop onto the page",Reward/punish,,,,1.0,,,,,,,,,,,,,,,,,,,,,,,,,,,,,,,,,,,,,,,,,,,,,1.0,,Chrome Web Store,Operational
Anti Smartphone Addiction,,https://play.google.com/store/apps/details?id=com.antiaddication.innomotion&hl=en&gl=us,"set timer for period user doesn't want to use their phone; while timer counts down, receive suggestions of alternative things to do instead",Block/removal,Goal-advancement,,,,1.0,,,,,,,,,,1.0,,,,1.0,,,,,,,,,,,,,,,,,,,,,1.0,,,1.0,,,,,,,,Google Play,Defunct
Anti-Internet-Addiction Timer,,https://itunes.apple.com/gb/app/anti-internet-addiction-timer/id651345628?mt=8&uo=4,"countdown timer for smartphone where you list what work activity you'd like to do, then what online leisure activity you'll allow yourself afterwards, before engaging in the activity, to scaffold focus",Goal-advancement,Self-tracking,,,1.0,,,,,,,,,,,,,,,,,,,,,,,,,1.0,,,1.0,,1.0,,,1.0,,,,,,,,,,,,,,Apple App Store,Operational
AntiSocial: phone addiction,,https://play.google.com/store/apps/details?id=com.goozix.antisocial_personal&hl=en&gl=us,"track and visualise phone use - unlocks, global, and apps - and compare stats to other users; also has blocking tools - set daily limits for global phone use or apps, or block during certain hours, or for certain session duration",Self-tracking,Reward/punish,Block/removal,,1.0,1.0,,1.0,,,1.0,1.0,,,,1.0,1.0,,1.0,,,1.0,,,,,,,,1.0,,1.0,1.0,,,1.0,1.0,,,,,,,,1.0,,,,1.0,1.0,,Google Play,Operational
App Blocker (Stay Focused),,https://play.google.com/store/apps/details?id=com.appblockernew&hl=en&gl=us,"app blocker which can show customisable motivational text when blocked apps are attempted accessed; can work in sessions, schedules, or time limits",Block/removal,,,,1.0,1.0,,1.0,,,1.0,,,,,1.0,1.0,,1.0,,,1.0,,,,,,,,,,,,,,,,,,1.0,,1.0,,,,,,,,,,Google Play,Defunct
App Gatekeeper -Curb Addiction,,https://play.google.com/store/apps/details?id=com.timelesssky.appgatekeeper&hl=en&gl=us,"tracks and visualises app usage; can block apps when used for certain amount of time, or during certain hours; can require password to change settings (app advocates getting friend to set password), or only let settings be set after certain amount of days have passed",Block/removal,Self-tracking,,,1.0,1.0,,1.0,,,1.0,,,,,1.0,1.0,,,,,1.0,,1.0,1.0,1.0,,,,1.0,,,1.0,,,1.0,1.0,,,,,,,,,,,,,,,Google Play,Operational
App Off Timer,,https://play.google.com/store/apps/details?id=com.aozora_create.appofftimer&hl=en&gl=us,set limits for how long an app can be used in one go before it's shut down with a custom delay before it can be opened again; or block apps during specific hours; or block apps after total duration of use; 'prevent uninstallation' function,Block/removal,,,,1.0,1.0,,1.0,,,1.0,,,,,,1.0,,1.0,,,1.0,,1.0,,,1.0,,,,,,1.0,,,1.0,1.0,,1.0,,,,,,,,,,,,,Google Play,Operational
App Usage - Manage/Track Usage,,https://play.google.com/store/apps/details?id=com.a0soft.gphone.uninstaller&hl=en&gl=us,"track and visualise app use, notification numbers, unlocks; get reminders when phone used for more than specific amount of time",Self-tracking,,,,,,,,,,,,,,,,,,,,,,,,,,,,,1.0,,1.0,1.0,,,1.0,1.0,,,1.0,,,,,,,,,,,,Google Play,Operational
App Usage Tracker- Apps Time,,https://itunes.apple.com/gb/app/app-usage-tracker-apps-time/id1240765788?mt=8&uo=4,"track app and global usage - similarly to the app Moment, this one requires the user to take a screenshot of their battery page",Self-tracking,,,,,,,,,,,,,,,,,,,,,,,,,,,,,1.0,,1.0,1.0,,,1.0,1.0,,,,,,,,,,,,,,,Apple App Store,Defunct
AppBlock - Stay Focused,,https://play.google.com/store/apps/details?id=cz.mobilesoft.appblock&hl=en&gl=us,"blocks any app; can do this during pre-scheduled times, at specific locations, or after certain amount of time has been spent; informs the user how many times they've tried to access a blocked app and suggest what they could do instead; has a 'strict mode' in which the app can't be uninstalled and corresponding devices settings are blocked",Block/removal,,,,1.0,1.0,,1.0,,,1.0,,,,,1.0,1.0,1.0,,,,1.0,,,,1.0,,,,1.0,,,1.0,,,1.0,,,1.0,,,,,1.0,,,,,,,,Google Play,Operational
AppDetox - App Blocker for Digital Detox,,https://play.google.com/store/apps/details?id=de.dfki.appdetox&hl=en&gl=us,"set rules for app use - e.g. block after certain amount of time has been spent, or after have been launched for x number of times; can optionally not be turned off, or can optionally be overridden with password; when app is used, show e.g. how many minutes or launches are left to use in the day; see how many times the user has broken her own rules",Block/removal,Goal-advancement,,,,1.0,,1.0,1.0,,1.0,1.0,,,,1.0,1.0,,1.0,,,1.0,,1.0,,1.0,,,,,,,,,,1.0,,,1.0,1.0,,,1.0,,,,,,,,,Google Play,Defunct
Appdicted - Apps tracker,No longer accessible,https://play.google.com/store/apps/details?id=gfg.app.appdicted&hl=en&gl=us,,,,,,,,,,,,,,,,,,,,,,,,,,,,,,,,,,,,,,,,,,,,,,,,,,,,,Google Play,Defunct
Appology,,https://play.google.com/store/apps/details?id=bis.mccaffrey.myfinalyearproject&hl=en&gl=us,"tracks app use and displays pie chart of how time is spent; can show for daily, weekly, monthly, yearly",Self-tracking,,,,,,,,,,,,,,,,,,,,,,,,,,,,,1.0,,,1.0,,,1.0,1.0,,,,,,,,,,,,,,,Google Play,Defunct
AppTym: Phone Usage Tracker & App Monitor,,https://play.google.com/store/apps/details?id=com.incubasys.apptym&hl=en&gl=us,tracks and visualises smartphone use; breaks usage down by category; enables user to set time limits and reminder; can overlay current app with a visual display of how much time has been spent within it; get daily reports and summaries,Self-tracking,,,,1.0,,,,,,,,,,,,,,,,,,,,,,,,,1.0,,1.0,1.0,,,1.0,1.0,,,1.0,,1.0,,,,,,,,,,Google Play,Defunct
AppUseFree Show App Usage Time,,https://play.google.com/store/apps/details?id=me.noip.AppUseFree&hl=en&gl=us,identical to PhoneUseFree except that it collects data also on individual app use,Self-tracking,,,,,,,,,,,,,,,,,,,,,,,,,,,,,1.0,,1.0,1.0,,,1.0,1.0,,,,,,,,,,,,,,,Google Play,Defunct
Are you sure?,,https://chrome.google.com/webstore/detail/are-you-sure/gbdcdelppenbmjhgknfggghpdjmbdjlp?hl=gb,"when visiting distracting site, shows pop-up asking the user they are sure? ; pop-up shows at most once every 5 minutes",Self-tracking,,,,,,,,,,,,,,,,,,,,,,,,,,,,,,,,1.0,,,,,,,,1.0,,,,,,,,,,,Chrome Web Store,Operational
Artiquill,,https://play.google.com/store/apps/details?id=com.adventurize.artiquill&hl=en&gl=us,"minimal writing app, which also lets you set writing goals and see your progress relative to them",Block/removal,Goal-advancement,,,,,,,,1.0,,,minimal-writing,stand-alone alt app,,1.0,,,,,,,,,,,,,,1.0,,,,1.0,,1.0,1.0,1.0,,,,,1.0,,,,,,,,,Google Play,Defunct
Asocial,,https://chrome.google.com/webstore/detail/asocial/cddphjncbagpiodhpbfnkfmhcckkepeg?hl=gb,"hides news feed on 'popular social media sites' (Facebook, Twitter, Vk.com, Ok.ru); either always or during scheduled hours; replaces with the text ""There is nothing you are looking for. Go and work, my friend.""",Block/removal,Goal-advancement,,,,,,,,1.0,,,feature-remover,specific website,"Facebook, Twitter, Vk.com, Ok.ru",,1.0,,1.0,,,,,,,,,,,,,,,,,,,,,,1.0,,,,,,,,,,,Chrome Web Store,Operational
Auto Logout,,https://chrome.google.com/webstore/detail/auto-logout/affkccgnaoeohjnojjnpdalhpjhdiebh?hl=gb,"automatically logs user out of facebook, twitter and quora after 10 mins",Block/removal,,,,,,,1.0,,,,,,,,,,,1.0,,,1.0,,,,,,,,,,,,,,,,,,,,,,,,,,,,,,Chrome Web Store,Operational
Banish,,https://itunes.apple.com/gb/app/banish/id1283075806?mt=8&uo=4,website blocker for safari on iOS - simply add sites to a blacklist,Block/removal,,,,1.0,1.0,,,,,1.0,,,,,,,,1.0,,,1.0,,,,,,,,,,,,,,,,,,,,,,,,,,,,,,Apple App Store,Defunct
Barepress,,https://chrome.google.com/webstore/detail/barepress/jbhepaicbbngkcndihjokefmjiopichg?hl=gb,"minimal writing tool for Wordpress - can hide left navigation bar and right panel, or make editor full-screen, upon click",Block/removal,,,,,,,,,1.0,,,minimal-writing,specific website,Wordpress,1.0,,,,,,,,,,,,,,,,,,,,,,,,,,,,,,,,,,,,Chrome Web Store,Operational
Bashful: stop procrastinating,,https://play.google.com/store/apps/details?id=com.runnably.bashful&hl=en&gl=us,"locks the home screen for specified or scheduled length of time, or at specified location; if access is needed, a button can be held down for 5 secs to give phone access for 20 secs",Block/removal,,,,,1.0,,,,,,,,,,1.0,1.0,1.0,,1.0,,,,,1.0,,,,,,,,,,,,,,,,,,,,,,,,,,,Google Play,Defunct
Be Productive! Search & Avoid Homepage Distraction,,https://play.google.com/store/apps/details?id=notstupid.directsearch&hl=en&gl=us,minimal homepage plus direct search from the homepage without any distractions; lets the user also directly type in notes for their search results,Block/removal,,,,,,,,,1.0,,,feature-remover,home screen,,,,,1.0,,,,,,,,,,,,,,,,,,,,,1.0,,1.0,,,,,,,,,,Google Play,Defunct
BeePresent,,https://itunes.apple.com/gb/app/beepresent/id1392974463?mt=8&uo=4,"social 'locking out of use' app - points can be collected for not using the phone during a session, and others can be invited to join the session",Reward/punish,Self-tracking,,,,,,,,,,,,,,,,,,,,,,,,,,,,,1.0,1.0,,,1.0,1.0,1.0,,,,,,,,1.0,,,1.0,1.0,,,Apple App Store,Defunct
Blacklist - Website Blocker,,https://itunes.apple.com/gb/app/blacklist-website-blocker/id1081580076?mt=8&uo=4,"website blocker for safari on iOS - simply add sites to a blacklist, then start a focus period",Block/removal,,,,1.0,1.0,,,,,1.0,,,,,1.0,,,,,,1.0,,,,,,,,,,,,,,,,,,,,,,,,,,,,,,Apple App Store,Defunct
BlackOut: Stay Focused/Beat Phone Addiction,,https://play.google.com/store/apps/details?id=com.blackout&hl=en&gl=us,Block phone access during scheduled times (except for phone calls and a whitelist of apps),Block/removal,,,,1.0,1.0,,,,,,1.0,,,,,1.0,,,1.0,,,,,,,,,,,,,,,,,,,,,,,,,,,,,,,,Google Play,Operational
Blank New Tab Page,Duplication,https://chrome.google.com/webstore/detail/blank-new-tab-page/hldlpmpflkpflaeomkbakghobdjgbcec?hl=gb,makes new tabs completely blank,Block/removal,,,,,,,,,1.0,,,feature-remover,new tabs,,,,,1.0,,,,,,,,,,,,,,,,,,,,,,,,,,,,,,,,,Chrome Web Store,Operational
Blank New Tab Page,,https://chrome.google.com/webstore/detail/blank-new-tab-page/nanjankoodpibkkjgmmaeoccefklohao?hl=gb,makes new tabs completely blank,Block/removal,,,,,,,,,1.0,,,feature-remover,new tabs,,,,,1.0,,,,,,,,,,,,,,,,,,,,,,,,,,,,,,,,,Chrome Web Store,Operational
Block & Focus,,https://chrome.google.com/webstore/detail/block-focus/dcpbedhdekgkhigjgmlcbmcjoeaebbfm?hl=gb,block websites for specified time; show motivational quote when trying to access blocked sites; can work in pomodoro mode of work/break cycles; button to pause it can be hidden; track and display work history,Block/removal,Self-tracking,,,1.0,1.0,,,,,1.0,,,,,1.0,,,,,,1.0,,,,1.0,,,,,,,,,1.0,1.0,1.0,,,,,1.0,,,,,,,,,,Chrome Web Store,Operational
Block Apps - More Productivity & Focus,,https://play.google.com/store/apps/details?id=com.wverlaek.block&hl=en&gl=us,blocks distracting apps either during session or pre-scheduled; option to prevent turning off or uninstallation; notification reminders of active blocks and their end times,Block/removal,,,,1.0,1.0,,,,,1.0,,,,,1.0,1.0,,,,,1.0,,,,1.0,1.0,,,,,,,,,,,,,1.0,,,,,,,,,,,,Google Play,Operational
Block Distracting Websites,,https://itunes.apple.com/gb/app/block-distracting-websites/id1189844594?mt=8&uo=4,website blocker for safari on iOS - simply add sites to a blacklist,Block/removal,,,,1.0,1.0,,,,,1.0,,,,,,,,1.0,,,1.0,,,,,,,,,,,,,,,,,,,,,,,,,,,,,,Apple App Store,Operational
Block Site - Block Distracting Apps & Sites,,https://play.google.com/store/apps/details?id=co.blocksite&hl=en&gl=us,blocks any apps or websites during specified times or permanently,Block/removal,,,,1.0,1.0,,,,,1.0,,,,,1.0,1.0,,1.0,,,1.0,,,,,,,,,,,,,,,,,,,,,,,,,,,,,,Google Play,Operational
Block Site - Website Blocker for Chrome™,,https://chrome.google.com/webstore/detail/block-site-website-blocke/eiimnmioipafcokbfikbljfdeojpcgbh?hl=gb,"from the same company as the 'Block Site' app; add websites or pages to block list, then be redirected to other sites when trying to access them; can be used with pomodoro timer; can work in whitelist or blacklist mode",Block/removal,,,,1.0,1.0,,,,,1.0,1.0,,,,1.0,1.0,,1.0,,,1.0,,1.0,,,1.0,,,,,,,,1.0,,,,,,,,,1.0,,,,,,,,Chrome Web Store,Operational
Block Social Media - In Moment,No longer accessible,https://itunes.apple.com/gb/app/block-social-media-in-moment/id1171075554?mt=8&uo=4,,,,,,,,,,,,,,,,,,,,,,,,,,,,,,,,,,,,,,,,,,,,,,,,,,,,,Apple App Store,Defunct
Blocksite,,https://chrome.google.com/webstore/detail/blocksite/ajdknbjjnloedkadkbkajlglplbgmgem?hl=gb,minimal website blocker - blocks sites on blacklist without any additional frills or messages,Block/removal,,,,1.0,1.0,,,,,1.0,,,,,,,,1.0,,,1.0,,,,,,,,,,,,,,,,,,,,,,,,,,,,,,Chrome Web Store,Operational
BlockSites - Sprint,,https://chrome.google.com/webstore/detail/blocksites-sprint/iidaiejaaahookpphknelkmdhncolldg?hl=gb,"start 'sprint' session for specific length, during which websites on a blacklist are blocked; shows countdown timer",Block/removal,,,,1.0,1.0,,,,,1.0,,,,,1.0,,,,,,1.0,,,,,,,,,,,,,1.0,,,,,,,,,,,,,,,,,Chrome Web Store,Operational
Break Addiction,,https://chrome.google.com/webstore/detail/break-addiction/ijejmoofocakfnhhmjjfhaoekhgffmkj?hl=gb,destroys the user interface on blacklisted websites - i.e. scrambles it and makes it full of random colours,Reward/punish,,,,1.0,,,,,,,,,,,,,,1.0,,,1.0,,,,,,,,,,,,,,,,,,,,,,,,,,,,1.0,,Chrome Web Store,Operational
BreakFree - Limit Screen Time!,,https://itunes.apple.com/gb/app/breakfree-limit-screen-time/id1384104507?mt=8&uo=4,tracks and visualises global use; compare yourself with other users: app claims to correlate this data with (physical?) activity levels,Self-tracking,,,,,,,,,,,,,,,,,,,,,,,,,,,,,1.0,,1.0,,,,1.0,1.0,,1.0,1.0,,,,,,,,,1.0,,,Apple App Store,Defunct
Breathe: Website blocker,,https://chrome.google.com/webstore/detail/breathe-website-blocker/ndppkiillkcmmebpbbndbmhoacfoikmj?hl=gb,"when turned on, replaces distracting sites (not customisable) with reminders to breathe (animated lotus slowly contracting and expanding)",Block/removal,Goal-advancement,,,,1.0,,,,,1.0,,,,,,,,1.0,,,1.0,,,,,,,,,,,,,,,,,,,1.0,,,1.0,,,,,,,,Chrome Web Store,Operational
bSociable - an effective way to control your smartphone addiction!,,https://itunes.apple.com/gb/app/bsociable-effective-way-to-control-your-smartphone/id1002964913?mt=8&uo=4,collect 'social time' when not using one's smartphone; the user can see how they compare against others in the amount of collected social time,Reward/punish,Self-tracking,,,,,,,,,,,,,,,,,,,,,,,,,,,,,1.0,1.0,,,1.0,1.0,1.0,,,,,,,,1.0,,,,1.0,,,Apple App Store,Defunct
BusyBee,,https://chrome.google.com/webstore/detail/busybee/jalaeccemnpadhafpplfjnpeijipijlm?hl=gb,"add sites to a blocklist, then the extension can either i) show pop-up asking whether visiting the site is really necessary, when attempted accessed (it will pop up again periodically if the user proceeds), or ii) block those sites altogether",Block/removal,,,,,1.0,,,,,1.0,,,,,,,,1.0,,,1.0,,,,,,,,,,,,,,,,,,,1.0,,,,,,,,,,,Chrome Web Store,Operational
Cat Feed,,https://chrome.google.com/webstore/detail/cat-feed/naecimmjiapcbkndhcnjcjalkibkfddi?hl=gb,replaces Facebook's newsfeed with a cat gif ('avoid distractions while still being entertained'),Block/removal,,,,,,,,,1.0,,,feature-remover,specific website,Facebook,,,,1.0,,,,,,,,,,,,,,,,,,,,,,,,,,,,,,,1.0,,Chrome Web Store,Operational
Cell Phone Addiction Timer - Screen Time Unplugged,,https://itunes.apple.com/gb/app/cell-phone-addiction-timer-screen-time-unplugged/id1133550734?mt=8&uo=4,"set limit goals for how much to use phone, then get reminders when limit is exceeded; also has a 'challenge' with a countdown timer where you try not to use your phone and it tracks whether you succeeded",Self-tracking,Goal-advancement,,,,,,,,,,,,,,,,,,,,,,,,,,,,,1.0,1.0,,,1.0,1.0,1.0,,1.0,1.0,,,,,,,,,,,,Apple App Store,Defunct
Charity Jar,,https://itunes.apple.com/gb/app/charity-jar/id1410451925?mt=8&uo=4,send money to a charity when you unlock your phone; there's a monthly donation limit to make sure you don't spend all your money by mistake,Reward/punish,,,,,,,,,,,,,,,,,,,,,,,,,,,,,,,,,,,,,,,,,,,,,,,,,,1.0,Apple App Store,Defunct
Checkout of your phone,,https://itunes.apple.com/gb/app/checkout-of-your-phone/id1051880452?mt=8&uo=4,"checkout' of your phone, collect virtual points for the minutes it's not used; Facebook friends can be invited to checkout together; see stats of how long has been checked out for",Reward/punish,Self-tracking,,,,,,,,,,,,,,,,,,,,,,,,,,,,,1.0,1.0,,,1.0,1.0,1.0,,,,,,,,1.0,,,,1.0,,,Apple App Store,Defunct
Checky - Phone Habit Tracker,,https://play.google.com/store/apps/details?id=com.calm.checky&hl=en&gl=us,Tracks the number of times phone is unlocked per day,Self-tracking,,,,,,,,,,,,,,,,,,,,,,,,,,,,,1.0,,1.0,,,,1.0,1.0,,,,,,,,,,,,1.0,,,Google Play,Defunct
Cinema Mode,,https://chrome.google.com/webstore/detail/cinema-mode/fiognpnjhbaohemnpigadgoocmnjhahm?hl=gb,blacks out all elements except for the video being watched,Block/removal,,,,,,,,,1.0,,,reader-mode,web,,1.0,,,,,,,,,,,,,,,,,,,,,,,,,,,,,,,,,,,,Chrome Web Store,Operational
Citrus,,https://chrome.google.com/webstore/detail/citrus/cmnnjolnhoailkoaidgpmjbkoohjibdg?hl=gb,block sites on blacklist for specified amount of time; show motivational quote,Block/removal,,,,1.0,1.0,,,,,1.0,,,,,1.0,,,,,,1.0,,,,,,,,,,,,,1.0,,,,,,,,,,,,,,,,,Chrome Web Store,Operational
Clar,,https://itunes.apple.com/gb/app/clar/id1319991355?mt=8&uo=4,"feature remover for Facebook, Twitter, Reddit, Instagram, and YouTube, in Safari on iOS; removes newsfeed, recommended vids, etc.",Block/removal,,,,1.0,,,,,1.0,,,feature-remover,specific website,"Facebook, Twitter, Reddit, Instagram, YouTube",,,,1.0,,,,,,,,,,,,,,,,,,,,,,,,,,,,,,,,,Apple App Store,Defunct
Clarity,,https://chrome.google.com/webstore/detail/clarity/kfjgbcbeohkikomgbnnhggfkhfkkcabe?hl=gb,"replaces new tabs with simple image, clock and prompt to type in what's on your mind; when user starts to type, a distraction-free writing environment appears",Block/removal,Goal-advancement,,,,,,,,1.0,,,feature-remover,new tabs,,,,,1.0,,,,,,,,,,,,,,,,,,,,,,,,,1.0,,,,,,,,Chrome Web Store,Operational
Clarity - Website Blocker,,https://chrome.google.com/webstore/detail/clarity-website-blocker/lnoclldcbkolgfenhijladflbkfgimec?hl=gb,blocks websites on a blacklist or whitelist; is also able to hide Facebook's newsfeed; can be scheduled,Block/removal,,,,1.0,1.0,,,,1.0,1.0,1.0,feature-remover,specific website,facebook,,1.0,,1.0,,,1.0,,,,,,,,,,,,,,,,,,,,,,,,,,,,,,Chrome Web Store,Operational
Clean YouTube,,https://chrome.google.com/webstore/detail/clean-youtube/lcakaambalfllfhjgkdcpgepkpdoneai?hl=gb,"YouTube feature removal: removes all comments, recommended and related Videos",Block/removal,,,,,,,,,1.0,,,feature-remover,specific website,YouTube,,,,1.0,,,,,,,,,,,,,,,,,,,,,,,,,,,,,,,,,Chrome Web Store,Operational
CleanTab,,https://chrome.google.com/webstore/detail/cleantab/mickbcplcjcenlmdfenngjhpmahmfeke?hl=gb,"replaces new tab content with a minimal writing tool, which saves what the user types; screenshots demonstrates use of it to keep todo-notes",Block/removal,Goal-advancement,,,,,,,,1.0,,,minimal-writing,new tabs,,,,,1.0,,,,,,,,,,,,,,,,,,,,,1.0,,,,1.0,,,,,,,,Chrome Web Store,Operational
Clear Page,,https://chrome.google.com/webstore/detail/clear-page/ojafachbjhalpkehfnlfjihfniglcfaa?hl=gb,"reader-mode that removes images and other distracting elements from a page, when the extension icon is clicked",Block/removal,,,,,,,,,1.0,,,reader-mode,web,,1.0,,,,,,,,,,,,,,,,,,,,,,,,,,,,,,,,,,,,Chrome Web Store,Operational
Clear Read,,https://chrome.google.com/webstore/detail/clear-read/kpipjgdapccmpkgipfikeajoopjbcgam?hl=gb,reader-mode for chrome via button that can toggle off stripping out core content and presenting it in simple black text on white background,Block/removal,,,,,,,,,1.0,,,reader-mode,web,,1.0,,,,,,,,,,,,,,,,,,,,,,,,,,,,,,,,,,,,Chrome Web Store,Operational
Click to Remove Element,,https://chrome.google.com/webstore/detail/click-to-remove-element/jcgpghgjhhahcefnfpbncdmhhddedhnk?hl=gb,allows user to remove any elements on a website by clicking on them - works temporarily (single visit),Block/removal,,,,1.0,,,,,1.0,,,feature-remover,web,,1.0,,,,,,,,,,,,,,,,,,,,,,,,,,,,,,,,,,,,Chrome Web Store,Operational
Clocked-In,,https://chrome.google.com/webstore/detail/clocked-in/mfckiobhddjmcofhglkkkpdnhjelbdmj?hl=gb,"tracks how much time are spent on which websites, and visualises it in a pie chart",Self-tracking,,,,,,,,,,,,,,,,,,,,,,,,,,,,,1.0,,,1.0,,,1.0,1.0,,,,,,,,,,,,,,,Chrome Web Store,Operational
Codeforces WA Questions FB News Feed,,https://chrome.google.com/webstore/detail/codeforces-wa-questions-f/ohjicmhfblgpmcbholdnnbjgamifmoli?hl=gb,"replaces Facebook's newsfeed with pending questions on Codeforces - when there are none, get message of encouragement and suggestion to try out new ones at Codeforces",Block/removal,Goal-advancement,,,,,,,,1.0,,,feature-remover,specific website,Facebook,,,,,,,,,,,,,,,,,,,,,,,,,1.0,,,,1.0,,,,,,1.0,,Chrome Web Store,Operational
Cold Turkey,,https://play.google.com/store/apps/details?id=com.felixlogic.coldturkey&hl=en&gl=us,Lock phone access for a specific length of time.,Block/removal,,,,,1.0,,,,,,,,,,1.0,,,,1.0,,,,,,1.0,,,,,,,,,1.0,,,,,,,,,,,,,,,1.0,,Google Play,Defunct
Compose - Send email without distraction,,https://itunes.apple.com/gb/app/compose-send-email-without-distraction/id947492678?mt=8&uo=4,little info in description; minimal email app in which you can compose emails without your inbox,Block/removal,,,,,,,,,1.0,,,minimal-writing,stand-alone alt app,email,1.0,,,,,,,,,,,,,,,,,,,,,,,,,,,,,,,,,,,,Apple App Store,Operational
Concentrate,,https://chrome.google.com/webstore/detail/concentrate/eabegikicaeidaagihoiggcaldblpfaf?hl=gb,"blocks distracting sites (not customisable) when extension is turned on, and replaces them with motivational pictures",Block/removal,Goal-advancement,,,,1.0,,,,,,,,,,,,,1.0,,,1.0,,,,,,,,,,,,,,,,,,,1.0,1.0,,,,,,,,,,Chrome Web Store,Operational
Consciously.Life,,https://chrome.google.com/webstore/detail/consciouslylife/hcbloaifdenigfolkcaaamlagikfcfjh?hl=gb,replace ads with inspirational images of the user's own choice; also lets the user ad todo-list items and inspirational stuff to new tabs,Block/removal,Goal-advancement,,,,,,,,1.0,,,other,new tabs,,,,,1.0,,,,,,,,,,,,,,,,,,,,,1.0,1.0,1.0,,,,,,,,,,Chrome Web Store,Operational
Custom New Tab,,https://chrome.google.com/webstore/detail/custom-new-tab/aiakclopdahdkjkfmbklnocpheohodnn?hl=gb,"more minimal design for new tabs, showing favorite sites, installed apps, and selected bookmark links",Block/removal,,,,,,,,,1.0,,,feature-remover,new tabs,,,,,1.0,,,,,,,,,,,,,,,,,,,,,,,,,,,,,,,,,Chrome Web Store,Operational
Cut the crap - undistracted browsing,,https://chrome.google.com/webstore/detail/cut-the-crap-undistracted/gklapfnodifcfcfcclbpeabnpgneehml?hl=gb,reader view which displays only the content of articles visited by default - can be toggled off,Block/removal,,,,,,,,,1.0,,,reader-mode,web,,1.0,,,1.0,,,,,,,,,,,,,,,,,,,,,,,,,,,,,,,,,Chrome Web Store,Operational
Daily Motivation - Motivational Quotes,,https://chrome.google.com/webstore/detail/daily-motivation-motivati/nonnkklkpbokmppgochfdamhihaijdin?hl=gb,replaces new tab content with motivational quote,Goal-advancement,Block/removal,,,,,,,,1.0,,,feature-remover,new tabs,,,,,1.0,,,,,,,,,,,,,,,,,,,,,,1.0,1.0,,,,,,,,,,Chrome Web Store,Operational
Daily Notes - Distraction-Free,,https://itunes.apple.com/gb/app/daily-notes-distraction-free/id1299564920?mt=8&uo=4,simple minimal writing app,Block/removal,,,,,,,,,1.0,,,minimal-writing,stand-alone alt app,,1.0,,,,,,,,,,,,,,,,,,,,,,,,,,,,,,,,,,,,Apple App Store,Defunct
Dayboard: New Tab & Site Blocker,,https://chrome.google.com/webstore/detail/dayboard-new-tab-site-blo/kimodcegbhclamjcbifgfaldeengbgij?hl=gb,"replaces new tab with todo-list that can hold up to 5 items; also incorporates site blocker which blocks blacklisted sites when they've been visited for more than 10 mins/day; can be incorporated with a team, so that tasks pull in to a manager's dashboard",Goal-advancement,Block/removal,,,,,,,,1.0,,,feature-remover,new tabs,,,,,1.0,,,,,,,,,,,,,,,,,,,1.0,,1.0,,,,,,,,,,,,Chrome Web Store,Operational
deface,,https://chrome.google.com/webstore/detail/deface/ihhimmbgggpdandomknjjamhbofgpijj?hl=gb,remove everything except for chat from Facebook,Block/removal,,,,,,,,,1.0,,,feature-remover,specific website,Facebook,,,,1.0,,,,,,,,,,,,,,,,,,,,,,,,,,,,,,,,,Chrome Web Store,Operational
deReddit,,https://chrome.google.com/webstore/detail/dereddit/bbecbbgpadacpldcacampoadbdgbgack?hl=gb,"Intended to make Reddit less distracting: makes all links purple (so there's no excitement of new links), hides vote counts, hides which domains links come from",Block/removal,,,,,,,,,1.0,,,feature-remover,specific website,Reddit,,,,1.0,,,,,,,,,,,,,,,,,,,,,,,,,,,,,,,,,Chrome Web Store,Operational
DeskTrainer,,https://chrome.google.com/webstore/detail/desktrainer/lhbichageoonjedcjpgifjpldbcdomfj?hl=gb,"counts time on distracting websites; when time has elapsed distracting sites are replaced with workout instructions, showing exercises from the '7-minute workout'; provides an option to add a 30 sec penalty if a workout is skipped",Goal-advancement,,,,1.0,,,,,,1.0,,,,,,,,,,,1.0,,,,,,,,,,,,,,1.0,,,1.0,,1.0,,,1.0,1.0,,,,,,,Chrome Web Store,Operational
Detox for Facebook,,https://chrome.google.com/webstore/detail/detox-for-facebook/lgilhlficbeehaokdmloognnjlolganj?hl=gb,"replaces Facebook's newsfeed with feeds from 'positively distracting' sites, e.g. Hacker News",Block/removal,Goal-advancement,,,,,,,,1.0,,,feature-remover,specific website,Facebook,,,,1.0,,,,,,,,,,,,,,,,,,,,,,,,,1.0,,,,,,,,Chrome Web Store,Operational
Detox Procrastination Blocker: Digital Detox,,https://play.google.com/store/apps/details?id=forinnovation.phoneaddiction&hl=en&gl=us,locks entire device for specific length of time; can't be turned off; track and display history of time spent locking phone,Block/removal,Self-tracking,,,,1.0,,,,,,,,,,1.0,,,,1.0,,,,,,1.0,,,,,1.0,1.0,,,1.0,1.0,,,,,,,,,,,,,,,,Google Play,Operational
DF Tube (Distraction Free for YouTube™),,https://chrome.google.com/webstore/detail/df-tube-distraction-free/mjdepdfccjgcndkmemponafgioodelna?hl=gb,"disables autoplay, hides recommendations sidebar, related videos, grid of recommended videos that appear on homepage; optionally also hide comments and disable playlists sitewide",Block/removal,,,,1.0,,,,,1.0,,,feature-remover,specific website,YouTube,,,,1.0,,,,,,,,,,,,,,,,,,,,,,,,,,,,,,,,,Chrome Web Store,Operational
Digital Detox: Focus and fight phone addiction,,https://play.google.com/store/apps/details?id=com.urbandroid.ddc&hl=en&gl=us,take 'digital detox' challenges where you lock your phone for a specified amount of time; you get points and praise if you succeed; it can be overriden if really needed,Reward/punish,Block/removal,,,,1.0,,,,,,,,,,1.0,,,,1.0,,,,,,,,1.0,,,1.0,,,,1.0,,,,,,,,,,1.0,1.0,,1.0,1.0,1.0,1.0,Google Play,Operational
DinnerMode,,https://itunes.apple.com/gb/app/dinnermode/id921581588?mt=8&uo=4,"choose amount of time to not use phone by placing it facedown - if phone not touched during this time, get encouraging message and suggestion to tweet out how long phone wasn't used for",Reward/punish,Self-tracking,,,,,,,,,,,,,,,,,,,,,,,,,,,,,1.0,1.0,,,1.0,,,,,,,,,,,,,,1.0,1.0,,Apple App Store,Defunct
Distracting pages blocker,,https://chrome.google.com/webstore/detail/distracting-pages-blocker/aifiaacpdkkckecghcalnclkdjhaemip?hl=gb,"block websites on a block list; when trying to access them, display message showing how many times the user have attempted to enter them",Block/removal,,,,1.0,1.0,,,,,1.0,,,,,,,,1.0,,,1.0,,,,,,,,1.0,,,1.0,,,1.0,,,,,,,,,,,,,,,,Chrome Web Store,Operational
Distraction Free Youtube,,https://chrome.google.com/webstore/detail/distraction-free-youtube/jiodbndblpjnjdnifjaffikbmglddjeo?hl=gb,Removes related or recommended video links from YouTube,Block/removal,,,,,,,,,1.0,,,feature-remover,specific website,YouTube,,,,1.0,,,,,,,,,,,,,,,,,,,,,,,,,,,,,,,,,Chrome Web Store,Operational
Distraction Timer,Unclear functionality,https://play.google.com/store/apps/details?id=com.mastercomp.innovacion.practicainnovacion&hl=en&gl=us,NOT ENOUGH INFORMATION,,,,,,,,,,,,,,,,,,,,,,,,,,,,,,,,,,,,,,,,,,,,,,,,,,,,Google Play,Defunct
Distraction-free Facebook Chat UI,,https://chrome.google.com/webstore/detail/distraction-free-facebook/bekopiljnnbamkegeidmbmbopennjgke?hl=gb,"Facebook feature removal: hide everything except for chat. Displays a ""Hide/show Facebook"" button (you have to click to hide the first time)",Block/removal,,,,,,,,,1.0,,,feature-remover,specific website,Facebook,1.0,,,,,,,,,,,,,,,,,,,,,,,,,,,,,,,,,,,,Chrome Web Store,Operational
Distraction-free Homestuck,,https://chrome.google.com/webstore/detail/distraction-free-homestuc/poclfnmbkagmjnhbogegmoafjhlockhi?hl=gb,reader-mode for Homestuck (a particular comic / graphic novel),Block/removal,,,,,,,,,1.0,,,reader-mode,specific website,Homestuck (comic),,,,1.0,,,,,,,,,,,,,,,,,,,,,,,,,,,,,,,,,Chrome Web Store,Operational
DistractionOff,,https://chrome.google.com/webstore/detail/distractionoff/ehfmnnpeonndcmoadimpfikopafgoibm?hl=gb,block websites on blacklist when toggled on; customisable to start either off or on when browser is opened;,Block/removal,,,,1.0,1.0,,,,,1.0,,,,,1.0,,,1.0,,,1.0,,,,,,,,,,,,,,,,,,,,,,,,,,,,,,Chrome Web Store,Operational
DistractOff,,https://chrome.google.com/webstore/detail/distractoff/hdnjpdhnjfiipibogpkeemefnldahcnk?hl=gb,"blocks distracting websites during specified hours; can be overridden temporarily on the 'shouldn't you be working' page that's shown, but a custom delay time set before override occurs",Block/removal,,,,1.0,1.0,,,,,1.0,,,,,,1.0,,,,,1.0,,,1.0,,,,,,,,,,,,,,,,,,,,,,,,,,,Chrome Web Store,Operational
DM Redirect,,https://chrome.google.com/webstore/detail/dm-redirect/pfbdhjecpnbopodopafogoggcbpojdci?hl=gb,redirects to the Guardian when the user tries to browse to the Daily Mail,Block/removal,Goal-advancement,,,,,,,,,,,,,,,,,,,,,,,,,,,,,,,,,,,,,,,,,,1.0,,,,,,,,Chrome Web Store,Operational
Do Not Disturb - Mute it,,https://play.google.com/store/apps/details?id=com.Appdesk.MuteIt&hl=en&gl=us,reject incoming calls (with auto-reply) and mute notifications during specified hours - it's basically like a granular Do Not Disturb feature,Block/removal,,,,,1.0,,,,,,,,,,,1.0,,,,,,1.0,,,,,,1.0,,,,,,,,,,,,,,,,,,,,,,,Google Play,Defunct
Do Not Disturb for Gmail,,https://chrome.google.com/webstore/detail/do-not-disturb-for-gmail/plpeflfgccdjdoalphmpcahkedbabkno?hl=gb,"extension for gmail which only allows emails to come in at specific times, in order to make the inbox less distracting",Block/removal,,,,,,,,,1.0,,1.0,feature-remover,specific website,gmail,,1.0,,,,,,,,,,,,,,,,,,,,,,,,,,,,,,,,,,,Chrome Web Store,Operational
Don't Visit - Block Sites,,https://chrome.google.com/webstore/detail/dont-visit-block-sites/olccdihofjbikcpbejfgipnighnpabai?hl=gb,block websites on blacklist; by default can't be overridden though the ability to do so can be enabled,Block/removal,,,,1.0,1.0,,,,,1.0,,,,,,,,1.0,,,1.0,,,,1.0,,,,,,,,,,,,,,,,,,,,,,,,,,Chrome Web Store,Operational
Donut Dog: Feed your focus!,,https://itunes.apple.com/gb/app/donut-dog-feed-your-focus/id1179111193?mt=8&uo=4,"set timer for how long the user wishes not to use their phone; as long as they stay in the app while a timer counts down, the app generates virtual donuts; this stops when the app is left; collect virtual points and rewards",Reward/punish,Self-tracking,,,,,,,,,,,,,,,,,,,,,,,,,,,,,1.0,1.0,,,1.0,1.0,1.0,,,,,,,,1.0,,1.0,1.0,,,,Apple App Store,Operational
Draco.,,https://itunes.apple.com/gb/app/draco/id1288680813?mt=8&uo=4,distraction-free writing app,Block/removal,,,,,,,,,1.0,,,minimal-writing,stand-alone alt app,,1.0,,,,,,,,,,,,,,,,,,,,,,,,,,,,,,,,,,,,Apple App Store,Defunct
Dumbphone,,https://play.google.com/store/apps/details?id=bg.bozho.dumbphone&hl=en&gl=us,blocks internet connectivity and app use for specified amount of time; Time lag for overrride. Tracks how many times you have overriden.,Block/removal,,,,,1.0,,,,,,,,,,1.0,,,,,1.0,1.0,,,1.0,,,,,,,,,,1.0,1.0,,,,,,,,,,,,,,1.0,,Google Play,Defunct
Dyve,,https://play.google.com/store/apps/details?id=com.Dyve.Dyve&hl=en&gl=us,blocks notifications and sounds for specified length of time; sends auto-replies to ppl trying to get in touch,Block/removal,,,,,1.0,,,,,,,,,,1.0,,,,,,,1.0,,,,,,1.0,,,,,,,,,,,,,,,,,,,,,,,Google Play,Defunct
Elenco,,https://chrome.google.com/webstore/detail/elenco/phbjhmbdcecahmckhhbdabmnhmjcpjab?hl=gb,replaces new tab content with a todo-list,Block/removal,Goal-advancement,,,,,,,,1.0,,,feature-remover,new tabs,,,,,1.0,,,,,,,,,,,,,,,,,,,1.0,,1.0,,,,,,,,,,,,Chrome Web Store,Operational
Facebook Chat Only,,https://chrome.google.com/webstore/detail/facebook-chat-only/nandlceadjgicbkdjhoppnlcegigifkb?hl=gb,"Facebook feature removal: hides everything except for the chat, when the extension icon is clicked",Block/removal,,,,,,,,,1.0,,,feature-remover,specific website,Facebook,1.0,,,,,,,,,,,,,,,,,,,,,,,,,,,,,,,,,,,,Chrome Web Store,Operational
Fame or Shame : Anti Procrastination Timer,,https://play.google.com/store/apps/details?id=com.kaamchor.android.fameorshame&hl=en&gl=us,"countdown timer; if phone is not used, get rewarded by motivational quote, if phone used, get a snarky sarcastic comment as punishment",Self-tracking,Reward/punish,,,,,,,,,,,,,,,,,,,,,,,,,,,,,1.0,,,,1.0,,,,,,1.0,1.0,,,,,,,,1.0,,Google Play,Defunct
FB Newsfeed Killer,,https://chrome.google.com/webstore/detail/fb-newsfeed-killer/edolpjgphhnkmolpapkbnkoceegcjbng?hl=gb,Facebook feature removal: remove the newsfeed,Block/removal,,,,,,,,,1.0,,,feature-remover,specific website,Facebook,,,,1.0,,,,,,,,,,,,,,,,,,,,,,,,,,,,,,,,,Chrome Web Store,Operational
Feed the Goat,,https://chrome.google.com/webstore/detail/feed-the-goat/nlpolkejgdffadcagpkaoijinmhohpkk?hl=gb,"feed a virtual goat by entering focus sessions where you promise not to visit your blacklisted websites - if blacklisted websites are visited before countdown is over, a popup asks whether you really want to visit the website, 'cause if you do your goat will die'; the cash balance you build up by succeeding can be used to purchase new goats",Block/removal,Self-tracking,,,1.0,,,,,,,,,,,,,,,,,,,,,,,,,1.0,,,1.0,,1.0,1.0,,,,,,,,,1.0,1.0,1.0,,,1.0,,Chrome Web Store,Operational
Feedless - Newsfeed Blocker,,https://itunes.apple.com/gb/app/feedless-newsfeed-blocker/id1339509325?mt=8&uo=4,"removes newsfeeds on Facebook, Instagram, and Twitter, when visited through Safari",Block/removal,,,,,,,,,1.0,,,feature-remover,specific website,"Facebook, Instagram, Twitter",,,,1.0,,,,,,,,,,,,,,,,,,,,,,,,,,,,,,,,,Apple App Store,Defunct
FishCure:stay focused,,https://itunes.apple.com/gb/app/fishcure-stay-focused/id1134446132?mt=8&uo=4,Forest clone; countdown timer in which you breed fish; get notifications if you leave the app,Reward/punish,Self-tracking,,,,,,,,,,,,,,,,,,,,,,,,,,,,,1.0,1.0,,,1.0,,,,,1.0,,,,,1.0,,1.0,,,,,Apple App Store,Defunct
FLIP - Focus Timer for Study,,https://play.google.com/store/apps/details?id=kr.co.rinasoft.yktime&hl=en&gl=us,measures study time when flipping phone over; tracks and visualises study time; also sets challenges; tries to schedule tasks (e.g. 'practice grammar') in empty spots in calendar,Self-tracking,Goal-advancement,,,,,,,,,,,,,,,,,,,,,,,,,,,,,1.0,1.0,,,1.0,1.0,1.0,,1.0,,,,,,1.0,,,,,,,Google Play,Operational
"Flipd — Stay Focused, Remove Distractions",,https://play.google.com/store/apps/details?id=com.flipd.app&hl=en&gl=us,block apps and notifications during focus time - tracks and visualises progress; schedule reminders for focus time; can collect 'streaks',Block/removal,Self-tracking,Goal-advancement,Reward/punish,1.0,1.0,,,,,,,,,,1.0,1.0,,,1.0,,1.0,,,,1.0,,,,1.0,,1.0,,,1.0,1.0,1.0,,,1.0,,,,,1.0,,,,1.0,,,Google Play,Operational
"Flora - Focus, Study, Pomodoro",,https://itunes.apple.com/us/app/flora-focus-study-pomodoro/id1225155794?mt=8&uo=4,"Forest clone, but with multi-user functionality: set a timer for non-use during which trees are being grown; a session can be participated in by multiple users; the tree dies if any of the users leave the app before the time is us; track and visualise progress",Reward/punish,Self-tracking,,,,,,,,,,,,,,,,,,,,,,,,,,,,,1.0,1.0,,,,1.0,1.0,,,,,,,,1.0,1.0,1.0,1.0,1.0,1.0,,Apple App Store,Operational
Focus,,https://chrome.google.com/webstore/detail/focus/bgkfhickopppfgehdekaeciapmflmjpf?hl=gb,hides Facebook's newsfeed,Block/removal,,,,,,,,,1.0,,,feature-remover,specific website,Facebook,,,,1.0,,,,,,,,,,,,,,,,,,,,,,,,,,,,,,,,,Chrome Web Store,Operational
Focus,,https://chrome.google.com/webstore/detail/focus/bjmcjeffnloaojffcbaekmcokegnejlf?hl=gb,"block websites on blacklist; when the user tries to access them, a customisable motivational message ('what's your epic dream?' is the prompt for coming up with these) is displayed on top of an image",Block/removal,Goal-advancement,,,1.0,1.0,,,,,1.0,,,,,,,,1.0,,,1.0,,,,,,,,,,,,,,,,,,,1.0,1.0,,,,,,,,,,Chrome Web Store,Operational
Focus,,https://chrome.google.com/webstore/detail/focus/ckkdbofdehcaophjcnapegcmgnkeilmf?hl=gb,"reader mode - when user right clicks > 'focus', it adds a dark overlay to everything except for a bright square which can be moved on top of the content the user wishes to focus on",Block/removal,,,,,,,,,1.0,,,reader-mode,web,,1.0,,,,,,,,,,,,,,,,,,,,,,,,,,,,,,,,,,,,Chrome Web Store,Operational
Focus,,https://chrome.google.com/webstore/detail/focus/gmpilhchglhlmlnhepnapmddoigjgbfi?hl=us,blocks websites on blacklist for specific duration of time; also tracks and visualises time spent past 7 days on websites,Block/removal,Self-tracking,,,1.0,1.0,,,,,1.0,,,,,1.0,,,,,,1.0,,,,,,,,1.0,,,1.0,,,1.0,1.0,,,,,,,,,,,,,,,Chrome Web Store,Operational
Focus,,https://chrome.google.com/webstore/detail/focus/jokfmckafejdkpmfelplikgicojehpob?hl=gb,"blocks blacklisted sites during 'focus sessions' - during a session, a page is shown which has a countdown for current focus session and reminds the user to get back to work; when focus session is over, displays a message with how many times during the session the user tried to access blacklisted sites",Block/removal,,,,1.0,1.0,,,,,1.0,,,,,1.0,,,,,,1.0,,,,,,,,1.0,,,1.0,,1.0,1.0,,,,,1.0,,1.0,,,,,,,,,Chrome Web Store,Operational
focus,,https://chrome.google.com/webstore/detail/focus/ochbmfnjjmphmkoejphcdiondcipfkim?hl=gb,"start focus session; during these have three blacklists: one for sites that should be totally blocked, one for sites where the user should get a nudge asking them if they really need to go there; and one for sites on which visit time should be limited",Block/removal,,,,1.0,1.0,,1.0,,,1.0,,,,,1.0,,,,,,1.0,,,,,,,,,,,,,,,,,1.0,,,,,,,,,,,,,Chrome Web Store,Operational
Focus,,https://chrome.google.com/webstore/detail/focus/paipcheolflniajdfeglfpddafcklepg?hl=gb,"replaces new tab content with todo list that also has 'start focusing' button; when this button is clicked, a 25 min work session is started where websites on a blacklist are blocked and a countdown timer shown when you try to access them; shows log of what has been done",Goal-advancement,Block/removal,Self-tracking,,1.0,1.0,,,,1.0,1.0,,feature-remover,new tabs,,1.0,,,,,,1.0,,,,,,,,,,,,,1.0,1.0,,1.0,,1.0,,,,,,,,,,,,Chrome Web Store,Operational
Focus - Be Productive!,,https://play.google.com/store/apps/details?id=com.lazygeniouz.focus&hl=en&gl=us,lock phone entirely for specific period; can be overridden if button is held down for 5 seconds; allows emergency calls; has strict mode where it can't be turned off; customisable message on lock screen during locked period,Block/removal,,,,,1.0,,,,,,,,,,1.0,,,,1.0,,,,,1.0,1.0,,,,,,,,,,,,,,,1.0,,,,,,,,,,,Google Play,Operational
Focus - Stay Concentrated,,https://itunes.apple.com/gb/app/focus-stay-concentrated/id1282350044?mt=8&uo=4,"choose amount of time not to use phone; if leaving the app before the countdown is over, the user does not collect any virtual points and trophies",Reward/punish,Self-tracking,,,,,,,,,,,,,,,,,,,,,,,,,,,,,1.0,1.0,,,1.0,,,,,,,,,,1.0,,1.0,1.0,,1.0,,Apple App Store,Operational
Focus - Website Blocker,,https://chrome.google.com/webstore/detail/focus-website-blocker/fkemmknanigdnadcabhnljankdemknbi?hl=gb,temporarily blocks websites on blacklist,Block/removal,,,,1.0,1.0,,,,,1.0,,,,,1.0,,,,,,1.0,,,,,,,,,,,,,,,,,,,,,,,,,,,,,,Chrome Web Store,Operational
Focus 45,,https://chrome.google.com/webstore/detail/focus-45/efjdfkfpnffgkdgehkenoikpbadfgple?hl=gb,blocks websites on customisable blocklist for specific duration of time; can be overridden for specified length of time by entering a code shown,Block/removal,,,,1.0,1.0,,,,,1.0,,,,,1.0,,,,,,1.0,,1.0,,,,,,,,,,,,,,,,,,,,,,,,,,,,Chrome Web Store,Operational
Focus Booster (Beta),,https://chrome.google.com/webstore/detail/focus-booster-beta/okmgnidalnjhlnepddmgfcklehkpbnmn?hl=gb,"start work session for specified amount of time, during which specified websites are either blocked or have their notifications muted",Block/removal,,,,1.0,1.0,,,,,1.0,,,,,1.0,,,,,,1.0,1.0,,,1.0,,,,,,,,,,,,,,,,,,,,,,,,,,Chrome Web Store,Operational
Focus by Axon,,https://itunes.apple.com/gb/app/focus-by-axon/id1292135375?mt=8&uo=4,"set timer for how long the user wishes not to use their phone; as long as they stay in the app while a timer counts down, the user collects virtual candy; this stops when the app is left; the virtual candies can be exchanged for virtual cats",Reward/punish,Self-tracking,,,,,,,,,,,,,,,,,,,,,,,,,,,,,1.0,1.0,,,1.0,1.0,1.0,,,,,,,,1.0,,1.0,1.0,,,,Apple App Store,Defunct
Focus Cat,,https://chrome.google.com/webstore/detail/focus-cat/bjejgjoblboddchpklahjbkmgfeilodi?hl=gb,"block distracting websites, then show a picture of a sad cat with a sort of motivational question (Why You No Do Work?) when those websites are attempted accessed",Block/removal,Reward/punish,,,1.0,1.0,,,,,1.0,,,,,,,,1.0,,,1.0,,,,,,,,,,,,,,,,,,,,,,,,,,,,1.0,,Chrome Web Store,Operational
Focus Cat App - Focus Timer,,https://play.google.com/store/apps/details?id=com.NoxfallStudios.StudyCatApp&hl=en&gl=us,"set timer for duration where you don't want to use your phone - while the countdown is on, a cat appears in a box; if the app is left before the time runs out, the cat runs away - otherwise it moves into a cat house; multiple types of cat can be collected",Reward/punish,Self-tracking,,,,,,,,,,,,,,,,,,,,,,,,,,,,,1.0,1.0,,,1.0,1.0,1.0,,,,,,,,1.0,1.0,1.0,1.0,,,,Google Play,Operational
Focus Drive - Pomodoro Timer,,https://itunes.apple.com/gb/app/focus-drive-pomodoro-timer/id1342492708?mt=8&uo=4,"choose amount of time not to use phone; an animated car starts driving; if leaving the app before the countdown is over, the car will crash and no points will be collected; see stats over how you've done; option to focus in a group, so that if any one person leaves the app, the car crashes",Reward/punish,Self-tracking,,,,,,,,,,,,,,,,,,,,,,,,,,,,,1.0,1.0,,,1.0,1.0,1.0,,,,,,,,1.0,1.0,1.0,,1.0,,,Apple App Store,Defunct
Focus Master,No longer accessible,https://play.google.com/store/apps/details?id=com.focusmaster&hl=en&gl=us,,,,,,,,,,,,,,,,,,,,,,,,,,,,,,,,,,,,,,,,,,,,,,,,,,,,,Google Play,Defunct
Focus Mode,,https://chrome.google.com/webstore/detail/focus-mode/jhfefcgbjemmakkkaabcdofehlegadbl?hl=gb,"toggle 'focus mode' on or off - during focus mode, websites on blacklist are blocked, and a 'return to work' image is shown. Also measures 'distraction attempts,.",Block/removal,,,,1.0,1.0,,,,,1.0,,,,,1.0,,,,,,1.0,,,,,,,,1.0,,,1.0,,,1.0,,,,,1.0,,,,,,,,,,,Chrome Web Store,Operational
Focus Reader View,,https://chrome.google.com/webstore/detail/focus-reader-view/fbhngbllhjggfpkeeiddgkkliacmegin?hl=gb,reader-mode modelled after Safari's reader,Block/removal,,,,,,,,,1.0,,,reader-mode,web,,1.0,,,,,,,,,,,,,,,,,,,,,,,,,,,,,,,,,,,,Chrome Web Store,Operational
Focus Timer - Study & Work Timer,,https://itunes.apple.com/gb/app/focus-timer-study-work-timer/id1236802463?mt=8&uo=4,"set a countdown timer, then if the user leaves the app before they countdown is over they will receive reminders to go back to the app and the task they were trying to achieve; if they do not, they lose their 'focus streak'; scores can be shared with friends; user can set a title for the session (e.g. 'studying for midterm exam') which is used for the reminder to go back to the app",Block/removal,Goal-advancement,,,,,,,,,,,,,,,,,,,,,,,,,,,,,,,,,,,,1.0,,1.0,1.0,,,,1.0,1.0,,,1.0,,,Apple App Store,Defunct
"Focus: Limit Distracting Apps, End Procrastination",,https://play.google.com/store/apps/details?id=com.curlybrace.ruchir.keepfocusneverprocrastinateagain&hl=en&gl=us,block blacklisted apps when they've been used for longer than X minutes in total; option to block all apps entirely; option to demand password for override; option to send motivational reminders to oneself every X minutes,Block/removal,,,,1.0,1.0,,1.0,,,1.0,,,,,1.0,1.0,,1.0,1.0,,1.0,,1.0,,,,,,,,,,,,,,,,,1.0,1.0,,,,,,,,,,Google Play,Defunct
Focus.me,,https://chrome.google.com/webstore/detail/focusme/jdkgogfonlaifeigkgbkfamcihablemc?hl=gb,"blocks blacklisted websites either for a session of a specified length, or during certain hours; can't be turned off; when trying to access a blacklisted site, get a motivational quote and a countdown timer for the session",Block/removal,Self-tracking,Goal-advancement,,1.0,1.0,,,,,1.0,,,,,1.0,1.0,,,,,1.0,,,,1.0,,,,,,,,,1.0,,,,,,1.0,1.0,,,,,,,,,,Chrome Web Store,Operational
Focusbook (Facebook News Feed Remover),,https://chrome.google.com/webstore/detail/focusbook-facebook-news-f/apaajjfjfiplngfmknjjbdhmkfednofa?hl=gb,"hides Facebook's newsfeed and shows a customisable ""you could be doing X instead"" message",Block/removal,Goal-advancement,,,,,,,,1.0,,,feature-remover,specific website,facebook,,,,1.0,,,,,,,,,,,,,,,,,,,,,,1.0,,,,,,,,,,,Chrome Web Store,Operational
Focuser,,https://chrome.google.com/webstore/detail/focuser/iagigcfphpmcacmacocoeloibeddbkgl?hl=gb,reader mode which hides links and GIFs when button is clicked,Block/removal,,,,,,,,,1.0,,,reader-mode,web,,1.0,,,,,,,,,,,,,,,,,,,,,,,,,,,,,,,,,,,,Chrome Web Store,Operational
Focusly,,https://chrome.google.com/webstore/detail/focusly/jlihnplddpebplnfafhdanaiapbeikbk?hl=gb,block websites for session of specified duration; a long sequence of arrow keys must be typed in correctly to override,Block/removal,,,,1.0,1.0,,,,,1.0,,,,,1.0,,,,,,1.0,,1.0,,,,,,,,,,,,,,,,,,,,,,,,,,,,Chrome Web Store,Operational
FocusMe: A Pomodoro Timer and Website Blocker,,https://chrome.google.com/webstore/detail/focusme-a-pomodoro-timer/koebbleaefghpjjmghelhjboilcmfpad?hl=gb,"mix of pomodoro timer and website blocker - blocks website on blacklist during work session of X minutes, then allows them for break session of X minutes",Self-tracking,Block/removal,,,1.0,1.0,,,,,1.0,,,,,1.0,,,,,,1.0,,,,,,,,,,,,,1.0,,,,,,,,,,,,,,,,,Chrome Web Store,Operational
Focussu Pro - Stay Focussed and Remove Online Distractions,,https://itunes.apple.com/gb/app/focussu-pro-stay-focussed-and-remove-online-distractions/id1082956014?mt=8&uo=4,safari iOS website blocker - simply add to a blacklist,Block/removal,,,,1.0,1.0,,,,,1.0,,,,,,,,1.0,,,1.0,,,,,,,,,,,,,,,,,,,,,,,,,,,,,,Apple App Store,Defunct
FocusTube,,https://chrome.google.com/webstore/detail/focustube/cljdhmefdicljlcnkblaedkcjbfkpkmc?hl=gb,"YouTube feature removal: hides most content on homepage (channels, videos) plus comments and recommended videos",Block/removal,,,,,,,,,1.0,,,feature-remover,specific website,YouTube,,,,1.0,,,,,,,,,,,,,,,,,,,,,,,,,,,,,,,,,Chrome Web Store,Operational
FokisOn,,https://play.google.com/store/apps/details?id=com.fokison.mobile&hl=en&gl=us,app in which ppl start 'moments' together where a counter counts down during non-use and you collect points and 'win' if you are able to not use your phone for other purposes until countdown timer has run out,Reward/punish,Self-tracking,,,,,,,,,,,,,,,,,,,,,,,,,,,,,1.0,1.0,,,1.0,1.0,1.0,,,,,,,,1.0,1.0,,1.0,1.0,,,Google Play,Defunct
Fokus,,https://chrome.google.com/webstore/detail/fokus/cfpbffnpolaibgaojodpkljfliagglgd?hl=gb,"sets length of time during which blocked sites can't be accessed again - e.g. it doesn't block Facebook at first visit, but when left, the user has two wait X minutes before they will be allowed to go to the site again",Block/removal,,,,,1.0,,,,,1.0,,,,,,1.0,,,,,1.0,,,,,,,,,,,,,,,,,,,,,,,,,,,,,,Chrome Web Store,Operational
FOMO - Beat Your Phone Addiction,,https://play.google.com/store/apps/details?id=com.manifest.fomo&hl=en&gl=us,"tracks and displays phone usage in numbers; Lists most used apps, most called contacts, and phone call duration; uses tracked data to calculate a FOMO score, which can be shared with friends and family",Self-tracking,Reward/punish,,,,,,,,,,,,,,,,,,,,,,,,,,,,1.0,,1.0,1.0,,,1.0,,,,,,,,,1.0,,,,1.0,,,Google Play,Defunct
Forest Grow - Motivation Alarm,,https://itunes.apple.com/gb/app/forest-grow-motivation-alarm/id1097508352?mt=8&uo=4,clone of 'Forest' - plant virtual trees that die if you leave the app before the countdown is over; timers and notes show time where phone hasn't been used,Reward/punish,Self-tracking,,,,,,,,,,,,,,,,,,,,,,,,,,,,,1.0,1.0,,,1.0,1.0,1.0,,,,,,,,1.0,1.0,1.0,1.0,,,,Apple App Store,Defunct
Forest: Stay focused,,https://play.google.com/store/apps/details?id=cc.forestapp&hl=en&gl=us,let virtual trees grow when you're supposed to focus; virtual trees are killed if app quit or blacklisted app used; virtual tree points can be spent on planting real trees in the real world; you can look back on the trees built; can also track daily phone usage and screen time,Reward/punish,Self-tracking,,,1.0,,,,,,,,,,,,,,,,,,,,,,,,,,1.0,1.0,,,1.0,1.0,1.0,,,,,,,,1.0,1.0,1.0,1.0,1.0,,1.0,Google Play,Operational
"Forest: stay focused, be present",,https://chrome.google.com/webstore/detail/forest-stay-focused-be-pr/kjacjjdnoddnpbbcjilcajfhhbdhkpgk?hl=gb,chrome version of the Forest app: plant trees with countdown; the tree dies if websites on blacklist are visited before countdown is over; trees can be 'shared with friends',Reward/punish,Self-tracking,,,1.0,,,,,,1.0,,,,,,,,,,,,,,,,,,,,1.0,,1.0,,1.0,1.0,1.0,,,,,,,,1.0,1.0,1.0,1.0,1.0,,,Chrome Web Store,Operational
Forests:Focus,,https://itunes.apple.com/gb/app/forests-focus/id1315391644?mt=8&uo=4,Another Forest clone which grows trees during non-use,Reward/punish,,,,,,,,,,,,,,,,,,,,,,,,,,,,,,1.0,1.0,,,,1.0,1.0,,,,,,,,1.0,1.0,1.0,,,,,Apple App Store,Defunct
Forward with Message[FwM],,https://chrome.google.com/webstore/detail/forward-with-messagefwm/oomfjejiohkdhcignnaleflbjhjfgpda?hl=gb,"lets the user block web pages, display a custom message for 7 seconds, then redirect to another custom URL",Block/removal,Goal-advancement,,,1.0,1.0,,,,,1.0,,,,,,,,1.0,,,1.0,,,,,,,,,,,,,,,,,,,1.0,,,1.0,,,,,,,,Chrome Web Store,Operational
Free Pause Gmail,,https://chrome.google.com/webstore/detail/free-pause-gmail/dklgipobjmkgiiklbpokmededbdillmd?hl=gb,"adds 'pause inbox' button to gmail, which hides incoming emails for a certain interval or until the button is ticked again",Block/removal,,,,,,,,,1.0,,,feature-remover,specific website,gmail,1.0,,,,,,,,,,,,,,,,,,,,,,,,,,,,,,,,,,,,Chrome Web Store,Operational
Freedom - Website Blocker for Chrome,,https://chrome.google.com/webstore/detail/freedom-website-blocker-f/abdkjmofmjelgafcdffaimhgdgpagmop?hl=gb,block specific websites or all of the web for specified duration of time; can be scheduled,Block/removal,,,,1.0,1.0,,,,,1.0,,,,,1.0,1.0,,,,1.0,1.0,,,,1.0,,,,,,,,,,,,,,,,,,,,,,,,,,Chrome Web Store,Operational
Friction for Facebook,,https://chrome.google.com/webstore/detail/friction-for-facebook/inkekagjnebllggonnnlhheeoocfbbgh?hl=gb,"Feature removal for Facebook: makes alerts grey, notification box 'boring', and hides newsfeed by default and adds delay to loading it",Block/removal,,,,,,,,,1.0,,,feature-remover,specific website,Facebook,,,,1.0,,,,,,,,,,,,,,,,,,,,,,,,,,,,,,,,,Chrome Web Store,Operational
Gen4,,https://chrome.google.com/webstore/detail/gen4/pjkdlacnjfgkdbpojjfalmehngmlegnd?hl=gb,"type in goal, then be reminded about this goal now and then during a focus session (frequency is user-customisable); also lets user put sites on a blacklist that will be blocked during focus sessions",Goal-advancement,Block/removal,,,1.0,1.0,,,,,1.0,,,,,1.0,,,,,,1.0,,,,,,,,,,,,,,,,1.0,,1.0,,,,,,,,,,,,Chrome Web Store,Operational
GIF Blocker,,https://chrome.google.com/webstore/detail/gif-blocker/oekejgakomlgjhglcknafljncaibhbpa?hl=gb,hides GIFs,Block/removal,,,,,,,,,1.0,,,feature-remover,web,,,,,1.0,,,,,,,,,,,,,,,,,,,,,,,,,,,,,,,,,Chrome Web Store,Operational
GitHub No Pressure,,https://chrome.google.com/webstore/detail/github-no-pressure/jikpgmlegdfdlggecpchmjbdjjjmgmcb?hl=us,"GitHub feature removal: hide followers feed, contributions calendar, and streak counters",Block/removal,,,,,,,,,1.0,,,feature-remover,specific website,GitHub,,,,1.0,,,,,,,,,,,,,,,,,,,,,,,,,,,,,,,,,Chrome Web Store,Operational
Glider,,https://chrome.google.com/webstore/detail/glider/nnbelhaimpnkdnmfpbnbphdakokflnbc?hl=gb,"adds filter to hide 'distracting' emails from email inbox; track email habits (time spent, activity); create profiles to help share email expectations with others",Block/removal,Self-tracking,,,,,,,,1.0,,,feature-remover,specific website,Gmail,,1.0,,1.0,,,,,,,,,,,1.0,,,1.0,1.0,,1.0,1.0,,,,,,,,,,,,1.0,,,Chrome Web Store,Operational
Gmail Label Toggler,,https://chrome.google.com/webstore/detail/gmail-label-toggler/menfbnhjfngjemnlegmimcmdfgidgjkm?hl=gb,allows the user to toggle the display of labels on and off,Block/removal,,,,,,,,,1.0,,,feature-remover,specific website,Gmail,1.0,,,,,,,,,,,,,,,,,,,,,,,,,,,,,,,,,,,,Chrome Web Store,Operational
Go Fucking Work,,https://chrome.google.com/webstore/detail/go-fucking-work/hibmkkpfegfiinilnlabbfnjcopdiiig?hl=gb,redirects attempts to go to blacklisted sites to motivational and profane messages telling you to get back to work; allow blacklisted sites only during certain hours; user can ask for an additional break for a specified length;,Block/removal,Reward/punish,,,1.0,1.0,,,,,1.0,,,,,1.0,1.0,,,,,1.0,,,,,,,,,,,,,,,,,,,1.0,1.0,,,,,,,,1.0,,Chrome Web Store,Operational
Good Morning,,https://chrome.google.com/webstore/detail/good-morning/icjnjamlfgbdinjffhckkbgdpkddnlnk?hl=gb,block websites on blacklist before noon; can be overridden for 5 mins by typing in a password verbatim,Block/removal,Goal-advancement,,,1.0,1.0,,,,,1.0,,,,,,1.0,,,,,1.0,,1.0,,,,,,,,,,,,,,,,,1.0,,,,,,,,,,,Chrome Web Store,Operational
Goodnight Chrome,,https://chrome.google.com/webstore/detail/goodnight-chrome/lcammigejkehebmfaidgebphjdbdfekb?hl=gb,"blocks chrome from working during specified hours; when chrome is opened during these hours, it suggests 'fun' offline activities to do instead (e.g. reading a book or calling a loved one)",Block/removal,,,,,1.0,,,,,,,,,,,1.0,,,1.0,,,,,,,,,,,,,,,,,,,,,1.0,,,1.0,,,,,,,,Chrome Web Store,Operational
Goodtime productivity timer,,https://play.google.com/store/apps/details?id=com.apps.adrcotfas.goodtime&hl=en&gl=us,work timer which disables sound and internet connectivity during work sessions,Self-tracking,Block/removal,,,,1.0,,,,,,,,,,1.0,,,,,1.0,,1.0,,,,,,,,,,,,1.0,,,,,,,,,,,,,,,,,Google Play,Operational
GoOffline,,https://play.google.com/store/apps/details?id=ee.totalstar.gooffline&hl=en&gl=us,"block phone from being used (except for emergency calls) for session of specific length, after certain amount of time has been spent on phone, or during specific hours",Block/removal,,,,,1.0,,1.0,,,,,,,,1.0,1.0,,,1.0,,,,1.0,,,,,,,,,,,,,,,,,,,,,,,,,,,,Google Play,Defunct
Goyfaw,,https://itunes.apple.com/gb/app/goyfaw/id1259440836?mt=8&uo=4,"choose amount of time not to use phone; if leaving the app before the countdown is over, the user is sent non-stop notifications until they enter the app again",Reward/punish,Self-tracking,,,,,,,,,,,,,,,,,,,,,,,,,,,,,1.0,1.0,,,1.0,,,,,1.0,,,,,,,,,,1.0,,Apple App Store,Defunct
Grayrify,,https://chrome.google.com/webstore/detail/grayrify/ohkgcfmojbociedoljnnbopllifkfoim?hl=gb,turns selected websites into grayscale,Block/removal,,,,1.0,,,,,1.0,,,reader-mode,web,,,,,1.0,,,,,,,,,,,,,,,,,,,,,,,,,,,,,,,,,Chrome Web Store,Operational
Grayscale - Remove Colors,,https://chrome.google.com/webstore/detail/grayscale-remove-colors/pngnpiiifdbbifjfojhnnhdnonfjonfl?hl=gb,turns current page or tab into black/white,Block/removal,,,,,,,,,1.0,,,reader-mode,web,,1.0,,,,,,,,,,,,,,,,,,,,,,,,,,,,,,,,,,,,Chrome Web Store,Operational
Guilt,,https://chrome.google.com/webstore/detail/guilt/jakenllkcfphamndefampceneiddbkhe?hl=gb,"pop-up asks you what user wants to use the internet for, and for how long; when time's up, it masks all open tabs and asks user if they've completed the task they set out to complete; if yes, it closes all tabs and opens up new blank one; if no, the user can request another chunk of time; keeps a log of all reasons given to use the web, which the user can review",Goal-advancement,,,,,,,,,,,,,,,,,,,,,,,,,,,,,1.0,,,1.0,,,1.0,,1.0,,1.0,,,,,,,,,,,,Chrome Web Store,Operational
Habit Time Tracker And Control,,https://itunes.apple.com/gb/app/habit-time-tracker-and-control/id1047664910?mt=8&uo=4,"grow trees while a timer counts down; track global time spent on phone plus pickups and visualise it; has the idea that it takes 21 days to form a habit, so focuses on getting ppl to track themselves over 21 days",Self-tracking,Reward/punish,,,,,,,,,,,,,,,,,,,,,,,,,,,,1.0,1.0,1.0,,,1.0,1.0,1.0,,,,,,,,1.0,1.0,1.0,1.0,,,,Apple App Store,Defunct
HabitLab,,https://chrome.google.com/webstore/detail/habitlab/obghclocpdgcekcognpkblghkedcpdgd?hl=gb,"set goals for how you'd like to use the web; then habitlab rotates between ~15 different kinds of interventions (e.g. hide videos, hide newsfeed, ask if you're really doing what you want) to find out what works; track and visualise web use relative to goal; has tutorial showing users how to create their own nudges, or vote on or submit ideas for new ones; Can be always-on or only during 'work hours.'",Goal-advancement,Self-tracking,Block/removal,Reward/punish,1.0,1.0,1.0,1.0,1.0,1.0,1.0,1.0,feature-remover,web,,,1.0,,1.0,,,1.0,,,,,,,,1.0,,,1.0,,1.0,1.0,1.0,,1.0,1.0,,1.0,1.0,1.0,,,,1.0,,1.0,,Chrome Web Store,Operational
Help Me Focus - Limit Distraction,,https://play.google.com/store/apps/details?id=com.andre3.wzlimitdistraction&hl=en&gl=us,"block apps for specified length of time, or during specified hours",Block/removal,,,,1.0,1.0,,,,,1.0,,,,,1.0,1.0,,,,,1.0,,1.0,,1.0,1.0,,,,,,,,,,,,,,,,,,,,,,,,,Google Play,Defunct
Help Me Work!,,https://chrome.google.com/webstore/detail/help-me-work/hmjjdchlppicoiimphejlmancijhldmf?hl=gb,"blocks specific list of distracting websites (not customisable), and displays a 'STOP! Get back to work!' page which includes a Donald Trump photo with a 'get back to work or you're fired' caption",Block/removal,,,,,1.0,,,,,1.0,,,,,,,,1.0,,,1.0,,,,,,,,,,,,,,,,,,,1.0,,,,,,,,,1.0,,Chrome Web Store,Operational
"HelpMeFocus - Block Distractions, Stay Focused.",,https://play.google.com/store/apps/details?id=com.apps.dsimpletools.helpmefocus&hl=en&gl=us,"block distracting apps on blocklist during specific hours or for a session of specific duration; create different profiles of blocked apps; shows motivational quotes when trying to access those apps; can be overridden with password; has strict mode hindering uninstallation; ""smart unlock"" or cheat mode, that allows user to view a blocked app for a short period of time.",Block/removal,,,,1.0,1.0,,,,,1.0,,,,,1.0,1.0,,,,,1.0,,1.0,,,1.0,,,,,,,,1.0,,,,,,,1.0,,,,,,,,,,Google Play,Operational
Hide Doodles,,https://chrome.google.com/webstore/detail/hide-doodles/mhodebmcienibigajmldgoaojbjkkcma?hl=gb,replace Google Doodles (i.e when google displays a fancy complex version of their logo) with their standard logo,Block/removal,,,,,,,,,1.0,,,reader-mode,specific website,Google,,,,1.0,,,,,,,,,,,,,,,,,,,,,,,,,,,,,,,,,Chrome Web Store,Operational
Hide GIFS I'am Reading,,https://chrome.google.com/webstore/detail/hide-gifs-iam-reading/lademckdolkdpodgaokcpddhpdcbanpa?hl=gb,adds button to chrome which you can toggle on to remove GIFs,Block/removal,,,,,,,,,1.0,,,feature-remover,,,1.0,,,,,,,,,,,,,,,,,,,,,,,,,,,,,,,,,,,,Chrome Web Store,Operational
Hide Images/Videos,,https://chrome.google.com/webstore/detail/hide-imagesvideos/idmcpoiccfmffdglijpiapgienjemppo?hl=gb,"removes all images and videos from a website, when the extension icon is clicked",Block/removal,,,,,,,,,1.0,,,reader-mode,web,,1.0,,,,,,,,,,,,,,,,,,,,,,,,,,,,,,,,,,,,Chrome Web Store,Operational
"Hide YouTube Comments, Live Chat, & Related",,https://chrome.google.com/webstore/detail/hide-youtube-comments-liv/fcchghcgfeadhdmkmpkedplecikkajnp?hl=gb,"YouTube feature removal: hides comments, live chat, and related videos",Block/removal,,,,,,,,,1.0,,,feature-remover,specific website,YouTube,,,,1.0,,,,,,,,,,,,,,,,,,,,,,,,,,,,,,,,,Chrome Web Store,Operational
HideHNComments,,https://chrome.google.com/webstore/detail/hidehncomments/bepfcpfcgnlnnkkcdnefflglaeggcdbn?hl=gb,Hacker News feature removal: hides comments,Block/removal,,,,,,,,,1.0,,,feature-remover,specific website,Hacker News,,,,1.0,,,,,,,,,,,,,,,,,,,,,,,,,,,,,,,,,Chrome Web Store,Operational
HN Overload,,https://chrome.google.com/webstore/detail/hn-overload/ghhkiklplngkdldnfpggjigiijoljapo?hl=gb,"new chrome tabs will display how long it's been since last visit to Hacker News, and also how long on average between each visit",Self-tracking,,,,,,,,,,,,,,,,,,,,,,,,,,,,,1.0,,,1.0,,1.0,1.0,,,,,,,,,,,,,,,,Chrome Web Store,Operational
Hooked Pro - Track Phone Habit and Know Your Usage,,https://itunes.apple.com/gb/app/hooked-pro-track-phone-habit-and-know-your-usage/id1183493627?mt=8&uo=4,track global time spent on phone and also get information about phone addiction,Self-tracking,,,,,,,,,,,,,,,,,,,,,,,,,,,,,1.0,,1.0,,,,1.0,1.0,,,,,,,,,,,,,,,Apple App Store,Defunct
I don't care about your likes,,https://chrome.google.com/webstore/detail/i-dont-care-about-your-li/gikbfkplonaggpdlollhdgbinhbcedip?hl=gb,hides likes and notifications on Facebook (customisable); a timer can be set for a duration where settings can't be changed,Block/removal,,,,1.0,,,,,1.0,,,feature-remover,specific website,facebook,,,,1.0,,,,,,,1.0,,,,,,,,,,,,,,,,,,,,,,,,,,Chrome Web Store,Operational
idle,,https://play.google.com/store/apps/details?id=de.cherrypit.idletime&hl=en&gl=us,Tracks idle (time away from phone) and active (time on phone). Sends notifications after certain amount of time idle or active,Self-tracking,Goal-advancement,,,,,,,,,,,,,,,,,,,,,,,,,,,,1.0,1.0,1.0,,,,1.0,1.0,,1.0,1.0,,,,,,,,,,,,Google Play,Defunct
"iFocusMode - Get Off Phone, Self Restriction",,https://play.google.com/store/apps/details?id=com.ifocusmode.phone.addiction&hl=en&gl=us,blocks selected apps for specific duration of time - can involve real money payments if user fails,Block/removal,Reward/punish,,,1.0,1.0,,,,,1.0,,,,,1.0,,,,,,1.0,,,,,,,,,,,,,,1.0,,,,,,,,,1.0,,,,,1.0,1.0,Google Play,Defunct
Inbox When Ready for Gmail,,https://chrome.google.com/webstore/detail/inbox-when-ready-for-gmai/cdedhgmbfjhobfnphaoihdfmnjidcpim?hl=gb,"Extension for gmail - hides inbox by default, then show it when button is pressed; user can set length of time they want to spend in inbox and/or how many times they'd like to check their inbox - then they get visual feedback on how they're doing compared to that goal; can also operate during scheduled hours; hide category tab notifications; when inbox is hidden, displays counter of how many times it's been checked and for how long",Block/removal,Self-tracking,Goal-advancement,,,,,,,1.0,,,feature-remover,specific website,Gmail,1.0,1.0,,,,,,,,1.0,,,,,1.0,,,,1.0,,1.0,,,1.0,1.0,,,1.0,,,,,,,,,Chrome Web Store,Operational
Influencer: Productive & Motivational,,https://chrome.google.com/webstore/detail/influencer-productive-mot/dfgpeekcneclmfdalhopgneoaedfkfbl?hl=gb,blocks websites on a blacklist and instead shows motivational quotes; shows a counter of how many times you've tried to access them,Block/removal,Goal-advancement,,,1.0,1.0,,,,,1.0,,,,,,,,1.0,,,1.0,,,,,,,,1.0,,,,,,1.0,,,,,1.0,1.0,,,,,,,,,,Chrome Web Store,Operational
Infocus,,https://chrome.google.com/webstore/detail/infocus/ojgabebkfpaedailhgeapeedhobgfppf?hl=gb,"block websites on blacklist by either closing tab or going back to previous page; in order to disable the extension, the user has to answer five simple math questions; the disable page also displays a motivational message; a time can be set for the blocking to turn off",Block/removal,,,,1.0,1.0,,,,,1.0,,,,,1.0,,,1.0,,,1.0,,1.0,,,,,,,,,,,,,,,,,1.0,1.0,,1.0,,,,,,,,Chrome Web Store,Operational
Information Visualization of Browser History,,https://chrome.google.com/webstore/detail/information-visualization/onlpodkdakgonlmodbgapcbigpcimokd?hl=gb,"Track and visualise browser history in bubble charts, time series, and graphs",Self-tracking,,,,,,,,,,,,,,,,,,,,,,,,,,,,,1.0,,,1.0,,,1.0,1.0,,,,,,,,,,,,,,,Chrome Web Store,Operational
Intent.,,https://chrome.google.com/webstore/detail/intent/dilalhbmodifkodcpfeohbcdndcdnhmc?hl=gb,"tracks and visualises web usage; asks user how they feel about their use the past week; if they felt bad about it, asks what their goal is for changing behaviour - reducing frequency of visits or reducing overall time?; then extension displays a pop-up if the user violates the set goal, with three options: getting a 2 more minutes on the site, 10 more minutes, or saying 'I'm done for today' (which presumably closes the tab)",Self-tracking,Goal-advancement,,,1.0,,,,,,,,,,,,,,,,,,,,,,,,,1.0,,,1.0,,1.0,1.0,1.0,,1.0,1.0,,,,,,,,,,,,Chrome Web Store,Operational
"Internet Addiction Calendar - Join the no internet movement, and quit internet while you can!",,https://itunes.apple.com/gb/app/internet-addiction-calendar-join-no-internet-movement/id1112385187?mt=8&uo=4,"app to use when user feels the urge to go to the internet - gives the user badges, motivational quotes, information about internet addiction, and pictures of puppies; also counter for user to keep track of days when they don't use the web",Goal-advancement,Reward/punish,,,,,,,,,,,,,,,,,,,,,,,,,,,,,1.0,1.0,,,,1.0,,,,,1.0,1.0,,,1.0,,,1.0,,1.0,,Apple App Store,Defunct
InternetBook,,https://chrome.google.com/webstore/detail/internetbook/oabcppgpbjcpmaongfddanafkhmgkcnm?hl=gb,redirects Facebook to alternative sites where you can 'learn something new',Block/removal,Goal-advancement,,,,1.0,,,,,,,,,,,,,1.0,,,1.0,,,,,,,,,,,,,,,,,,,,,,1.0,,,,,,,,Chrome Web Store,Operational
Its Study Time - Study effectively,,https://play.google.com/store/apps/details?id=com.deGans.itsStudyTime&hl=en&gl=us,"study timer - either pure countdown, stopwatch, or pomodoro; mutes notifations during study time",Self-tracking,Block/removal,,,,1.0,,,,,,,,,,,,,,,,,1.0,,,,,,,,,,,,1.0,,,,,,,,,,,,,,,,,Google Play,Operational
"JotterPad - Writer, Screenplay, Novel",,https://play.google.com/store/apps/details?id=com.jotterpad.x&hl=en&gl=us,distraction-free writing app; customisable typography,Block/removal,,,,,,,,,1.0,,,minimal-writing,stand-alone alt app,,1.0,,,,,,,,,,,,,,,,,,,,,,,,,,,,,,,,,,,,Google Play,Operational
Just Read,,https://chrome.google.com/webstore/detail/just-read/dgmanlpmmkibanfdgjocnabmcaclkmod?hl=gb,customisable reader mode (styling of reader mode is customisable); can be set to auto-run on specific pages,Block/removal,,,,1.0,,,,,1.0,,1.0,reader-mode,web,,1.0,,,,,,,,,,,,,,,,,,,,,,,,,,,,,,,,,,,,Chrome Web Store,Operational
Just Write - Minimalistic Writing App For Writer,,https://itunes.apple.com/gb/app/just-write-minimalistic-writing-app-for-writer/id942826631?mt=8&uo=4,distraction-free writing app,Block/removal,,,,,,,,,1.0,,,minimal-writing,stand-alone alt app,,1.0,,,,,,,,,,,,,,,,,,,,,,,,,,,,,,,,,,,,Apple App Store,Operational
Keep Me Out,,https://play.google.com/store/apps/details?id=vikesh.dass.lockmeout&hl=en&gl=us,"lock the user out of their phone (except for emergency calls and answering calls) for session of specified length, or during scheduled hours",Block/removal,,,,,1.0,,,,,,,,,,1.0,1.0,,,1.0,,,,,,1.0,1.0,,,,,,,,,,,,,,,,,,,,,,,,,Google Play,Operational
Kill News Feed,,https://chrome.google.com/webstore/detail/kill-news-feed/hjobfcedfgohjkaieocljfcppjbkglfd?hl=gb,Facebook feature removal: replace newsfeed with 'Don't get distracted by Facebook!' message,Block/removal,,,,,,,,,1.0,,,feature-remover,specific website,Facebook,,,,1.0,,,,,,,,,,,,,,,,,,,,,,1.0,1.0,,,,,,,,,,Chrome Web Store,Operational
Kill Tweet Stream,,https://chrome.google.com/webstore/detail/kill-tweet-stream/dmbjkljffdbmcfbigilmnadinlnpkmkk?hl=gb,hides Twitter's news feed,Block/removal,,,,,,,,,1.0,,,feature-remover,specific website,Twitter,,,,1.0,,,,,,,,,,,,,,,,,,,,,,,,,,,,,,,,,Chrome Web Store,Operational
Let Me Read,,https://chrome.google.com/webstore/detail/let-me-read/ejmgdmocbicjpgcnfoonmbbfcllcnkaa?hl=gb,Minimal reading app that works on 8 specific pre-defined sites; activated by clicking extension icon,Block/removal,,,,,,,,,1.0,,,reader-mode,specific website,"Facebook, Smashing Magazine, Wikipedia, CSS-Tricks,Tutsplus,.net Magazine,WebdesignerDepot,Noupe",1.0,,,,,,,,,,,,,,,,,,,,,,,,,,,,,,,,,,,,Chrome Web Store,Operational
Liberate - Reduce Distractions,,https://itunes.apple.com/gb/app/liberate-reduce-distractions/id1214636633?mt=8&uo=4,website blocker for iOS; blocks websites for specified period of time; display progress through that period,Block/removal,,,,1.0,1.0,,,,,1.0,,,,,1.0,,,,,,1.0,,,,,,,,,,,,,1.0,,,,,,,,,,,,,,,,,Apple App Store,Operational
Life Is Too Short,,https://chrome.google.com/webstore/detail/life-is-too-short/aadhbgjahiajaajfcmbkjdacfpghlphb?hl=gb,"replaces new tab content with a counter showing amount of time left until your youth is over, your 'golden age' (until 55) is over, the current month, etc.",Goal-advancement,Block/removal,,,,,,,,1.0,,,feature-remover,new tabs,,,,,1.0,,,,,,,,,,,,,,,,1.0,,,,,,1.0,,,,,,,,,,,Chrome Web Store,Operational
Light New Tab,,https://chrome.google.com/webstore/detail/light-new-tab/lopmdbjphdlbiaoellbbnfnajmbfjjgp?hl=gb,blank new tab,Block/removal,,,,,,,,,1.0,,,feature-remover,new tabs,,,,,1.0,,,,,,,,,,,,,,,,,,,,,,,,,,,,,,,,,Chrome Web Store,Operational
Lights off,,https://chrome.google.com/webstore/detail/lights-off/ehfaompdnhilblcmkkakofflcjfijhai?hl=gb,"puts a dark overlay over everything except for posts on the newsfeed, so they can be read without distractions",Block/removal,,,,,,,,,1.0,,,reader-mode,specific website,Facebook,,,,1.0,,,,,,,,,,,,,,,,,,,,,,,,,,,,,,,,,Chrome Web Store,Operational
Limit Social Media Distractions,,https://chrome.google.com/webstore/detail/limit-social-media-distra/pbjkfkchofgilndaigiiifcllngeocoj?hl=gb,"removes feeds and recommendations on facebook, twitter and youtube",Block/removal,,,,,,,,,1.0,,,feature-remover,specific website,"Facebook, Twitter, YouTube",,,,1.0,,,,,,,,,,,,,,,,,,,,,,,,,,,,,,,,,Chrome Web Store,Operational
Lock Me Out 🥇 Freedom from phone addiction,,https://play.google.com/store/apps/details?id=com.teqtic.lockmeout&hl=en&gl=us,"block apps (blacklist or white list) or entire device, for specific session, during specific hours, or when used certain amount of time; also monitor usage and display statistics",Block/removal,Self-tracking,,,1.0,1.0,,1.0,,,1.0,1.0,,,,1.0,1.0,,1.0,1.0,,1.0,,,,,,,,1.0,,1.0,1.0,,,1.0,,,,,,,,,,,,,,,,Google Play,Operational
Lock me!,,https://play.google.com/store/apps/details?id=com.andr.slema.delayedapplock&hl=en&gl=us,block selected apps for specified length of time,Block/removal,,,,1.0,1.0,,,,,1.0,,,,,1.0,,,,,,1.0,,,,,,,,,,,,,,,,,,,,,,,,,,,,,,Google Play,Defunct
Lokeet,,https://play.google.com/store/apps/details?id=dodolabs.lokeet&hl=en&gl=us,app that displays a simple counter of how many times phone has been unlocked,Self-tracking,,,,,,,,,,,,,,,,,,,,,,,,,,,,,1.0,,1.0,,,,1.0,,,,,,,,,,,,,,,,Google Play,Defunct
MAD - Mindful Anti Distraction,,https://chrome.google.com/webstore/detail/mad-mindful-anti-distract/fobapabjknmdghbgnghnpoadiffhijao?hl=gb,"block blacklisted websites; when trying to enter them, be asked to do something more rewarding instead; block can be overridden by typing in exact message; can also add reason for override here",Block/removal,,,,1.0,1.0,,,,,1.0,,,,,,,,1.0,,,1.0,,1.0,,,,,,,,,,,,,,,,1.0,,,,,,,,,,,,Chrome Web Store,Operational
Markdown Anywhere,,https://chrome.google.com/webstore/detail/markdown-anywhere/nagjnpjbpmchpaodmfggaaamhhfilamo?hl=gb,turns any plain text area input on the web into a distraction-free markdown writing mode when extension is clicked,Block/removal,,,,,,,,,1.0,,,minimal-writing,web,,1.0,,,,,,,,,,,,,,,,,,,,,,,,,,,,,,,,,,,,Chrome Web Store,Operational
Mattie!,,https://play.google.com/store/apps/details?id=nl.sidekickmattie.mattie&hl=en&gl=us,countdown timer that blocks internet connectivity during sessions,Self-tracking,Block/removal,,,,1.0,,,,,,,,,,1.0,,,,,1.0,,,,,,,,,,1.0,,,,1.0,,,,,,,,,,,,,,,,,Google Play,Defunct
md writer,,https://itunes.apple.com/gb/app/md-writer/id1361886816?mt=8&uo=4,distraction-free markdown writer,Block/removal,,,,,,,,,1.0,,,minimal-writing,stand-alone alt app,,1.0,,,,,,,,,,,,,,,,,,,,,,,,,,,,,,,,,,,,Apple App Store,Operational
Medium Unhooked,,https://chrome.google.com/webstore/detail/medium-unhooked/chaldheffndbdmcoehdjhdllpnchffdo?hl=gb,Medium.com feature removal: replaces the newsfeed on the standard front page with a simple prompt to either write something new or work on a draft,Block/removal,,,,,,,,,1.0,,,feature-remover,specific website,Medium,,,,1.0,,,,,,,,,,,,,,,,,,,,,1.0,,,,,,,,,,,,Chrome Web Store,Operational
MeetingTime App | Prevents Distraction in Meetings,,https://play.google.com/store/apps/details?id=meetingtime.app&hl=en&gl=us,"app and notification blocking for meetings - set up blocking terms (block all apps? enable silent mode?), then send other meeting participants a meeting code; terms are applied to all participants' phones",Block/removal,,,,1.0,1.0,,,,,,,,,,1.0,1.0,,,1.0,,,1.0,,,,,,,,,,,,,,,,,,,,,,,,,,,,,Google Play,Defunct
Mercury Reader,,https://chrome.google.com/webstore/detail/mercury-reader/oknpjjbmpnndlpmnhmekjpocelpnlfdi?hl=gb,"focused reading mode for browser, removes web page navigation, sidebars adverts, non-story images, other dynamic content, to just leave text and images; activated with click",Block/removal,,,,,,,,,1.0,,,reader-mode,web,,1.0,,,,,,,,,,,,,,,,,,,,,,,,,,,,,,,,,,,,Chrome Web Store,Operational
Mindful Bells,,https://chrome.google.com/webstore/detail/mindful-bells/jacnaihacdapfmaiokpaefmdpaiehgkj?hl=gb,ring a bell sound at scheduled intervals based on the idea that this will remind the user to focus on what they're trying to achieve,Goal-advancement,,,,,,,,,,,,,,,,,,,,,,,,,,,,,,,,,,,,,,,,1.0,,,,,,,,,,,Chrome Web Store,Operational
Mindful Surfing,,https://chrome.google.com/webstore/detail/mindful-surfing/odbgeeabkpglgkdlfekbhhoipbpebcal?hl=gb,"closes the browser down (after giving warning) when time limit for session length is hit; shows notifications along the way, which display the length of the current session; can add a whitelist, so that when on one of these sites, the timer doesn't count down",Block/removal,Self-tracking,,,1.0,,,1.0,,,,1.0,,,,1.0,,,,1.0,,1.0,,,,,,,,1.0,,1.0,1.0,,1.0,,,,1.0,1.0,,,,,,,,,,,,Chrome Web Store,Operational
Mobile Addiction Meter Pro,,https://play.google.com/store/apps/details?id=in.blogspot.alcory.mobileaddictionmeterpro&hl=en&gl=us,tracks how much time has been spent using one's phone in total and how many times it's been 'checked',Self-tracking,,,,,,,,,,,,,,,,,,,,,,,,,,,,,1.0,,1.0,,,,1.0,,,,,,,,,,,,,,,,Google Play,Defunct
Mobile Addiction Tracker - Anti Social,,https://play.google.com/store/apps/details?id=com.it.appstracker&hl=en&gl=us,track and visualise phone usage; use can be shared with friends,Self-tracking,,,,,,,,,,,,,,,,,,,,,,,,,,,,,1.0,,1.0,1.0,,,1.0,1.0,,,,,,,,,,,,1.0,,,Google Play,Defunct
"Moderamic: Todo, Task Manager, & Block sites",,https://chrome.google.com/webstore/detail/moderamic-todo-task-manag/kgklmemiempdkmhdkpadddphcpooonln?hl=gb,new tab with scenic imagery plus todo list plus relevant bookmarks; lets the user block websites during work sessions; multiple types of blacklist for specific types of work tasks,Block/removal,Goal-advancement,,,1.0,1.0,,,,1.0,1.0,,feature-remover,new tabs,,1.0,,,,,,1.0,,,,,,,,,,,,,1.0,,,1.0,,1.0,,,,,,,,,,1.0,,Chrome Web Store,Operational
Moment - Screen Time Tracker,,https://itunes.apple.com/gb/app/moment-screen-time-tracker/id771541926?mt=8&uo=4,track and visualise phone use on iOS; see family's use; get encouragement from a 'coach'; follow missions;,Self-tracking,Goal-advancement,,,,,,,,,,,,,,,,,,,,,,,,,,,1.0,1.0,,1.0,1.0,,,1.0,1.0,,1.0,,,,1.0,,,,,,1.0,1.0,,Apple App Store,Defunct
Monitro - The App Usage Monitor,,https://play.google.com/store/apps/details?id=com.monitro.android&hl=en&gl=us,tracks usage of specific apps and reminds user when a specified usage limit has passed,Self-tracking,Goal-advancement,,,1.0,,,,,,,,,,,,,,,,,,,,,,,,,1.0,,,1.0,,,1.0,,,1.0,1.0,,,,,,,,,,,,Google Play,Defunct
Morning Remember,,https://chrome.google.com/webstore/detail/morning-remember/cpoadndikjldkodnegknibmifikbcihn?hl=gb,"get message to pop-up at set intervals, to stay on track during web browsing; in order to get the message pop-up to disappear, the user has to type in the message verbatim",Goal-advancement,,,,,,,,,,,,,,,,,,,,,,,,,,,,,,,,,,,,,1.0,,1.0,1.0,,,,,,,,,,,Chrome Web Store,Operational
Morphine,,https://chrome.google.com/webstore/detail/morphine/fbnpehpbojenlldmfcopeajkichnnjpo?hl=gb,website blocker in which every 10 minutes you spend on non-blacklisted sites allow you to 'save up' time you are allowed to spend on blacklisted sites,Block/removal,,,,1.0,1.0,1.0,1.0,,,1.0,,,,,,,,1.0,,,1.0,,,,,,,,,,,,,,,,,,,,,,,,,,,,,,Chrome Web Store,Operational
Motivation,,https://chrome.google.com/webstore/detail/motivation/ofdgfpchbidcgncgfpdlpclnpaemakoj?hl=gb,"replaces default new tab pages (which normally contain links to frequently used sites) with a counter displaying the user's current age down to many small, but growing, decimal places",Block/removal,Goal-advancement,,,,,,,,1.0,,,feature-remover,new tabs,,,,,1.0,,,,,,,,,,,,,,,,1.0,,,,,,1.0,,,,,,,,,,,Chrome Web Store,Operational
Mute Screen Time Tracker,,https://itunes.apple.com/gb/app/mute-screen-time-tracker/id1310531458?mt=8&uo=4,track and visualise global phone use; set goals and get encouragement with notifications and 'filled rings',Self-tracking,Goal-advancement,,,,,,,,,,,,,,,,,,,,,,,,,,,,1.0,,1.0,,,,1.0,1.0,,1.0,,,,1.0,,,,,,,1.0,,Apple App Store,Defunct
MyAddictometer - Mobile addiction tracker,No longer accessible,https://play.google.com/store/apps/details?id=com.wordpress.amarpreetblog.addictometer&hl=en&gl=us,,,,,,,,,,,,,,,,,,,,,,,,,,,,,,,,,,,,,,,,,,,,,,,,,,,,,Google Play,Defunct
New Blank Black Tab,,https://chrome.google.com/webstore/detail/new-blank-black-tab/fhegfnagadnedalnbpaeepmelkngcnck?hl=gb,makes new tabs blank and black,Block/removal,,,,,,,,,1.0,,,feature-remover,new tabs,,,,,1.0,,,,,,,,,,,,,,,,,,,,,,,,,,,,,,,,,Chrome Web Store,Operational
New Tab Clock,,https://chrome.google.com/webstore/detail/new-tab-clock/ljpapphpgkmigobbbakmnfoohclifanm?hl=gb,"replaces the new tab content with a simple, non-distracting clock",Block/removal,,,,,,,,,1.0,,,feature-remover,new tabs,,,,,1.0,,,,,,,,,,,,,,,,,,,,,,,,,,,,,,,,,Chrome Web Store,Operational
New Tab Motivation,,https://chrome.google.com/webstore/detail/new-tab-motivation/mcanfonlcebdnacjecfahjjecnfekkke?hl=gb,replace new tab content with motivational quotes,Goal-advancement,Block/removal,,,,,,,,1.0,,,feature-remover,new tabs,,,,,1.0,,,,,,,,,,,,,,,,,,,,,,1.0,1.0,,,,,,,,,,Chrome Web Store,Operational
News Feed Eradicator for Facebook,,https://chrome.google.com/webstore/detail/news-feed-eradicator-for/fjcldmjmjhkklehbacihaiopjklihlgg?hl=gb,Facebook feature removal: replace newsfeed with a motivational quote,Block/removal,Goal-advancement,,,,,,,,1.0,,,feature-remover,specific website,Facebook,,,,1.0,,,,,,,,,,,,,,,,,,,,,,1.0,1.0,,,,,,,,,,Chrome Web Store,Operational
News Feed Eradicator for LinkedIn,,https://chrome.google.com/webstore/detail/news-feed-eradicator-for/fcnlpkohldehaafajgejaplghjojeekg?hl=gb,removes newsfeed from linkedIn and replaces it with a 'Get on with work!' message,Block/removal,,,,,,,,,1.0,,,feature-remover,specific website,LinkedIn,,,,1.0,,,,,,,,,,,,,,,,,,,,,,1.0,,,,,,,,,,,Chrome Web Store,Operational
News Feed Hider,,https://chrome.google.com/webstore/detail/news-feed-hider/bkbfafoelodldgihjdbknpnhgfdmffhl?hl=gb,Facebook feature removal: hide the newsfeed during specific hours and/or on specific days; replace it with custom text (e.g. 'GET STUFF DONE!'),Block/removal,,,,,,,,,1.0,,,feature-remover,specific website,Facebook,,1.0,,,,,,,,,,,,,,,,,,,,,,,1.0,1.0,,,,,,,,,,,Chrome Web Store,Operational
Newsfeed Burner,,https://chrome.google.com/webstore/detail/newsfeed-burner/gdjcjcbjnaelafcijbnceapahcgkpjkl?hl=us,"remove newsfeeds from Linkedin, Facebook and Youtube",Block/removal,,,,,,,,,1.0,,,feature-remover,specific website,"Linkedin, Facebook, Youtube",,,,1.0,,,,,,,,,,,,,,,,,,,,,,,,,,,,,,,,,Chrome Web Store,Operational
Night Night,,https://chrome.google.com/webstore/detail/night-night/hgegekneikljpokgbgnkbokcgbngadgc?hl=gb,blocks all web pages after a specific time,Block/removal,,,,,1.0,,,,,,,,,,,1.0,,,,1.0,,,,,,,,,,,,,,,,,,,,,,,,,,,,,,,Chrome Web Store,Operational
No Alarm,,https://chrome.google.com/webstore/detail/no-alarm/pimcncgghbhlkecnnikllndpojmeahnd?hl=gb,blocks sites from showing notifications and alarms on tab headings,Block/removal,,,,,,,,,1.0,,,feature-remover,other,,,,,1.0,,,,,,,,,,,,,,,,,,,,,,,,,,,,,,,,,Chrome Web Store,Operational
No Distractions!,,https://play.google.com/store/apps/details?id=com.assembtec.nodistractions&hl=en&gl=us,"little app where you can set time for the duration of a non-distraction session; during this session, apps will be blocked for a specified duration of time after having been open for specified duration of time; can become active at certain locations or during certain hours",Block/removal,,,,1.0,,,1.0,,,1.0,,,,,1.0,1.0,1.0,,,,1.0,,,,,,,,,,,,,,,,,,,,,,,,,,,,,,Google Play,Defunct
No More Smartphone Addiction,No longer accessible,https://play.google.com/store/apps/details?id=com.androidbook2.gab.nomoretweet&hl=en&gl=us,,,,,,,,,,,,,,,,,,,,,,,,,,,,,,,,,,,,,,,,,,,,,,,,,,,,,Google Play,Defunct
Nobile Alarm,,https://itunes.apple.com/gb/app/nobile-alarm/id1248701536?mt=8&uo=4,"set a timer for a period you don't want to use your phone; put the phone on a horizontal surface while it counts down; it triggers an alarm when picked up, and the alarm is removed when the phone is put down again",Self-tracking,,,,,,,,,,,,,,,,,,,,,,,,,,,,,,1.0,,,,1.0,,,,,1.0,,,,,,,,,,,,Apple App Store,Operational
NoFap Panic Button,,https://chrome.google.com/webstore/detail/nofap-panic-button/dgoanlacpjfionnlbhnecopndppgbkfo?hl=gb,adds button which the user can press when they struggle to not go on porn websites; clicking the button shows pictures with motivational quotes or redirects the user to pages with motivational content and peer support; also blocks NSFW subreddits and redirect the user,Goal-advancement,Block/removal,,,,1.0,,,,,,,,,,,,,1.0,,,1.0,,,,,,,,,,,,,,,,,,,1.0,1.0,,1.0,,,,,,,,Chrome Web Store,Operational
NoiceTab,,https://chrome.google.com/webstore/detail/noicetab/lpdaafgfplicpkohbdcjcelbekbabhme?hl=gb,minimal new tab with distraction-free writing,Block/removal,,,,,,,,,1.0,,,minimal-writing,new tabs,,,,,1.0,,,,,,,,,,,,,,,,,,,,,,,,,,,,,,,,,Chrome Web Store,Operational
NoPhone - This won't let you use your Phone,,https://play.google.com/store/apps/details?id=me.aswinmohan.nophone&hl=en&gl=us,"minimal app launcher, which reduces the home screen to a task manager plus three apps",Block/removal,,,,1.0,,,,,1.0,,1.0,feature-remover,home screen,,,,,1.0,,,,,,,,,,,,,,,,,,,,,,,,,,,,,,,,,Google Play,Defunct
NoPhone Timer - Focus and Productivity Timer,,https://itunes.apple.com/gb/app/nophone-timer-focus-and-productivity-timer/id1192902370?mt=8&uo=4,"choose amount of time not to use phone; if leaving the app before the countdown is over, the user is sent reminders to stop using the phone and go back to the app",Self-tracking,Goal-advancement,,,,,,,,,,,,,,,,,,,,,,,,,,,,,1.0,1.0,,,1.0,,,,,1.0,,,,,,,,,,1.0,,Apple App Store,Defunct
Not Now,,https://chrome.google.com/webstore/detail/not-now/bhnjpdlfcopbclhlflmoodpdmlplcajb?hl=gb,block websites on a blacklist during scheduled hours or for a session of specified length; can be overridden for 5 mins at the click of a button; show disapproving picture when trying to access blacklisted sites,Block/removal,,,,1.0,1.0,,,,,1.0,,,,,1.0,1.0,,,,,1.0,,,,,,,,,,,,,,,,,,,,,,,,,,,,1.0,,Chrome Web Store,Operational
Note'lr,,https://itunes.apple.com/gb/app/notelr/id874354505?mt=8&uo=4,minimal note-taking app,Block/removal,,,,,,,,,1.0,,,minimal-writing,stand-alone alt app,,1.0,,,,,,,,,,,,,,,,,,,,,,,,,,,,,,,,,,,,Apple App Store,Defunct
NoteFlow - one note for life,,https://itunes.apple.com/gb/app/noteflow-one-note-for-life/id1151254092?mt=8&uo=4,minimal note-taking app,Block/removal,,,,,,,,,1.0,,,minimal-writing,stand-alone alt app,,1.0,,,,,,,,,,,,,,,,,,,,,,,,,,,,,,,,,,,,Apple App Store,Defunct
Nudge,,https://chrome.google.com/webstore/detail/nudge/dmhgdnbkjkejeddddlklojinngaideac?hl=gb,"when visiting blacklisted sites, a big slider appears which the user has to drag across to enter; the more frequently the site is visited, the more difficult the slider becomes to drag; also removes side bars from Facebook by default, and can unfollow everyone to empty Facebook's newsfeed; visualises time spent browsing with growing rings",Block/removal,Self-tracking,,,1.0,1.0,,,,1.0,1.0,,feature-remover,specific website,Facebook,,,,1.0,,,1.0,,1.0,,,,,,1.0,,1.0,,,,1.0,1.0,,,,,,,,,,,,,,,Chrome Web Store,Operational
Off the Grid - Digital Detox,,https://play.google.com/store/apps/details?id=com.offthegrid&hl=en&gl=us,Block phone access according to a timer or a schedule; sends auto-replies to others trying to get in touch; important contacts can be added to whitelist to let their calls through; make virtual payment of $1 to override and unlock phone.,Block/removal,,,,1.0,1.0,,,,,,1.0,,,,1.0,1.0,,,1.0,,,,,,,,1.0,1.0,,,,,,1.0,,,,,,,,,,,,,,,,1.0,Google Play,Operational
Old Compose | Better Compose Window for Gmail,,https://chrome.google.com/webstore/detail/old-compose-better-compos/fcnoahpalppomkbilmlkhiimjfmpmgpk?hl=gb,brings back a previous layout of gmail compose window with a bigger layout that hides your inbox to minimise distraction,Block/removal,,,,,,,,,1.0,,,minimal-writing,specific website,gmail,,,,1.0,,,,,,,,,,,,,,,,,,,,,,,,,,,,,,,,,Chrome Web Store,Operational
Own Your Time,,https://chrome.google.com/webstore/detail/own-your-time/pjpmgnndomgmnnfhaofncmngnonifpgi?hl=gb,"prompts the user to type in their motivation for going to a blacklisted site, before they're allowed to enter it",Goal-advancement,,,,,,1.0,,,,,,,,,,,,,,,,,,,,,,,,,,,,,,,,,1.0,,,,,,,,,,,,Chrome Web Store,Operational
Page Eraser,,https://chrome.google.com/webstore/detail/page-eraser/ekofpchjmoalonajopdeegdappocgcmj?hl=gb,"lets the user remove elements from a website with one click; can be configured to not maintain page layout, so that page reorganises itself when elements are removed",Block/removal,,,,1.0,,,,,1.0,,,feature-remover,web,,1.0,,,,,,,,,,,,,,,,,,,,,,,,,,,,,,,,,,,,Chrome Web Store,Operational
Papier,,https://chrome.google.com/webstore/detail/papier/hhjeaokafplhjoogdemakihhdhffacia?hl=gb,turns new tabs into a distraction-free note taking tool,Block/removal,Goal-advancement,,,,,,,,1.0,,,minimal-writing,new tabs,,,,,1.0,,,,,,,,,,,,,,,,,,,1.0,,1.0,,,,,,,,,,,,Chrome Web Store,Operational
PAVLOK Productivity,,https://chrome.google.com/webstore/detail/pavlok-productivity/hefieeppocndiofffcfpkbfnjcooacib?hl=gb,"syncs the PAVLOK wristband with the web browser: set blacklist of distracting sites and/or the maximum number of open tabs allowed, then receive shocks when blacklisted sites are visited or more tabs are opened",Reward/punish,,,,1.0,,,,,,,,,,,,,,,,,,,,,,,,,,,,,,,,,,,,,,,,,,,,,,1.0,Chrome Web Store,Operational
Pay the Piper,,https://chrome.google.com/webstore/detail/pay-the-piper/iiepcdnmdcdplpmckjlaefajphcbelcm?hl=gb,"the user adds tasks to a todo-list and distracting sites to a list; when a distracting site is attempted visited, it instead displays a task from the TODO list; if you tick that that at least one todo has been done, it'll give you access for a limited time to the distracting site; the amount of time distractions are allowed after a completed task is customisable",Goal-advancement,Block/removal,,,1.0,1.0,,,,,1.0,,,,,1.0,,,,,,1.0,,,,,,,,,,,,,,,,1.0,,1.0,,,,,,,,,,,,Chrome Web Store,Operational
Phone Addiction Blocker,,https://play.google.com/store/apps/details?id=jp.s122107.phonescreentimer&hl=en&gl=us,"locks entire phone for specified amount of time; can't be turned off, even by turning power off",Block/removal,,,,,1.0,,,,,,,,,,1.0,,,,1.0,,,,,,1.0,,,,,,,,,,,,,,,,,,,,,,,,,,Google Play,Defunct
Phone Smart - Free Your Time,,https://play.google.com/store/apps/details?id=phonesmart.lock.self.control&hl=en&gl=us,blocks selected apps during scheduled times - also includes functionality to visualise app usage; auto-reply feature during focus time,Block/removal,Self-tracking,,,1.0,1.0,,,,,1.0,,,,,,1.0,,,,,1.0,,,,,,,1.0,1.0,,,1.0,,,1.0,1.0,,,,,,,,,,,,,,,Google Play,Defunct
Phone Usage Monitor,,https://play.google.com/store/apps/details?id=com.ryosoftware.phoneusagemonitor&hl=en&gl=us,tracks detailed phone usage statistics and displays them numerically,Self-tracking,,,,,,,,,,,,,,,,,,,,,,,,,,,,,1.0,,1.0,1.0,1.0,,1.0,,,,,,,,,,,,,,,,Google Play,Operational
Phoneless time counter,,https://itunes.apple.com/gb/app/phoneless-time-counter/id1322705736?mt=8&uo=4,counts time spent without unlocking one's phone; collect one point for each 30 mins phone is not unlocked; doesn't count 11pm-8am; displays social leaderboard,Self-tracking,Reward/punish,,,,,,,,,,,,,,,,,,,,,,,,,,,,,1.0,1.0,,,,1.0,,,,,,,,,1.0,,,,1.0,,,Apple App Store,Defunct
PhoneUsage,No longer accessible,https://play.google.com/store/apps/details?id=pt.aguiar.phoneusage&hl=en&gl=us,,,,,,,,,,,,,,,,,,,,,,,,,,,,,,,,,,,,,,,,,,,,,,,,,,,,,Google Play,Defunct
PhoneUseFree Tracks Usage Time,,https://play.google.com/store/apps/details?id=me.noip.PhoneUseFree&hl=en&gl=us,tracks detailed phone usage - global and checks - and displays it; also calculates an addiction score,Self-tracking,,,,,,,,,,,,,,,,,,,,,,,,,,,,,1.0,,1.0,,,,1.0,1.0,,,,,,,,1.0,,,,,,,Google Play,Defunct
Pipe Clogger,,https://chrome.google.com/webstore/detail/pipe-clogger/hlaegcjcddgappcehdfoakpjnfpoaebl?hl=gb,add delay to distracting sites,Block/removal,,,,1.0,,1.0,,,,,,,,,,,,,,,,,,,,,,,,,,,,,,,,,,,,,,,,,,,,,Chrome Web Store,Operational
Pluckeye,,https://chrome.google.com/webstore/detail/pluckeye/fajfnhakabcehaonmijifmlnlogbpaoa?hl=gb,blocks images and videos on the web,Block/removal,,,,,,,,,1.0,,,reader-mode,web,,,,,1.0,,,,,,,,,,,,,,,,,,,,,,,,,,,,,,,,,Chrome Web Store,Operational
Pocket Points: College Rewards,,https://play.google.com/store/apps/details?id=com.pocketpoints.pocketpoints&hl=en&gl=us,"rewards students for not using their phones during class; points can be exchanged for food or other things at participating merchants; get badges and bonus points when goals are hit (e.g. 'Heating Up: Earn points two days in a row!'); includes leaderboards that can be filtered between 'my school', 'all users' etc; based on the reviews, it will only count study time when at specific locations",Reward/punish,,,,,,,,,,,,,,,,,,,,,,,,,,,,,,1.0,,,,1.0,,,,,,,,,,1.0,,,1.0,1.0,,1.0,Google Play,Defunct
PorNo! (Beta),,https://chrome.google.com/webstore/detail/porno-beta/fkhfpbfakkjpkhnonhelnnbohblaeooj?hl=gb,blocker which redirects the user from porn websites to productive websites of their own choice,Block/removal,Goal-advancement,,,,1.0,,,,,1.0,,,,,,,,1.0,,,1.0,,,,,,,,,,,,,,,,,,,,,,1.0,,,,,,,,Chrome Web Store,Operational
Procrastination Guru,,https://chrome.google.com/webstore/detail/procrastination-guru/hgkfbhhpebndfapjmblgmlpfjnehfnki?hl=gb,"block websites on blacklist for specified time, requires password to override, otherwise can't be turned off",Block/removal,,,,1.0,1.0,,,,,1.0,,,,,1.0,,,,,,1.0,,1.0,,1.0,,,,,,,,,,,,,,,,,,,,,,,,,,Chrome Web Store,Operational
Procrastinator,,https://chrome.google.com/webstore/detail/procrastinator/enagjojfhclogmaemicdkkohjghgpodh?hl=gb,"website blocker to block distracting site during scheduled hours; when user tries to access a blacklisted site, the browser displays 'BLOCKED Get back to work' message",Block/removal,,,,1.0,1.0,,,,,1.0,,,,,,1.0,,,,,1.0,,,,,,,,,,,,,,,,,,,1.0,,,,,,,,,,,Chrome Web Store,Operational
Prod - To Do List with a Twist,,https://chrome.google.com/webstore/detail/prod-to-do-list-with-a-tw/cpelgckpifnonijeenjbaglajimalpcl?hl=gb,"replaces new tab content with todo-list; also allows to block websites and redirect back to todo-list, until todo-list is empty",Goal-advancement,Block/removal,,,1.0,1.0,,,,,1.0,,,,,,,,1.0,,,1.0,,,,,,,,,,,,,,,,1.0,,1.0,,,,1.0,,,,,,,,Chrome Web Store,Operational
Productiwitty,,https://chrome.google.com/webstore/detail/productiwitty/dofeaaajilgeamjjoibiknilokooopke?hl=gb,toggle on a reminder that will (by default) every 15 mins pop up to remind the user to stay focused,Goal-advancement,,,,,,,,,,,,,,,,,,,,,,,,,,,,,,,,,,,,,,1.0,,1.0,,,,,,,,,,,Chrome Web Store,Operational
Prometheus - App Usage Detox,No longer accessible,https://play.google.com/store/apps/details?id=com.melfab.prometheus&hl=en&gl=us,,,,,,,,,,,,,,,,,,,,,,,,,,,,,,,,,,,,,,,,,,,,,,,,,,,,,Google Play,Defunct
Purify,,https://chrome.google.com/webstore/detail/purify/kjiappjpfpaekdfeioanaphpihpojemc?hl=gb,converts news articles into a minimalistic view that only displays the content and uses all available screen space to do this,Block/removal,,,,,,,,,1.0,,,reader-mode,web,,,,,,,,,,,,,,,,,,,,,,,,,,,,,,,,,,,,,,Chrome Web Store,Operational
QualityTime - My Digital Diet,,https://play.google.com/store/apps/details?id=com.zerodesktop.appdetox.qualitytime&hl=en&gl=us,tracks and visualises smartphone use; gives the user notifications if usage is above certain set limits; also include focus time sessions during which notifications and calls are blocked and only some apps are allowed,Self-tracking,Block/removal,,,1.0,1.0,,,,,,1.0,,,,1.0,1.0,,,,,1.0,1.0,,1.0,,,,1.0,1.0,,1.0,1.0,,1.0,1.0,1.0,,1.0,1.0,,,,,,,,,1.0,,,Google Play,Operational
Quick Write Text Editor,,https://chrome.google.com/webstore/detail/quick-write-text-editor/ngmbmhchieecdhfkpafcmnjonmckhdpj?hl=gb,Minimalistic web-based text editor. Opened by clicking the extension icon.,Block/removal,,,,,,,,,1.0,,,minimal-writing,stand-alone alt app,,1.0,,,,,,,,,,,,,,,,,,,,,,,,,,,,,,,,,,,,Chrome Web Store,Operational
Quip Helper,,https://chrome.google.com/webstore/detail/quip-helper/dibjfkgihhnogmkgnpeapmaimaojjdja?hl=gb,Quip (a service which is kinda like google docs directed at businesses) feature 'minimiser': adds the option of a full-screen editing,Block/removal,,,,,,,,,1.0,,,reader-mode,specific website,Quip,1.0,,,,,,,,,,,,,,,,,,,,,,,,,,,,,,,,,,,,Chrome Web Store,Operational
Quora Feed Eradicator,,https://chrome.google.com/webstore/detail/quora-feed-eradicator/bigfcgjeocfnfdcgkdlhpofhdnnecido?hl=gb,removes feed from Quora,Block/removal,,,,,,,,,1.0,,,feature-remover,specific website,Quora,,,,1.0,,,,,,,,,,,,,,,,,,,,,,,,,,,,,,,,,Chrome Web Store,Operational
Rational Life-Screen Time Log,,https://itunes.apple.com/gb/app/rational-life-screen-time-log/id1340251844?mt=8&uo=4,tracks and visualises global use; set limit goals and get reminders; see how the actual global usage compares to set goals,Self-tracking,Goal-advancement,,,,,,,,,,,,,,,,,,,,,,,,,,,,1.0,,1.0,,,,1.0,1.0,,1.0,1.0,,,1.0,,,,,,,,,Apple App Store,Defunct
Reader View,,https://chrome.google.com/webstore/detail/reader-view/famoacgcllloekhmdphdinpheeoiiphf?hl=gb,"reader mode, explicitly copied from Safari's reader mode; extract out just the content in distraction-free layout at the click of a button",Block/removal,,,,,,,,,1.0,,,reader-mode,web,,1.0,,,,,,,,,,,,,,,,,,,,,,,,,,,,,,,,,,,,Chrome Web Store,Operational
RealizD - Track how much you use your phone,,https://play.google.com/store/apps/details?id=com.realizd.android&hl=en&gl=us,track smartphone usage; set limiting goals and get reminders when use is higher than desired; can track multiple devices so can be used for family,Self-tracking,Goal-advancement,,,,,,,,,,,,,,,,,,,,,,,,,,,,1.0,,1.0,1.0,,1.0,1.0,1.0,,1.0,1.0,,,,,,,,,,,,Google Play,Defunct
Reddit Feed Eradicator,,https://chrome.google.com/webstore/detail/reddit-feed-eradicator/obijdogoimhkekafcbeeonknemhghghk?hl=gb,Reddit feature removal: remove the homepage news feed,Block/removal,,,,,,,,,1.0,,,feature-remover,specific website,Reddit,,,,1.0,,,,,,,,,,,,,,,,,,,,,,,,,,,,,,,,,Chrome Web Store,Operational
Reddit Hide Sidebar,,https://chrome.google.com/webstore/detail/reddit-hide-sidebar/kmhljmlnmkpkfidhceknegheeplgmngg?hl=gb,Reddit feature removal: provides option to hide the right sidebar,Block/removal,,,,,,,,,1.0,,,feature-remover,specific website,Reddit,1.0,,,,,,,,,,,,,,,,,,,,,,,,,,,,,,,,,,,,Chrome Web Store,Operational
Reddups -- Reminds to stay healthy,,https://chrome.google.com/webstore/detail/reddups-reminds-to-stay-h/akbgnajnmkclmjgcmgigdbmldfiipjll?hl=gb,"set periodic reminders (e.g. every 15 minutes) to drink water or do pushups, while browsing the web",Goal-advancement,,,,,,,,,,,,,,,,,,,,,,,,,,,,,,,,,,,,,,,1.0,,,,,,,,,,,,Chrome Web Store,Operational
Refrain,,https://itunes.apple.com/gb/app/refrain/id1079072933?mt=8&uo=4,block websites on blacklist in Safari on iOS; can work in schedules,Block/removal,,,,1.0,1.0,,,,,1.0,,,,,,1.0,,1.0,,,1.0,,,,,,,,,,,,,,,,,,,,,,,,,,,,,,Apple App Store,Defunct
Remove Twitter Notifications,,https://chrome.google.com/webstore/detail/remove-twitter-notificati/cmbcmlhnioldmebejdhhackhjioclflo?hl=gb,hides notification number on Twitter,Block/removal,,,,,,,,,1.0,,,feature-remover,specific website,Twitter,,,,1.0,,,,,,,,,,,,,,,,,,,,,,,,,,,,,,,,,Chrome Web Store,Operational
RescueTime for Chrome and Chrome OS,,https://chrome.google.com/webstore/detail/rescuetime-for-chrome-and/bdakmnplckeopfghnlpocafcepegjeap?hl=gb,"by the same company as the RescueTime app; track time spent in chrome, break down in productive/distracting time and by sites; get reminders when e.g. 1 hour has been spent in 'entertainment'; has focus mode where distracting sites are blocked",Self-tracking,Goal-advancement,Block/removal,,1.0,1.0,,,,,1.0,,,,,1.0,1.0,,,,,1.0,,,1.0,1.0,,,,1.0,,1.0,1.0,,,1.0,1.0,,,1.0,1.0,1.0,1.0,,,,,,,,,Chrome Web Store,Operational
RescueTime Time Management,,https://play.google.com/store/apps/details?id=com.rescuetime.android&hl=en&gl=us,"track and visualise time spent in apps, websites, and phone calls; automatically categorised; weekly summary reports; premium version offers FocusTime distraction blocker (block websites on desktop; silence sound and notifications on mobile); get alerts when too much time is spent on distractions, or encouragement when goals are hit",Self-tracking,Block/removal,Goal-advancement,,1.0,1.0,,,,,1.0,,,,,1.0,1.0,,,,,1.0,,,1.0,,,,,1.0,,1.0,1.0,,,1.0,1.0,,1.0,1.0,,,1.0,,,,,,,1.0,,Google Play,Defunct
Reservi: Smartphone Addiction Timer Lock,,https://play.google.com/store/apps/details?id=breakingscope.reservelocktimer&hl=en&gl=us,"locks all apps on a smartphone during pre-scheduled times, only allow emergency calls",Block/removal,,,,,1.0,,,,,,,,,,,1.0,,,1.0,,,,,,,,,,,,,,,,,,,,,,,,,,,,,,,,Google Play,Defunct
Restraint,,https://chrome.google.com/webstore/detail/restraint/nghnabbcbelnoodmcbpaellgiillclbo?hl=gb,"adds button that can block the current website for X minutes - then when the site is visited, show the amount of minutes left before the site is available to visit again",Block/removal,,,,1.0,1.0,,,,,1.0,,,,,1.0,,,,,,1.0,,,,,,,,,,,,,1.0,,,,,,,,,,,,,,,,,Chrome Web Store,Operational
Rocket Readability,,https://chrome.google.com/webstore/detail/rocket-readability/fhckbdfnalikpmcmcpcpkkdlhabngbod?hl=gb,reader mode which uses readability.js to cut out content and display it distraction free,Block/removal,,,,,,,,,1.0,,,reader-mode,web,,1.0,,,,,,,,,,,,,,,,,,,,,,,,,,,,,,,,,,,,Chrome Web Store,Operational
Rooster for Chrome,,https://chrome.google.com/webstore/detail/rooster-for-chrome/pimolnhbniceppehbgmibnbgcnhpkhfh?hl=gb,"tracks and visualises time on websites; time limits can be set; if time limit is exceeded, the rooster gets angry and the user is notified of this; user receives push notifications when they start to visit websites declared as unproductive",Self-tracking,Reward/punish,Goal-advancement,,1.0,,,,,,,,,,,,,,,,,,,,,,,,,1.0,,,1.0,,,1.0,1.0,,1.0,1.0,,,,,,,1.0,,,1.0,,Chrome Web Store,Operational
Rudraum Anti-Addiction,,https://play.google.com/store/apps/details?id=com.rudraum.antiaddiction&hl=en&gl=us,locks phone for a set amount of time (only calls are let through),Block/removal,,,,,1.0,,,,,,,,,,1.0,,,,1.0,,,,,,,,,,,,,,,,,,,,,,,,,,,,,,,,Google Play,Defunct
Sax,,https://chrome.google.com/webstore/detail/sax/jicigfpbnckdaddmedkhdkahaegmnhpa?hl=gb,"limits time on blacklisted sites - when time is up, the site will be overlaid with the epic sax guy",Reward/punish,,,,1.0,,,,,,,,,,,,,,,,,,,,,,,,,,,,,,,,,,1.0,,,,,,,,,,,1.0,,Chrome Web Store,Operational
Screen Mask,,https://chrome.google.com/webstore/detail/screen-mask/mhccomhlpeimdkagphppaoefhkeopnho?hl=gb,"reader mode - put dark overlay on whole screen, except for paragraphs being tracked by the mouse or touch",Block/removal,,,,,,,,,1.0,,,reader-mode,web,,1.0,,,,,,,,,,,,,,,,,,,,,,,,,,,,,,,,,,,,Chrome Web Store,Operational
Screen-Free Timer - digital detox & focus training,,https://itunes.apple.com/gb/app/screen-free-timer-digital-detox-focus-training/id1142054145?mt=8&uo=4,"start a timer for a period you want to not use your phone, get a notification that you failed the challenge if you leave the app; collect time non-used in a scoreboard",Reward/punish,Self-tracking,,,,,,,,,,,,,,,,,,,,,,,,,,,,,1.0,1.0,,,1.0,1.0,1.0,,,,,,,,1.0,,,,,,,Apple App Store,Defunct
SE Block,,https://chrome.google.com/webstore/detail/se-block/ffpkepieaocfchmcokenleighplnifjh?hl=gb,removes the 'distracting' sidebar from Stack Overflow,Block/removal,,,,,,,,,1.0,,,feature-remover,specific website,Stack Overflow,,,,1.0,,,,,,,,,,,,,,,,,,,,,,,,,,,,,,,,,Chrome Web Store,Operational
Self Control,,https://chrome.google.com/webstore/detail/self-control/ncaaipdfhdijmfdfmeoagmogddhkfdec?hl=gb,blocks websites on blacklist - can either work in sessions or always; always-on by default; blocklist can't be changed while session is running,Block/removal,,,,1.0,1.0,,,,,1.0,,,,,1.0,,,1.0,,,1.0,,,,,,,,,,,,,,,,,,,,,,,,,,,,,,Chrome Web Store,Operational
Self-Control to Focus - Lite,,https://itunes.apple.com/gb/app/self-control-to-focus-lite/id1078145064?mt=8&uo=4,"generates random weird and complicated password, gets the user to replace their current passwords to sites they'd like to block themselves from with this, then the user sets timer to duration until the app will show the password again, so the sites again can be accessed",Block/removal,,,,,1.0,,,,,1.0,,,,,1.0,,,,,,1.0,,1.0,,,,,,,,,,,,,,,,,,,,,,,,,,,,Apple App Store,Operational
Self-Control to Focus - Pro+,Duplication,https://itunes.apple.com/gb/app/self-control-to-focus-pro/id818187215?mt=8&uo=4,,,,,,,,,,,,,,,,,,,,,,,,,,,,,,,,,,,,,,,,,,,,,,,,,,,,,Apple App Store,Defunct
SelfControl,,https://chrome.google.com/webstore/detail/selfcontrol/ibcgmdlaknnnelcciiinbfnemidclkle?hl=gb,"uses an app called 'DeskTime' to determine productivity; when user has been unproductive for a set amount of time, distracting websites are redirected to productive site of choice",Block/removal,Goal-advancement,,,1.0,1.0,,1.0,,,,,,,,,1.0,,,,,1.0,,,,,,,,,,,,,,,,,,,,,,1.0,,,,,,,,Chrome Web Store,Operational
SelfControl,,https://chrome.google.com/webstore/detail/selfcontrol/kjilegnfbmijeejnejbbnpmfclaombki?hl=gb,tracks and displays amount of time spent on websites; websites on blacklist can be blocked either during certain times or when certain amount of time has been spent on them,Self-tracking,Block/removal,,,,1.0,,1.0,,,1.0,,,,,,1.0,,1.0,,,1.0,,,,,,,,1.0,,,1.0,,,1.0,,,1.0,,,,,,,,,,,,,Chrome Web Store,Operational
SELFLOCK - Lockscreen usage,,https://play.google.com/store/apps/details?id=com.yoon.mxxxm.selflock&hl=en&gl=us,"tracks how many times the user unlocks the home screen, and shows whether that exceeded the goal they set",Self-tracking,Goal-advancement,,,,,,,,,,,,,,,,,,,,,,,,,,,,1.0,,1.0,,,,1.0,,,1.0,,,,1.0,,,,,,,,,Google Play,Defunct
SendOnly | Distraction Killer,,https://chrome.google.com/webstore/detail/sendonly-distraction-kill/ibhnbaodmnnndaomibeoedeholmdjlnd?hl=gb,"hides everything on Gmail except for the compose button, by default, so that information from the inbox doesn't distract the user",Block/removal,,,,,,,,,1.0,,,feature-remover,specific website,gmail,,,,1.0,,,,,,,,,,,,,,,,,,,,,,,,,,,,,,,,,Chrome Web Store,Operational
Shurbit,,https://chrome.google.com/webstore/detail/shurbit/jddoomamdjmdnaogklogmholdidajbpe?hl=gb,blocks distracting sites (have default list and extra ones can be added) - show DON'T WASTE YOUR TIME GO WORK message when trying to access distracting sites; record and display (when icon is clicked) how many times the user has tried to access distracting sites,Block/removal,,,,1.0,1.0,,,,,1.0,,,,,,,,1.0,,,1.0,,,,,,,,,,,,,,1.0,,,,,1.0,,,,,,,,,,,Chrome Web Store,Operational
Sidekick Mattie!,,https://itunes.apple.com/gb/app/sidekick-mattie/id1166327958?mt=8&uo=4,"blocks internet access for specified duration - pomodoro principle with X minutes internet-free, then Y minutes break",Block/removal,Self-tracking,,,,1.0,,,,,,,,,,1.0,,,,,1.0,,,,,,,,,,1.0,1.0,,,1.0,1.0,,1.0,,,,,,,,,,,,1.0,,Apple App Store,Defunct
Siempo - The Phone for Humans,,https://play.google.com/store/apps/details?id=co.siempo.phone&hl=en&gl=us,"replaces home screen with simple intention reminder; replaces app launching with minimalistic, unbranded interface; can randomly scramble the order of 'distracting' apps; batch notifications; greyscale app icons",Block/removal,Goal-advancement,,,1.0,,,,,1.0,1.0,,feature-remover,home screen,,,,,1.0,,,1.0,,,,,,,,,,,,,,,,1.0,,,1.0,,,,,,,,,1.0,,Google Play,Defunct
Sigi Smart Mobile Silencer - Free,,https://play.google.com/store/apps/details?id=com.sigismartinnovations.sigismart.FreeWithAds&hl=en&gl=us,"silences phone at specific locations, during specific hours, or when certain ppl call",Block/removal,,,,1.0,1.0,,,,,,,,,,,1.0,1.0,,,,,1.0,,,,,,,,,,,,,,,,,,,,,,,,,,,,,Google Play,Defunct
Simple Blocker,,https://chrome.google.com/webstore/detail/simple-blocker/akfbkbiialncppkngofjpglbbobjoeoe?hl=gb,block websites on blacklist for set duration of time; password has to be typed in in order to tinker with settings or turn off,Block/removal,,,,1.0,1.0,,,,,1.0,,,,,1.0,,,,,,1.0,,1.0,,,,,,,,,,,,,,,,,,,,,,,,,,,,Chrome Web Store,Operational
Simpleology Browser Add-on w/ Focus Enforcer,,https://chrome.google.com/webstore/detail/simpleology-browser-add-o/ijmcpaelfhkgelghihfjlfgldlkndcgb?hl=gb,"thought-catching tool that also has a blocking mode (whitelist or blacklist) in which pages are either blocked and redirected to your Daily Targets, or a pop-up reminds you to do your daily targets before browsing mindlessly; can also permanently display current task one is trying to complete at the top of the screen and make it flash every few minutes (customisable)",Goal-advancement,Block/removal,,,1.0,1.0,,,,,1.0,1.0,,,,,1.0,,1.0,,,1.0,,,,,,,,,,,,,,,,1.0,,1.0,,,,1.0,,,,,,,,Chrome Web Store,Operational
Simpletext,,https://itunes.apple.com/gb/app/simpletext/id1319340670?mt=8&uo=4,minimal writing app - completely bare-bones with no titles or buttons of any kind,Block/removal,,,,,,,,,1.0,,,minimal-writing,stand-alone alt app,,,,,,,,,,,,,,,,,,,,,,,,,,,,,,,,,,,,,,Apple App Store,Operational
Site Blocker,,https://itunes.apple.com/gb/app/site-blocker/id1249703032?mt=8&uo=4,"safari iOS website blocker where sessions can be initiated, scheduled, or one can be 'locked-in' to only have access to one site",Block/removal,,,,1.0,1.0,,,,,1.0,1.0,,,,1.0,1.0,,1.0,,,1.0,,,,,,,,,,,,,,,,,,,,,,,,,,,,,,Apple App Store,Defunct
SiteMon,,https://chrome.google.com/webstore/detail/sitemon/amfidcilfddegnmnpbjgbcmoaikbkbjm?hl=gb,"tracks how much time are spent on which websites, and visualises it in a pie chart",Self-tracking,,,,,,,,,,,,,,,,,,,,,,,,,,,,,1.0,,,1.0,,,1.0,1.0,,,,,,,,,,,,,,,Chrome Web Store,Operational
SleepTown,,https://itunes.apple.com/gb/app/sleeptown/id1210251567?mt=8&uo=4,"Similar mechanism to Forest, but targeted at achieving a regular sleep schedule and building a city. User sets a goal of bedtime and getting-up time; open the bedtime app before going to bed; virtual building is being constructed while not using your phone; building is being destroyed if phone is used before the set get-up time; buildings live on in a virtual city; additional rewards are collected for doing this right days in a row",Reward/punish,Self-tracking,,,,,,,,,,,,,,,,,,,,,,,,,,,,,1.0,1.0,,,1.0,1.0,1.0,,1.0,1.0,,,,,1.0,,1.0,1.0,1.0,,,Apple App Store,Operational
SlideShare Theater,,https://chrome.google.com/webstore/detail/slideshare-theater/fgaccaeaghfdbdllmkckjgefbgkblnjb?hl=gb,removes sidebar and other features from SlideShare,Block/removal,,,,,,,,,1.0,,,reader-mode,specific website,SlideShare,1.0,,,,,,,,,,,,,,,,,,,,,,,,,,,,,,,,,,,,Chrome Web Store,Operational
Sloth Worth,,https://chrome.google.com/webstore/detail/sloth-worth/oomipphdopeaobjffaagbfogfehpcfkh?hl=gb,"counts the time spent on blacklisted sites, and displays how much money could've been earned by working instead (user can set an hourly rate); also reports daily, weekly, and monthly stats",Reward/punish,Self-tracking,,,1.0,,,,,,1.0,,,,,,,,,,,,,,,,,,,1.0,,,1.0,,,1.0,,,,,,,,,,,,,,,1.0,Chrome Web Store,Operational
Smart Addiction - Smartphone addiction resolution!,Unclear functionality,https://play.google.com/store/apps/details?id=com.ssg.bang&hl=en&gl=us,,,,,,,,,,,,,,,,,,,,,,,,,,,,,,,,,,,,1.0,1.0,,,,,,,,,1.0,,,1.0,,,,Google Play,Defunct
SmartDetox - Smartphone addiction prevention,,https://play.google.com/store/apps/details?id=com.agonacat.timekeeper&hl=en&gl=us,tracks and visualises global and app usage; can lock the device (passcode needed to override); displays 'addictometer' and warnings,Self-tracking,Block/removal,,,,1.0,,,,,,,,,,,1.0,,,1.0,,,,1.0,,,,,,1.0,,1.0,1.0,,1.0,1.0,1.0,,,1.0,,,,,,,,,1.0,1.0,,Google Play,Defunct
Smartphone Junkie Alarm,,https://play.google.com/store/apps/details?id=jp.pules.smpjunkiealarm&hl=en&gl=us,tracks usage of specific apps or entire device; allows you to set time limits and then get reminders when the limit has passed,Self-tracking,Goal-advancement,,,1.0,,,,,,,,,,,,,,,,,,,,,,,,,1.0,,1.0,1.0,,,1.0,,,1.0,1.0,,,,,,,,,,,,Google Play,Defunct
Social Habit Disruption,,https://chrome.google.com/webstore/detail/social-habit-disruption/ckplbiibhpgbgmkkompjadpjhojkbail?hl=gb,"displays big 'KICK THE HABIT' with a warning sign when user goes to Facebook, Twitter, Google+, Instagram, Reddit, Tumblr and YouTube; the user can request access for X minutes, then click a 'I promise' button to proceed; pop-up appears when time has passed",Self-tracking,Goal-advancement,,,,,,,,,,,,,,,,,,,,,,,,,,,,1.0,,,1.0,,1.0,,,,1.0,1.0,1.0,,,,,,,,,,,Chrome Web Store,Operational
Social Lock,,https://play.google.com/store/apps/details?id=social.lock.com.versionone&hl=en&gl=us,blocks selected apps for specific duration of time,Block/removal,,,,1.0,1.0,,,,,1.0,,,,,1.0,,,,,,1.0,,,,,,,,,,,,,,,,,,,,1.0,,,,,,,,,,Google Play,Defunct
Social Rehab,,https://chrome.google.com/webstore/detail/social-rehab/gelhkbhhnebcfnobdipglmackakohing?hl=gb,"blocks Facebook, Twitter, and Google+",Block/removal,,,,,1.0,,,,,,,,,,,,,1.0,,,1.0,,,,,,,,,,,,,,,,,,,,,,,,,,,,,,Chrome Web Store,Operational
SPACE - Find your phone/life balance,,https://play.google.com/store/apps/details?id=mrigapps.andriod.breakfree.deux&hl=en&gl=us,"tracks and visualises global time spent; set reminders if the user is on their phone for longer than X minutes or unlocks her phone too frequently; can dim the screen when limit is hit; can set goals and track progress against them ('unlock achievements to build a galaxy as you hit your goals'), or against other users; can also mute notifications during specific hours; also 'understand what user you are' (""boredom battler, social sticky-mitt, rabbit hole wanderer or busy bee""); can also block apps",Self-tracking,Reward/punish,Goal-advancement,,1.0,1.0,,,,,,,,,,,,,,,,,1.0,,,,,,,1.0,,1.0,1.0,,,1.0,1.0,,1.0,1.0,1.0,,1.0,,1.0,,1.0,1.0,1.0,,,Google Play,Operational
Space - You Need a Breather,,https://itunes.apple.com/gb/app/space-you-need-a-breather/id1187106675?mt=8&uo=4,"app which launches before you try to launch other apps which the user categorises as distracting, asking the user to take a 'moment of space', before the target app is launched",Block/removal,,,,1.0,,1.0,,,,1.0,,,,,,,,1.0,,,1.0,,,,,,,,,,,,,,,,,,,1.0,,,,,,,,,,,Apple App Store,Defunct
Spotlight,,https://chrome.google.com/webstore/detail/spotlight/flmmjmjahddamcmiboehojljlnbhpnan?hl=gb,"draw rectangle around any part of a webpage, then get a dark overlay over everything else",Block/removal,,,,,,,,,1.0,,,reader-mode,web,,1.0,,,,,,,,,,,,,,,,,,,,,,,,,,,,,,,,,,,,Chrome Web Store,Operational
Stay Focused - App Block,,https://play.google.com/store/apps/details?id=com.stayfocused&hl=en&gl=us,"block blacklisted apps for session, after used for specific time, or during specific hours; also track and visualise global and app usage; can be set to require password to change settings, or prevent uninstallation",Block/removal,Self-tracking,,,1.0,1.0,,1.0,1.0,,1.0,,,,,1.0,1.0,,1.0,,,1.0,,1.0,,,1.0,,,1.0,,1.0,1.0,,1.0,1.0,1.0,,,1.0,,,,,,,,,,,,Google Play,Operational
Stay Focused - Every Second Counts,,https://itunes.apple.com/gb/app/stay-focused-every-second-counts/id1228857801?mt=8&uo=4,measure the time spent within this app (which signifies non-use); then compare that to others around the world,Self-tracking,Reward/punish,,,,,,,,,,,,,,,,,,,,,,,,,,,,,1.0,1.0,,,1.0,1.0,,,,,,,,,,,,,1.0,,,Apple App Store,Defunct
Stop Animations,,https://chrome.google.com/webstore/detail/stop-animations/gemmknjnneiojfjelmgappppbaneikda?hl=gb,stops animations on a website when esc is pressed,Block/removal,,,,,,,,,1.0,,,reader-mode,web,,1.0,,,,,,,,,,,,,,,,,,,,,,,,,,,,,,,,,,,,Chrome Web Store,Operational
Stop Autopilot,,https://chrome.google.com/webstore/detail/stop-autopilot/pdkppcbgjeanmmcmoeeccjnbjnmpjeee?hl=gb,track and visualise how much time are spent on various websites; display this as distracting vs. non-distracting; block or redirect sites on blacklist; get notifications when on blacklisted sites,Block/removal,Self-tracking,Goal-advancement,,1.0,1.0,,,,,1.0,,,,,,,,1.0,,,1.0,,,,,,,,1.0,,,1.0,,,1.0,1.0,,,,1.0,,,1.0,,,,,,,,Chrome Web Store,Operational
Stop Scrolling Newsfeed for Facebook,,https://chrome.google.com/webstore/detail/stop-scrolling-newsfeed-f/nhcbjhbdnlkddnapaoidpkfbjkpkpdcj?hl=gb,"Facebook feature removal: hides the newsfeed by default; asks the user if they really need to scroll it, and if so, for how long - then displays it for X minutes",Block/removal,,,,,,,,,1.0,,,feature-remover,specific website,Facebook,1.0,,,1.0,,,,,,,,,,,,,,,,,,,,1.0,,,,,,,,,,,,,Chrome Web Store,Operational
Stoppable,,https://chrome.google.com/webstore/detail/stoppable/opmhijblhlogdimeabllddogihbijbfj?hl=gb,"blocks websites on a blacklist and shows a customisable motivational message instead - to temporarily override blocking, the motivational message must be typed in verbatim",Block/removal,Goal-advancement,,,1.0,1.0,,,,,1.0,,,,,,,,1.0,,,1.0,,1.0,,,,,,,,,,,,,,,,,1.0,1.0,,,,,,,,,,Chrome Web Store,Operational
StopProcrastination,,https://chrome.google.com/webstore/detail/stopprocrastination/pkodldcldpmpacpdgneddhlnbpfebjff?hl=gb,block websites on blacklist or only allow those on a whitelist; can be scheduled,Block/removal,,,,1.0,1.0,,,,,1.0,1.0,,,,,1.0,,1.0,,,1.0,,,,,,,,,,,,,,,,,,,,,,,,,,,,,,Chrome Web Store,Operational
Strict Workflow,,https://chrome.google.com/webstore/detail/strict-workflow/cgmnfnmlficgeijcalkgnnkigkefkbhd?hl=gb,"combination of website blocker and pomodoro timer; block websites (whitelist or blacklist) for 25 mins, then let them available for 5 mins",Block/removal,Self-tracking,,,1.0,1.0,,,,,1.0,1.0,,,,1.0,,,,,,1.0,,,,1.0,,,,,,,,,1.0,,,,,,,,,,,,,,,,,Chrome Web Store,Operational
Strippr,,https://chrome.google.com/webstore/detail/strippr/imlnpekjfjpcafhofadoioodmldfklpc?hl=gb,reader mode - remove everything except for the content of the article being read,Block/removal,,,,,,,,,1.0,,,reader-mode,web,,1.0,,,,,,,,,,,,,,,,,,,,,,,,,,,,,,,,,,,,Chrome Web Store,Operational
Studdy Buddy Deluxe,,https://chrome.google.com/webstore/detail/studdy-buddy-deluxe/ekcjibchadkgnfbbgpechdfchdfdjcni?hl=gb,"start work session for specific length; during this time, tabs with 'distracting websites' (not customisable) are automatically deleted; when focus session is over, be rewarded with sound of children cheering",Block/removal,,,,,1.0,,,,,,,,,,1.0,,,,,,1.0,,,,,,,,,,,,,,,,,,,,,,,,,,,,1.0,,Chrome Web Store,Operational
Study More,,https://chrome.google.com/webstore/detail/study-more/bfiehfddiagelkccbieijhlcdigigcnc?hl=gb,"automatically close down a tab when the user tries to access websites on (uncustomisable) blacklist, e.g. Facebook",Block/removal,,,,,1.0,,,,,1.0,,,,,,,,1.0,,,1.0,,,,,,,,,,,,,,,,,,,,,,,,,,,,,,Chrome Web Store,Operational
Study Smart Free  - Application Blocker,,https://play.google.com/store/apps/details?id=com.welooksolutions.welook.studysmartfree&hl=en&gl=us,blocks distracting apps during study sessions; has a calendar that can show upcoming exams; study sessions and their blocked apps can then be tied to that exam; collect virtual money which you can lose if you stop the session before time is up,Block/removal,Reward/punish,,,1.0,1.0,,,,,1.0,,,,,1.0,,,,,,1.0,,,,,,,,,,,,,1.0,1.0,1.0,,,,,1.0,,,1.0,1.0,1.0,,,,,Google Play,Defunct
Substitute Phone,,https://play.google.com/store/apps/details?id=net.vrforce.substitutephone&hl=en&gl=us,"little app on which you can make the movements that you habitually do with your phone (swiping, etc) but where the only effect is to move animated beads around",Goal-advancement,,,,,,,,,,,,,,,,,,,,,,,,,,,,,,,,,,,,,,,,,,,1.0,,,,,,,,Google Play,Defunct
Switch Off,,https://chrome.google.com/webstore/detail/switch-off/ehjhebffiioekgcjjeaaooafhdkghgnm?hl=gb,"allow blacklisted websites to be accessed only during specific hours, and for a specific duration; also limit number of tabs than can be open at the same time",Block/removal,,,,1.0,1.0,,,,1.0,1.0,,feature-remover,new tabs,,,1.0,,,,,1.0,,,,,,,,,,,,,,,,,,,,,,,,,,,,,,Chrome Web Store,Operational
Tab Keeper,,https://chrome.google.com/webstore/detail/tab-keeper/opphlpkpklmjbglpifmecilchaknobgn?hl=gb,"if more than X tabs are open, then auto-closes tabs that have been inactive for more than Y minutes; remembers up to Z closed tabs to easily get them back; specified tabs can be exempted from being auto-closed",Block/removal,,,,1.0,,,,,1.0,,,feature-remover,new tabs,,,,,1.0,,,,,,,,,,,,,,,,,,,,,,,,,,,,,,,,,Chrome Web Store,Operational
Tab Wrangler,,https://chrome.google.com/webstore/detail/tab-wrangler/egnjhciaieeiiohknchakcodbpgjnchh?hl=gb,"if more than X tabs are open, then auto-closes tabs that have been inactive for more than Y minutes; remembers up to Z closed tabs to easily get them back; specified tabs can be exempted from being auto-closed",Block/removal,,,,1.0,,,,,1.0,,,feature-remover,new tabs,,,,,1.0,,,,,,,,,,,,,,,,,,,,,,,,,,,,,,,,,Chrome Web Store,Operational
Tabagotchi by Breather,,https://chrome.google.com/webstore/detail/tabagotchi-by-breather/ojahbhfflnbaiddhnkgeccgopmedjjen?hl=gb,"replaces new tab content with an animated 'tabagochi' which get's healthier the fewer tabs are open, and sicker the more are open; for each hour spent with less than 5 tabs open, it has a chance of evolving into a new creature",Reward/punish,,,,,,,,,,,,,,,,,,,,,,,,,,,,,,,,,,,,,,,,,,,,1.0,1.0,1.0,1.0,,,,Chrome Web Store,Operational
Tabminder,,https://chrome.google.com/webstore/detail/tabminder/haffdbbhnmojclpkpmjhpdflflienkmk?hl=gb,"let the user set time limit for distracting sites; when a blacklisted site is visited, the timer counts down; when the time is up, the user is prompted to close the tab or to restart the timer",Goal-advancement,,,,,,,,,,,,,,,,,,,,,,,,,,,,,,,,,,,,,,1.0,,1.0,,,,,,,,,,,Chrome Web Store,Operational
Take A Break,,https://chrome.google.com/webstore/detail/take-a-break/kfcgkgmiedhpoalhpmalhjjcnhpkapgl?hl=gb,adds an icon to the toolbar which flashes every 15 mins to remind the user to take a short break; a pop-up comes every hour reminding the user to take a big break,Goal-advancement,,,,,,,,,,,,,,,,,,,,,,,,,,,,,,,,,,,,,,,,1.0,,,1.0,,,,,,,,Chrome Web Store,Operational
Tell Me on a Sunday,,https://chrome.google.com/webstore/detail/tell-me-on-a-sunday/ohmiplmhnabemgmeohjjcffnkgpnhjnb?hl=gb,"Facebook feature removal: hide menu button with notifications, except on Sundays",Block/removal,,,,,,,,,1.0,,,feature-remover,specific website,Facebook,,1.0,,,,,,,,,,,,,,,,,,,,,,,,,,,,,,,,,,,Chrome Web Store,Operational
Terribly Dumb Launcher Pro -Distraction Free Phone,,https://play.google.com/store/apps/details?id=com.commongivinglabs.terriblydumblauncherpro&hl=en&gl=us,"reduces the home screen to three choices - call, text, or use a specific app of choice",Block/removal,,,,1.0,,,,,1.0,,1.0,feature-remover,home screen,,,,,1.0,,,,,,,,,,,,,,,,,,,,,,,,,,,,,,,,,Google Play,Defunct
Terribly Dumb Launcher: Distraction-free Phone,Duplication,https://play.google.com/store/apps/details?id=com.commongivinglabs.terriblydumblauncher&hl=en&gl=us,"Replaces lockscreen with a blue background, phone app, SMS app, and one app of your choice",Block/removal,,,,1.0,,,,,1.0,,1.0,feature-remover,home screen,,,,,1.0,,,,,,,,,,,,,,,,,,,,,,,,,,,,,,,,,Google Play,Defunct
The MILK App,,https://itunes.apple.com/gb/app/the-milk-app/id1340000116?mt=8&uo=4,get points for not using your phone while a timer counts down; these points can be exchanged for free stuff and discounts in the real world,Reward/punish,Self-tracking,,,,,,,,,,,,,,,,,,,,,,,,,,,,,1.0,1.0,,,1.0,,,,,,,,,,1.0,,,,,,1.0,Apple App Store,Defunct
The Perfect Day,,https://play.google.com/store/apps/details?id=com.brown.brown.v1&hl=en&gl=us,Manually track time spent on phone.,Self-tracking,,,,1.0,,,,,,,,,,,,,,,,,,,,,,,,,1.0,,1.0,,,,1.0,1.0,,,,,,,,,,,,,,,Google Play,Defunct
Theater Mode,,https://chrome.google.com/webstore/detail/theater-mode/dglhlgljkmbceajpnbkkaangdkjfkdbb?hl=gb,"theater mode' - when a video plays, gives the option to darken the rest of the screen",Block/removal,,,,,,,,,1.0,,,reader-mode,web,,1.0,,,,,,,,,,,,,,,,,,,,,,,,,,,,,,,,,,,,Chrome Web Store,Operational
Tick: Task Management,,https://itunes.apple.com/gb/app/tick-task-management/id1135988868?mt=8&uo=4,"another Forest clone: pomodoro timer where you plant trees and grow fruits, that are only completed if you don't use your phone while it's going; shows statistics of progress",Reward/punish,Self-tracking,,,,,,,,,,,,,,,,,,,,,,,,,,,,,1.0,1.0,,,1.0,1.0,1.0,,,,,,,,1.0,1.0,1.0,1.0,,,,Apple App Store,Operational
TidyTube,,https://chrome.google.com/webstore/detail/tidytube/eillffkhnelgaaladkpjeggognlimgbl?hl=gb,"YouTube feature removal - removes the recommended videos, trending videos, and sidebar",Block/removal,,,,,,,,,1.0,,,feature-remover,specific website,YouTube,,,,1.0,,,,,,,,,,,,,,,,,,,,,,,,,,,,,,,,,Chrome Web Store,Operational
Time Guard - Protect Your Time,,https://itunes.apple.com/gb/app/time-guard-protect-your-time/id1358565810?mt=8&uo=4,blocks websites on a blocklist by default; the user can request breaks for specified duration,Block/removal,,,,1.0,1.0,,,,,1.0,,,,,1.0,1.0,,,,,1.0,,,,,,,,,,,,,,,,,,,,,,,,,,,,1.0,,Apple App Store,Defunct
Time Manager,,https://chrome.google.com/webstore/detail/time-manager/kgldegecfalihgjieliddcbcjlibekac?hl=gb,tracks how much time has been spent on websites and visualises it in a pie chart,Self-tracking,,,,,,,,,,,,,,,,,,,,,,,,,,,,,1.0,,,1.0,,,1.0,1.0,,,,,,,,,,,,,,,Chrome Web Store,Operational
Time Snatch,,https://chrome.google.com/webstore/detail/time-snatch/epamlgdeklcjkldoaclgjdmjnchdgbho?hl=gb,"put websites on a blocklist, and either block them entirely or only allow them to be visited for specified amount of time per day; if they're attempted visited, the user sees either a motivational quote or are redirected to a productive site of their choice",Block/removal,Goal-advancement,,,1.0,1.0,,1.0,,,1.0,,,,,,,,1.0,,,1.0,,,,,,,,,,,,,,,,,1.0,,1.0,1.0,,1.0,,,,,,,,Chrome Web Store,Operational
Time: Defeat Distraction,,https://itunes.apple.com/gb/app/time-defeat-distraction/id1313017655?mt=8&uo=4,"countdown timer for a specific task; if app is left while the countdown is running, get notifications reminding you of the task you're trying to complete; see history of whether you managed to finish tasks before timer ran out",Goal-advancement,Self-tracking,,,,,,,,,,,,,,,,,,,,,,,,,,,,,1.0,1.0,,,1.0,1.0,1.0,1.0,,1.0,,,1.0,,,,,,,,,Apple App Store,Defunct
TimeM,Unclear functionality,https://chrome.google.com/webstore/detail/timem/pbhgmbbhlhoeinmiacknanmmclilciab?hl=gb,,,,,,,,,,,,,,,,,,,,,,,,,,,,,,,,,,,,,,,,,,,,,,,,,,,,,Chrome Web Store,Operational
Timewarp,,https://chrome.google.com/webstore/detail/timewarp/mmmhadpnjmokjbmgamifipkjddhlfkhi?hl=gb,"add sites to a blacklist, then when the user visits them, they are either shown a motivational quote, redirected to another page, or shown a persistent banner with the amount of time spent on the site",Block/removal,Goal-advancement,Self-tracking,,1.0,1.0,,,,,1.0,,,,,,,,1.0,,,1.0,,,,,,,,,,,,,1.0,,,,,,1.0,1.0,,1.0,,,,,,,,Chrome Web Store,Operational
Timewaste Timer,,https://chrome.google.com/webstore/detail/timewaste-timer/pengblgbipcdkpigibniogojheaokckd?hl=gb,"the user transfers money to a deposit account; then if Facebook is accessed for more than 1 hour in a day, $1 is paid to the developer from the account",Reward/punish,,,,,,,,,,,,,,,,,,,,,,,,,,,,,,,,,,,,,,,,,,,,,,,,,,1.0,Chrome Web Store,Operational
Todobook,,https://chrome.google.com/webstore/detail/todobook/ihbejplhkeifejcpijadinaicidddbde?hl=gb,"replace Facebook's (and a list of other social media sites) newsfeed with a todo list; when all todos have been completed, it unlocks 5 mins of newsfeed; can optionality be scheduled to only be turned on during work hours",Block/removal,Goal-advancement,,,,,,,,1.0,,,feature-remover,specific website,"Facebook, LinkedIn, YouTube, Reddit, Twitter, Product Hunt, Hacker News",,1.0,,1.0,,,,,,,,,,,,,,,,,,,1.0,,1.0,,,,1.0,,,,,,,,Chrome Web Store,Operational
Town Timer - be focused and keep track of time,,https://play.google.com/store/apps/details?id=ru.towntimer&hl=en&gl=us,"variation on Forest: set time for not using your phone, then it constructs a building during the countdown which is destroyed if leaving the app; the buildings can be used to populate a city; bigger buildings can be constructed using points earned",Reward/punish,Self-tracking,,,,,,,,,,,,,,,,,,,,,,,,,,,,1.0,1.0,,1.0,,1.0,1.0,1.0,,,,,,,,1.0,1.0,1.0,1.0,1.0,1.0,,Google Play,Defunct
Twitter Distraction Remover,,https://chrome.google.com/webstore/detail/twitter-distraction-remov/aflapchiclhldkgbbahbdionenmhkoed?hl=gb,"can hide various elements from twitter - e.g. notifications, sidebar, media",Block/removal,,,,1.0,,,,,1.0,,,feature-remover,specific website,Twitter,,,,1.0,,,,,,,,,,,,,,,,,,,,,,,,,,,,,,,,,Chrome Web Store,Operational
Twitter UnHooked,,https://chrome.google.com/webstore/detail/twitter-unhooked/imcokhibdjkdgepeadnipppignmnicnb?hl=gb,"Twitter feature removal: removes trends sidebar, who-to-follow sidebar, and changes notifications count to be 'less attention-grabbing'",Block/removal,,,,,,,,,1.0,,,feature-remover,specific website,Twitter,,,,1.0,,,,,,,,,,,,,,,,,,,,,,,,,,,,,,,,,Chrome Web Store,Operational
Twitter Wide and Clear,,https://chrome.google.com/webstore/detail/twitter-wide-and-clear/blbmlgjoglkgoejpipkbhnbggoegkkmm?hl=gb,Twitter feature removal: makes feed full-width and removes image/video/media previews,Block/removal,,,,,,,,,1.0,,,feature-remover,specific website,Twitter,,,,1.0,,,,,,,,,,,,,,,,,,,,,,,,,,,,,,,,,Chrome Web Store,Operational
twt,,https://chrome.google.com/webstore/detail/twt/ngpinhadpknncjicnjibkepchbgamaki?hl=gb,Twitter feature removal: removes ads and promotions and sidebars; also adds full-width view of content,Block/removal,,,,,,,,,1.0,,,feature-remover,specific website,Twitter,,,,1.0,,,,,,,,,,,,,,,,,,,,,,,,,,,,,,,,,Chrome Web Store,Operational
UBhind: No.1 Mobile Life Tracker/Addiction Manager,,https://play.google.com/store/apps/details?id=kr.co.rinasoft.howuse&hl=en&gl=us,tracks and visualises smartphone use; breaks usage down by category; enables user to set time limits; can send the user daily reports; can either send reminders when time limit is hit ('good cop') or lock phone (for everything except whitelisted apps) when limit is hit ('bad cop'),Self-tracking,Block/removal,Goal-advancement,,1.0,,,1.0,,,1.0,1.0,,,,,,,1.0,1.0,,1.0,,,,,,,,1.0,,1.0,1.0,,1.0,1.0,1.0,,1.0,1.0,,1.0,1.0,,,,,,,,,Google Play,Operational
UnhookMe,,https://itunes.apple.com/gb/app/unhookme/id1223317013?mt=8&uo=4,Tracks and visualises phone unlocks and usage time. Offers rewards for better scores. Features a little character to motivate the user,Self-tracking,Reward/punish,,,,,,,,,,,,,,,,,,,,,,,,,,,,1.0,,1.0,,,,1.0,1.0,,,,,,,,1.0,,,1.0,,1.0,,Apple App Store,Operational
Unplug 2-Track your phone time,,https://itunes.apple.com/gb/app/unplug-2-track-your-phone-time/id1364833269?mt=8&uo=4,track global use; set daily limits and earn symbolic trophies when reaching goals,Self-tracking,Reward/punish,,,,,,,,,,,,,,,,,,,,,,,,,,,,1.0,,1.0,,,,1.0,1.0,,1.0,,,,,,1.0,,,,,1.0,,Apple App Store,Defunct
Urgent Call Pro,,https://play.google.com/store/apps/details?id=com.mmarvick.uc_pro&hl=en&gl=us,"blocks calls and texts, except when they come from certain ppl or match certain conditions (e.g. if someone calls 3 times within 15 mins)",Block/removal,,,,,1.0,,,,,,1.0,,,,1.0,,,1.0,,,,1.0,,,,,,,,,,,,,,,,,,,,,,,,,,,,,Google Play,Defunct
Use Wisely - Say No to Phone Addiction,,https://play.google.com/store/apps/details?id=phoneaddiction.easyapps.ms.com.myapplication&hl=en&gl=us,"set limits for how much you want to use specific apps and overall phone usage, then receive reminders when the time is up; also tracks and visualises usages",Self-tracking,Goal-advancement,,,,,,,,,,,,,,,,,,,,,,,,,,,,1.0,,1.0,1.0,,,1.0,1.0,,1.0,1.0,,,,,,,,,,,,Google Play,Defunct
Warlock -- Device Disabler,,https://play.google.com/store/apps/details?id=comslevis13.github.warlock&hl=en&gl=us,"locks the entire device for specified time, only allowing emergency calls",Block/removal,,,,,1.0,,,,,,,,,,1.0,,,,1.0,,,,,,1.0,,,,,1.0,,,,1.0,,,,,,,,,,,,,,,,,Google Play,Defunct
WATCHFUL PROTECTOR,,https://chrome.google.com/webstore/detail/watchful-protector/konhmmbcghkjjlnbpmioknbjpdnhlefb?hl=gb,set time limits for how long distracting sites can be used before they are blocked; also track time spent on those sites and visualise it with line graphs; puts obstacles in the way of overriding or removing sites from the blacklist; tries to disincentivize uninstalling by warning that all usage data tracked will then be lost forever,Block/removal,Self-tracking,,,1.0,,,1.0,,,1.0,,,,,,,,1.0,,,1.0,,1.0,,1.0,1.0,,,1.0,,,1.0,,,1.0,1.0,,1.0,,,,,,,,,,,,,Chrome Web Store,Operational
Web Blocker Pro *ROOT*,,https://play.google.com/store/apps/details?id=com.mirwanda.webblockerpro&hl=en&gl=us,blocks websites on blocklist; still blocked even if app is uninstalled; password required to change settings,Block/removal,,,,1.0,1.0,,,,,1.0,,,,,,,,1.0,,,1.0,,1.0,,1.0,1.0,,,,,,,,,,,,,,,,,,,,,,,,,Google Play,Defunct
Whitelist Manager,,https://chrome.google.com/webstore/detail/whitelist-manager/pocjkchlmhkjafdpmkklknmjhokobgmh?hl=gb,block all websites not on the user's whitelist,Block/removal,,,,1.0,1.0,,,,,,1.0,,,,,,,1.0,,,1.0,,,,,,,,,,,,,,,,,,,,,,,,,,,,,,Chrome Web Store,Operational
WideArea,,https://chrome.google.com/webstore/detail/widearea/dojjkhnabblnmmfnjocaoclnblnodmki?hl=gb,"lets the user expand text input areas to be distraction-free full screen, at the click of a button",Block/removal,,,,,,,,,1.0,,,minimal-writing,web,,1.0,,,,,,,,,,,,,,,,,,,,,,,,,,,,,,,,,,,,Chrome Web Store,Operational
Work Mode,,https://chrome.google.com/webstore/detail/work-mode/jchkcjcaaoajpabnafbijhamndjfklec?hl=gb,allows the user to toggle on 'work mode' where blacklisted sites are blocked; timer displays how long the user has been in work mode,Block/removal,,,,1.0,1.0,,,,,1.0,,,,,1.0,,,,,,1.0,,,,,,,,,,,,,1.0,,,,,,,,,,,,,,,,,Chrome Web Store,Operational
Wormhole Escaper,,https://chrome.google.com/webstore/detail/wormhole-escaper/jadgefoemafhcdkbhmeadkmodmpnfcak?hl=gb,"ads icon that the user can click whenever they find themselves tempted to go down a path of distraction on the web, but manages not to - it then displays a few words of encouragement ('Wormhole avoided! Great job!'); the icon also displays the count of escaped wormholes for the day (resets to zero at 4am)",Reward/punish,Self-tracking,,,1.0,,,,,,,,,,,,,,,,,,,,,,,,,,1.0,,1.0,,,1.0,,,,,,,,,,,,,,1.0,,Chrome Web Store,Operational
Writer,,https://play.google.com/store/apps/details?id=com.jamesmc.writer&hl=en&gl=us,minimal writing app,Block/removal,,,,,,,,,1.0,,,minimal-writing,stand-alone alt app,,1.0,,,,,,,,,,,,,,,,,,,,,,,,,,,,,,,,,,,,Google Play,Defunct
Writer (Simple Offline Word Processor),,https://chrome.google.com/webstore/detail/writer-simple-offline-wor/oockgmgeioecnmfgfcoplefnpnehfojo?hl=us,"adds short cut to the app Writer, a minimalist distraction-free writing interface",Block/removal,,,,,,,,,1.0,,,minimal-writing,stand-alone alt app,,1.0,,,,,,,,,,,,,,,,,,,,,,,,,,,,,,,,,,,,Chrome Web Store,Operational
WriteTab,,https://chrome.google.com/webstore/detail/writetab/jgihkgpaeaddfkdmoglpcklnbldcmklm?hl=gb,replaces new tab content with a minimal writing tool,Block/removal,,,,,,,,,1.0,,,minimal-writing,new tabs,,,,,1.0,,,,,,,,,,,,,,,,,,,,,,,,,,,,,,,,,Chrome Web Store,Operational
Yogurt,,https://chrome.google.com/webstore/detail/yogurt/bkcllpfdmadccnllfpkeipobfhclbjnf?hl=gb,track and visualise how often tabs and tasked are switched,Self-tracking,,,,,,,,,,,,,,,,,,,,,,,,,,,,,1.0,,,1.0,,,1.0,1.0,,,,,,,,,,,,,,,Chrome Web Store,Operational
You're still here.,,https://chrome.google.com/webstore/detail/youre-still-here/opegaanfkhgceeelkbkgmeklieiahokm?hl=gb,adds occasional 'you're still here' pop-up on distracting websites,Goal-advancement,,,,,,,,,,,,,,,,,,,,,,,,,,,,,,,,,,,,,,,,1.0,,,,,,,,,,,Chrome Web Store,Operational
YourHour - phone addiction tracker and controller,,https://play.google.com/store/apps/details?id=com.mindefy.phoneaddiction.mobilepe&hl=en&gl=us,"track and visualise phone usage relative to goals set for amount of time overall, number of unlocks or time in specific apps; also see which kind of category of phone user (illustrated with little turtles that are more or less addicted to their phones) you are...",Self-tracking,Goal-advancement,,,,,,,,,,,,,,,,,,,,,,,,,,,,1.0,,1.0,1.0,,,1.0,1.0,,1.0,1.0,1.0,,1.0,,,,,,,,,Google Play,Operational
YouTube Cleaner,,https://chrome.google.com/webstore/detail/youtube-cleaner/ffgcabejbifjfcnlnbmjljfghiljehnc?hl=gb,"YouTube feature removal: removes recommended videos, comments, and disables auto-play; can be turned off by pressing the extension icon",Block/removal,,,,,,,,,1.0,,,feature-remover,specific website,YouTube,1.0,,,1.0,,,,,,,,,,,,,,,,,,,,,,,,,,,,,,,,,Chrome Web Store,Operational
Youtube Distraction Eliminator,,https://chrome.google.com/webstore/detail/youtube-distraction-elimi/gjhnaffifkmlonemaokbnccgdbgcaded?hl=gb,YouTube feature removal: hide next videos and homepage,Block/removal,,,,,,,,,1.0,,,feature-remover,specific website,YouTube,,,,1.0,,,,,,,,,,,,,,,,,,,,,,,,,,,,,,,,,Chrome Web Store,Operational
youtube distraction free,,https://chrome.google.com/webstore/detail/youtube-distraction-free/jhacjhcmekhmmbgppcnndilcndgjebjf?hl=gb,adds button which when toggle on removes recommended video links from YouTube and also displays a counter of how many minutes has allegedly been saved by doing using the extensions,Block/removal,,,,,,,,,1.0,,,feature-remover,specific website,YouTube,1.0,,,,,,,,,,,,,,,,,,,,1.0,,,,,,,,,1.0,,,,,,,Chrome Web Store,Operational
YouTube Distraction Free Mode,,https://chrome.google.com/webstore/detail/youtube-distraction-free/fndkdnncakdblphkfbbfaljjimbojppc?hl=gb,"adds button which removes everything from YouTube, except for the video being watched",Block/removal,,,,,,,,,1.0,,,feature-remover,specific website,YouTube,1.0,,,,,,,,,,,,,,,,,,,,,,,,,,,,,,,,,,,,Chrome Web Store,Operational
YouTube Distraction Remover,,https://chrome.google.com/webstore/detail/youtube-distraction-remov/neabcchaoiabjmjmnaljajpjoinhpkln?hl=gb,YouTube feature removal: hide video feed and sidebar,Block/removal,,,,,,,,,1.0,,,feature-remover,specific website,YouTube,,,,1.0,,,,,,,,,,,,,,,,,,,,,,,,,,,,,,,,,Chrome Web Store,Operational
Youtube UnHooked,,https://chrome.google.com/webstore/detail/youtube-unhooked/fkhfakakdbjcdipdgnbfngaljiecclaf?hl=gb,"YouTube feature removal: hides recommendations, related videos, and comments",Block/removal,,,,,,,,,1.0,,,feature-remover,specific website,YouTube,,,,1.0,,,,,,,,,,,,,,,,,,,,,,,,,,,,,,,,,Chrome Web Store,Operational
YouWork,,https://chrome.google.com/webstore/detail/youwork/imldehpbfplnfafinfamkneahoonapod?hl=gb,YouTube feature removal - simplifies to only search and search results,Block/removal,,,,,,,,,1.0,,,feature-remover,specific website,YouTube,,,,1.0,,,,,,,,,,,,,,,,,,,,,,,,,,,,,,,,,Chrome Web Store,Operational
Zenotes,,https://chrome.google.com/webstore/detail/zenotes/fphoofpcklpbccekhlcmhagpbddbkfdp?hl=gb,replaces new tab content with simple todo-list with distraction-free notetaking in markdown,Block/removal,Goal-advancement,,,,,,,,1.0,,,feature-remover,new tabs,,,,,,,,,,,,,,,,,,,,,,,,1.0,,1.0,,,,,,,,,,,,Chrome Web Store,Operational
ZenScreen,,https://chrome.google.com/webstore/detail/zenscreen/elbcmbkaoeajkhjbakgllieifhmgjgeh?hl=gb,"companion chrome extension for the ZenScreen iOS and Android apps; allow tracking of chrome activity and to block it from further use during scheduled hours, when activity limit has been reached, or for session of specific duation; also includes visualisation of usage statistics",Block/removal,Self-tracking,,,,1.0,,1.0,,,,,,,,1.0,1.0,,,1.0,,,,,,,,,,1.0,,,1.0,,,1.0,1.0,,,,,,,,,,,,,,,Chrome Web Store,Operational
ZenScreen - Track and limit screen time,,https://play.google.com/store/apps/details?id=io.zenlabs.zenfamily&hl=en&gl=us,track phone use; initiate or schedule block sessions or daily limits,Self-tracking,Block/removal,,,1.0,1.0,,1.0,,,1.0,,,,,1.0,1.0,,,1.0,,1.0,,,,,,,,1.0,,1.0,1.0,,,1.0,1.0,,1.0,,,,,,,,,,,,,Google Play,Defunct
ZenTab,,https://chrome.google.com/webstore/detail/zentab/hmpmhlhggkekjmgaekifnakhlpbjdama?hl=gb,only allows one tab to be open per window,Block/removal,,,,,,,,,1.0,,,feature-remover,new tabs,,,,,1.0,,,,,,,,,,,,,,,,,,,,,,,,,,,,,,,,,Chrome Web Store,Operational
